CITY_CD,TOWN_CD,SEC_SSC_CODE,SEC_CHI_NM,SSC_CHI_NM
A,01,0600,西松,一
A,01,0601,西松,二
A,01,0602,美仁,一
A,01,0603,美仁,二
A,01,0604,寶清,一
A,01,0605,寶清,二
A,01,0606,寶清,三
A,01,0607,寶清,四
A,01,0608,寶清,五
A,01,0609,延吉,一
A,01,0611,延吉,三
A,01,0613,延壽,一
A,01,0614,敦化,一
A,01,0615,敦化,二
A,01,0616,敦化,三
A,01,0620,濱江,一
A,01,0621,濱江,二
A,01,0623,濱江,四
A,01,0655,民生,
A,01,0704,西松,三
A,01,0705,敦化,四
A,01,0706,敦化,五
A,01,0711,寶清,六
A,01,0712,寶清,七
A,02,0021,龍泉,一
A,02,0022,龍泉,二
A,02,0023,龍泉,三
A,02,0200,金華,一
A,02,0201,金華,二
A,02,0202,金華,三
A,02,0203,金華,四
A,02,0207,瑞安,一
A,02,0208,瑞安,二
A,02,0209,瑞安,三
A,02,0210,瑞安,四
A,02,0211,通化,一
A,02,0212,通化,二
A,02,0213,通化,三
A,02,0214,通化,四
A,02,0215,通化,五
A,02,0216,通化,六
A,02,0217,仁愛,一
A,02,0218,仁愛,二
A,02,0219,仁愛,三
A,02,0220,仁愛,四
A,02,0221,學府,一
A,02,0222,學府,二
A,02,0223,學府,三
A,02,0224,學府,四
A,02,0225,復興,一
A,02,0226,復興,二
A,02,0227,復興,三
A,02,0228,大安,一
A,02,0229,大安,二
A,02,0230,大安,三
A,02,0235,懷生,一
A,02,0236,懷生,二
A,02,0237,懷生,三
A,02,0238,懷生,四
A,02,0239,辛亥,一
A,02,0240,辛亥,二
A,02,0241,辛亥,三
A,02,0242,辛亥,四
A,02,0243,辛亥,五
A,02,1201,仁愛,五
A,02,1202,仁愛,六
A,02,1203,辛亥,六
A,03,0001,永昌,一
A,03,0002,永昌,二
A,03,0003,永昌,三
A,03,0004,永昌,四
A,03,0005,永昌,五
A,03,0008,河堤,一
A,03,0009,河堤,二
A,03,0010,河堤,三
A,03,0011,河堤,四
A,03,0012,河堤,五
A,03,0013,河堤,六
A,03,0014,南海,一
A,03,0015,南海,二
A,03,0016,南海,三
A,03,0017,南海,四
A,03,0018,南海,五
A,03,0019,福和,一
A,03,0020,福和,二
A,03,0157,永昌,六
A,03,0158,水源,
A,03,0204,中正,一
A,03,0205,中正,二
A,03,0206,中正,三
A,03,0231,臨沂,一
A,03,0232,臨沂,二
A,03,0233,臨沂,三
A,03,0234,臨沂,四
A,03,0248,成功,一
A,03,0249,成功,二
A,03,0250,成功,三
A,03,0251,公園,一
A,03,0252,公園,二
A,03,0253,公園,三
A,03,0254,城中,一
A,03,0255,城中,二
A,03,0256,城中,三
A,05,0006,青年,一
A,05,0007,青年,二
A,05,0024,雙園,一
A,05,0025,雙園,二
A,05,0026,雙園,三
A,05,0027,莒光,一
A,05,0028,莒光,二
A,05,0029,莒光,三
A,05,0030,莒光,四
A,05,0031,華中,一
A,05,0032,華中,二
A,05,0033,華中,三
A,05,0034,華中,四
A,05,0035,華江,一
A,05,0036,華江,二
A,05,0037,華江,三
A,05,0038,萬大,一
A,05,0039,萬大,二
A,05,0040,直興,一
A,05,0041,直興,二
A,05,0042,直興,三
A,05,0043,萬華,一
A,05,0044,萬華,二
A,05,0045,漢中,一
A,05,0046,漢中,二
A,05,0047,漢中,三
A,05,0048,龍山,一
A,05,0049,龍山,二
A,05,0244,福星,一
A,05,0245,福星,二
A,05,0246,福星,三
A,05,0247,福星,四
A,09,0257,圓環,一
A,09,0258,圓環,二
A,09,0259,圓環,三
A,09,0260,市府,一
A,09,0261,市府,二
A,09,0262,市府,三
A,09,0263,延平,一
A,09,0264,延平,二
A,09,0265,延平,三
A,09,0266,玉泉,一
A,09,0267,玉泉,二
A,09,0268,迪化,一
A,09,0269,迪化,二
A,09,0270,迪化,三
A,09,0271,大龍,一
A,09,0272,大龍,二
A,09,0273,大龍,三
A,09,0274,橋北,一
A,09,0275,橋北,二
A,09,0276,橋北,三
A,09,0277,大同,一
A,09,0278,大同,二
A,09,0279,文昌,一
A,09,0280,文昌,二
A,09,0281,雙連,一
A,09,0282,雙連,二
A,09,0283,雙連,三
A,10,0400,中山,一
A,10,0401,中山,二
A,10,0402,中山,三
A,10,0403,中山,四
A,10,0405,北安,一
A,10,0406,北安,二
A,10,0407,北安,三
A,10,0408,北安,四
A,10,0409,北安,五
A,10,0410,正義,一
A,10,0411,正義,二
A,10,0412,正義,三
A,10,0413,正義,四
A,10,0414,吉林,一
A,10,0415,吉林,二
A,10,0416,吉林,三
A,10,0417,吉林,四
A,10,0418,吉林,五
A,10,0419,長安,一
A,10,0420,長安,二
A,10,0421,長安,三
A,10,0422,長安,四
A,10,0423,長春,一
A,10,0424,長春,二
A,10,0425,長春,三
A,10,0426,榮星,一
A,10,0427,榮星,二
A,10,0428,榮星,三
A,10,0429,榮星,四
A,10,0430,榮星,五
A,10,0431,榮星,六
A,10,0432,榮星,七
A,10,0433,榮星,八
A,10,0434,德惠,一
A,10,0435,德惠,二
A,10,0436,德惠,三
A,10,0437,德惠,四
A,10,0485,大直,
A,10,0513,大佳,一
A,10,0514,大佳,二
A,10,0520,金泰,
A,11,0050,景美,一
A,11,0051,景美,二
A,11,0052,景美,三
A,11,0053,景美,四
A,11,0054,景美,五
A,11,0055,萬慶,一
A,11,0056,萬慶,二
A,11,0057,萬慶,三
A,11,0058,萬隆,一
A,11,0059,萬隆,二
A,11,0060,興隆,一
A,11,0061,興隆,二
A,11,0062,興隆,三
A,11,0063,興隆,四
A,11,0064,興安,一
A,11,0065,興安,二
A,11,0066,興安,三
A,11,0067,興安,四
A,11,0069,木新,三
A,11,0070,華興,一
A,11,0071,華興,二
A,11,0072,華興,三
A,11,0073,華興,四
A,11,0074,實踐,一
A,11,0075,實踐,二
A,11,0076,實踐,三
A,11,0081,坡內坑,灰窯坑
A,11,0083,坡內坑,軍功坑
A,11,0084,坡內坑,抱子腳
A,11,0086,坡內坑,坡內坑
A,11,0087,坡內坑,新興
A,11,0088,坡內坑,小坑
A,11,0100,內湖,港墘
A,11,0101,內湖,樟腳
A,11,0106,內湖,待老坑
A,11,0108,內湖,打鐵寮
A,11,0110,內湖,下崙尾
A,11,0115,萬芳,一
A,11,0116,坡內坑,抱子腳坑
A,11,0117,公訓,一
A,11,0118,公訓,二
A,11,0119,公訓,三
A,11,0120,興泰,一
A,11,0121,興泰,二
A,11,0122,興泰,三
A,11,0123,萬芳,二
A,11,0124,萬芳,三
A,11,0125,木柵,一
A,11,0126,木柵,二
A,11,0127,木柵,三
A,11,0128,木柵,四
A,11,0129,富德,一
A,11,0130,富德,二
A,11,0131,富德,三
A,11,0132,博嘉,一
A,11,0133,博嘉,二
A,11,0134,博嘉,三
A,11,0135,老泉,一
A,11,0136,老泉,二
A,11,0137,老泉,三
A,11,0138,老泉,四
A,11,0139,指南,一
A,11,0140,指南,二
A,11,0141,指南,三
A,11,0142,指南,四
A,11,0143,頭廷,一
A,11,0144,頭廷,二
A,11,0145,頭廷,三
A,11,0146,頭廷,四
A,11,0147,草湳,一
A,11,0148,草湳,二
A,11,0149,草湳,三
A,11,0150,政大,一
A,11,0151,政大,二
A,11,0152,政大,三
A,11,0153,政大,四
A,11,0154,政大,五
A,11,0155,萬芳,四
A,11,0156,博嘉,四
A,13,0656,大豐,一
A,13,0657,大豐,二
A,13,0658,大豐,三
A,13,0659,中南,一
A,13,0660,中南,二
A,13,0661,中南,三
A,13,0662,中南,四
A,13,0663,中南,五
A,13,0664,玉成,一
A,13,0665,玉成,二
A,13,0666,玉成,三
A,13,0667,玉成,四
A,13,0668,玉成,五
A,13,0669,南港,一
A,13,0670,南港,二
A,13,0671,南港,三
A,13,0672,南港,四
A,13,0673,新光,一
A,13,0674,新光,二
A,13,0675,新光,三
A,13,0676,舊莊,一
A,13,0677,舊莊,二
A,13,0678,舊莊,三
A,13,0679,舊莊,四
A,13,0680,麗山,一
A,13,0681,麗山,二
A,13,0682,麗山,三
A,13,0683,麗山,四
A,13,0684,麗山,五
A,13,0685,橫科,橫科
A,13,0713,經貿,
A,13,0714,向陽,
A,14,0453,文德,一
A,14,0454,文德,二
A,14,0455,文德,三
A,14,0456,文德,四
A,14,0457,西湖,一
A,14,0458,西湖,二
A,14,0459,西湖,三
A,14,0460,康寧,一
A,14,0461,康寧,二
A,14,0462,康寧,三
A,14,0463,康寧,四
A,14,0464,碧湖,一
A,14,0465,碧湖,二
A,14,0466,碧湖,三
A,14,0467,碧湖,四
A,14,0468,碧湖,五
A,14,0469,潭美,一
A,14,0470,潭美,二
A,14,0471,潭美,三
A,14,0472,潭美,四
A,14,0473,東湖,一
A,14,0474,東湖,二
A,14,0475,東湖,三
A,14,0479,新里族,灣子
A,14,0480,新里族,十四分
A,14,0486,東湖,四
A,14,0490,大湖,一
A,14,0491,大湖,二
A,14,0492,大湖,三
A,14,0493,大湖,四
A,14,0494,東湖,五
A,14,0495,東湖,六
A,14,0496,東湖,七
A,14,0497,康寧,五
A,14,0498,新里族,羊稠
A,14,0499,新里族,洲尾
A,14,0507,碧山,一
A,14,0508,碧山,二
A,14,0509,碧山,三
A,14,0510,石潭,一
A,14,0511,石潭,二
A,14,0512,石潭,三
A,14,0515,社后,社后下
A,14,0516,東湖,八
A,14,0517,文德,五
A,14,0518,西湖,四
A,14,0519,石潭,四
A,14,0521,舊宗,
A,14,0522,安康,
A,14,0523,潭美,五
A,14,0524,石潭,五
A,15,0800,天母,一
A,15,0801,天母,二
A,15,0802,天母,三
A,15,0803,天母,四
A,15,0804,蘭雅,一
A,15,0805,蘭雅,二
A,15,0806,蘭雅,三
A,15,0807,百齡,一
A,15,0808,百齡,二
A,15,0809,百齡,三
A,15,0810,百齡,四
A,15,0811,百齡,五
A,15,0812,光華,一
A,15,0813,光華,二
A,15,0814,光華,三
A,15,0815,光華,四
A,15,0816,陽明,一
A,15,0817,陽明,二
A,15,0818,陽明,三
A,15,0819,陽明,四
A,15,0820,福林,一
A,15,0821,福林,二
A,15,0822,福林,三
A,15,0823,三玉,一
A,15,0824,三玉,二
A,15,0825,三玉,三
A,15,0826,三玉,四
A,15,0827,三玉,五
A,15,0828,芝山,一
A,15,0829,芝山,二
A,15,0830,芝山,三
A,15,0831,福順,一
A,15,0832,福順,二
A,15,0833,福順,三
A,15,0834,永新,一
A,15,0835,永新,二
A,15,0836,永新,三
A,15,0837,永新,四
A,15,0838,海光,一
A,15,0839,海光,二
A,15,0840,海光,三
A,15,0841,中洲,
A,15,0842,溪洲,一
A,15,0843,溪洲,二
A,15,0844,溪洲,三
A,15,0845,富安,一
A,15,0846,富安,二
A,15,0847,富安,三
A,15,0848,永平,一
A,15,0849,永平,二
A,15,0850,永平,三
A,15,0851,永平,四
A,15,0852,天山,一
A,15,0853,天山,二
A,15,0854,雙溪,重劃一
A,15,0855,雙溪,外雙溪
A,15,0857,永福,拔子埔
A,15,0858,永福,莊子頂
A,15,0860,公館地,燒焿寮
A,15,0861,公館地,新安
A,15,0862,公館地,尾崙
A,15,0866,菁礐,大庄
A,15,0870,草山,礦溪內
A,15,0871,草山,山豬湖
A,15,0873,草山,山仔後
A,15,0943,光華,五
A,15,0944,至善,一
A,15,0945,至善,二
A,15,0946,至善,三
A,15,0947,至善,四
A,15,0948,至善,五
A,15,0949,至善,六
A,15,0950,翠山,一
A,15,0951,翠山,二
A,15,0953,力行,一
A,15,0954,力行,二
A,15,0955,力行,三
A,15,0956,芝蘭,一
A,15,0957,芝蘭,二
A,15,0958,芝蘭,三
A,15,0959,芝蘭,四
A,15,0960,華岡,一
A,15,0961,華岡,二
A,15,0962,華岡,三
A,15,0963,華岡,四
A,15,0964,平等,一
A,15,0965,平等,二
A,15,0966,平等,三
A,15,0967,天玉,一
A,15,0968,天玉,二
A,15,0969,天玉,三
A,15,0970,菁山,一
A,15,0971,菁山,二
A,15,0972,溪山,一
A,15,0973,溪山,二
A,15,0974,溪山,三
A,15,0996,至善,七
A,15,0997,華岡,五
A,15,0998,新安,一
A,15,0999,新安,五
A,15,1002,百齡,六
A,15,1003,新安,二
A,15,1004,新安,三
A,15,1005,新安,四
A,15,1007,福德洋,舊街
A,15,1010,社子,葫蘆堵
A,15,1013,新安,六
A,16,0883,振興,一
A,16,0884,振興,二
A,16,0885,振興,三
A,16,0886,振興,四
A,16,0887,文林,一
A,16,0888,文林,二
A,16,0889,文林,三
A,16,0890,文林,四
A,16,0891,文林,五
A,16,0892,立農,一
A,16,0893,立農,二
A,16,0894,立農,三
A,16,0895,立農,四
A,16,0896,立農,五
A,16,0897,新民,一
A,16,0898,新民,二
A,16,0899,新民,三
A,16,0900,新民,四
A,16,0901,開明,一
A,16,0902,開明,二
A,16,0903,開明,三
A,16,0904,大業,一
A,16,0905,大業,二
A,16,0906,大業,三
A,16,0907,大業,四
A,16,0908,溫泉,一
A,16,0909,溫泉,二
A,16,0910,溫泉,三
A,16,0911,溫泉,四
A,16,0912,奇岩,一
A,16,0913,奇岩,二
A,16,0914,奇岩,三
A,16,0915,奇岩,四
A,16,0916,奇岩,五
A,16,0917,竹子湖,
A,16,0918,頂北投,山腳
A,16,0919,頂北投,十八分
A,16,0920,頂北投,紗帽山
A,16,0921,北投,
A,16,0922,唭哩岸,
A,16,0923,嗄嘮別,嗄嘮別
A,16,0926,桃源,一
A,16,0927,桃源,二
A,16,0928,桃源,三
A,16,0929,秀山,一
A,16,0930,秀山,二
A,16,0931,秀山,三
A,16,0932,關渡,一
A,16,0933,關渡,二
A,16,0934,關渡,三
A,16,0935,八仙,一
A,16,0936,八仙,二
A,16,0937,豐年,一
A,16,0938,豐年,二
A,16,0939,豐年,三
A,16,0940,豐年,四
A,16,0941,洲美,一
A,16,0942,洲美,二
A,16,0952,大業,五
A,16,0975,行義,一
A,16,0976,行義,二
A,16,0977,行義,三
A,16,0978,行義,四
A,16,0979,崇仰,一
A,16,0980,崇仰,二
A,16,0981,崇仰,三
A,16,0982,崇仰,四
A,16,0983,泉源,一
A,16,0984,泉源,二
A,16,0985,泉源,三
A,16,0986,泉源,四
A,16,0987,大屯,一
A,16,0988,大屯,二
A,16,0989,大屯,三
A,16,0990,大屯,四
A,16,0991,湖山,一
A,16,0992,湖山,二
A,16,0993,湖山,三
A,16,0994,湖田,一
A,16,0995,湖田,二
A,16,1000,桃源,四
A,16,1001,桃源,五
A,16,1012,奇岩,六
A,17,0617,逸仙,一
A,17,0618,逸仙,二
A,17,0619,逸仙,三
A,17,0624,三興,一
A,17,0625,三興,二
A,17,0626,三興,三
A,17,0627,永春,一
A,17,0628,永春,二
A,17,0629,永春,三
A,17,0630,永吉,一
A,17,0631,永吉,二
A,17,0632,永吉,三
A,17,0633,永吉,四
A,17,0634,虎林,一
A,17,0636,虎林,三
A,17,0637,虎林,四
A,17,0638,吳興,一
A,17,0639,吳興,二
A,17,0640,吳興,三
A,17,0641,信義,一
A,17,0642,信義,二
A,17,0643,祥和,一
A,17,0644,祥和,二
A,17,0645,祥和,三
A,17,0646,祥和,四
A,17,0647,雅祥,一
A,17,0648,雅祥,二
A,17,0649,雅祥,三
A,17,0650,雅祥,四
A,17,0651,福德,一
A,17,0652,福德,二
A,17,0653,福德,三
A,17,0654,福德,四
A,17,0687,信義,三
A,17,0688,信義,四
A,17,0689,信義,五
A,17,0703,虎林,五
A,17,0707,犂和,一
A,17,0708,犂和,二
A,17,0709,犂和,三
A,17,0710,犂和,四
A,16,1014,三合,
A,16,1015,新洲美,
A,16,1016,軟橋,
B,01,0007,自由,一
B,01,0008,自由,二
B,01,0009,自由,三
B,01,0010,自由,四
B,01,0011,自由,五
B,01,0012,自由,六
B,01,0013,自由,七
B,01,0026,建國,一
B,01,0027,建國,二
B,01,0028,建國,三
B,01,0029,建國,四
B,01,0030,建國,五
B,01,0014,綠川,一
B,01,0015,綠川,二
B,01,0016,綠川,三
B,01,0017,綠川,四
B,01,0018,綠川,五
B,01,0019,綠川,六
B,01,0001,繼光,一
B,01,0002,繼光,二
B,01,0003,繼光,三
B,01,0004,繼光,四
B,01,0005,繼光,五
B,01,0006,繼光,六
B,01,0020,重慶,一
B,01,0021,重慶,二
B,01,0022,重慶,三
B,01,0023,重慶,四
B,01,0024,重慶,五
B,01,0025,重慶,六
B,01,0038,平等,一
B,01,0039,平等,二
B,01,0040,平等,三
B,01,0041,平等,四
B,01,0042,平等,五
B,01,0043,平等,六
B,01,0044,中墩,一
B,01,0045,中墩,二
B,01,0046,中墩,三
B,01,0047,中墩,四
B,01,0048,中墩,五
B,01,0049,中墩,六
B,01,0050,中墩,七
B,01,0051,柳川,一
B,01,0052,柳川,二
B,01,0053,柳川,三
B,01,0054,柳川,四
B,01,0055,柳川,五
B,01,0056,柳川,六
B,01,0057,柳川,七
B,01,0031,仁愛,一
B,01,0032,仁愛,二
B,01,0033,仁愛,三
B,01,0034,仁愛,四
B,01,0035,仁愛,五
B,01,0036,仁愛,六
B,01,0037,仁愛,七
B,01,0058,中華,一
B,01,0059,中華,二
B,01,0060,中華,三
B,01,0061,中華,四
B,01,0062,中華,五
B,01,0063,中華,六
B,01,0064,中華,七
B,02,0308,東勢子,
B,02,0322,旱溪,
B,02,0329,頂橋子頭,
B,02,0323,花園,一
B,02,0324,花園,二
B,02,0325,花園,三
B,02,0326,花園,四
B,02,0327,花園,五
B,02,0328,花園,六
B,02,0309,忠孝,一
B,02,0310,忠孝,二
B,02,0311,忠孝,三
B,02,0312,忠孝,四
B,02,0313,忠孝,五
B,02,0314,忠孝,六
B,02,0316,立德,一
B,02,0317,立德,二
B,02,0318,立德,三
B,02,0319,立德,四
B,02,0320,立德,五
B,02,0321,立德,六
B,02,0315,樂業,
B,02,0302,復興,一
B,02,0303,復興,二
B,02,0304,復興,三
B,02,0305,復興,四
B,02,0306,復興,五
B,02,0307,復興,六
B,02,0300,尚武,
B,02,0301,練武,
B,02,0332,旱新,
B,02,0330,旱清,
B,02,0331,旱平,
B,02,0333,振興,
B,04,0701,東昇,一
B,04,0702,東昇,二
B,04,0703,東昇,三
B,04,0704,東昇,四
B,04,0705,東昇,五
B,04,0706,東昇,六
B,04,0707,東昇,七
B,04,0708,東昇,八
B,04,0709,東昇,九
B,04,0710,平和,
B,04,0711,光明,一
B,04,0712,光明,二
B,04,0713,光明,三
B,04,0714,光明,四
B,04,0715,光明,五
B,04,0716,光明,六
B,04,0717,光明,七
B,04,0723,平民,一
B,04,0724,平民,二
B,04,0725,平民,三
B,04,0726,平民,四
B,04,0727,平民,五
B,04,0728,平民,六
B,04,0729,平民,七
B,04,0730,平民,八
B,04,0731,平民,九
B,04,0732,利民,一
B,04,0733,利民,二
B,04,0734,利民,三
B,04,0735,利民,四
B,04,0736,利民,五
B,04,0737,利民,六
B,04,0738,利民,七
B,04,0760,土庫,
B,04,0759,公館,
B,04,0755,後壠子,
B,04,0700,麻園頭,
B,04,0748,三民,一
B,04,0749,三民,二
B,04,0750,三民,三
B,04,0751,三民,四
B,04,0752,三民,五
B,04,0753,三民,六
B,04,0754,三民,七
B,04,0739,中民,一
B,04,0740,中民,二
B,04,0741,中民,三
B,04,0742,中民,四
B,04,0743,中民,五
B,04,0744,中民,六
B,04,0745,中民,七
B,04,0746,中民,八
B,04,0747,中民,九
B,04,0718,民生,一
B,04,0719,民生,二
B,04,0720,民生,三
B,04,0721,民生,四
B,04,0722,民生,五
B,04,0756,福壽,一
B,04,0757,福壽,二
B,04,0758,福壽,三
B,04,0761,大益,
B,03,0528,樹子腳,
B,03,0532,信義,一
B,03,0533,信義,二
B,03,0534,信義,三
B,03,0535,信義,四
B,03,0536,信義,五
B,03,0537,信義,六
B,03,0538,信義,七
B,03,0539,信義,八
B,03,0540,信義,九
B,03,0510,正義,一
B,03,0511,正義,二
B,03,0512,正義,三
B,03,0513,正義,四
B,03,0514,正義,五
B,03,0515,正義,六
B,03,0516,正義,七
B,03,0517,正義,八
B,03,0518,正義,九
B,03,0501,萬安,一
B,03,0502,萬安,二
B,03,0503,萬安,三
B,03,0504,萬安,四
B,03,0505,萬安,五
B,03,0506,萬安,六
B,03,0507,萬安,七
B,03,0508,萬安,八
B,03,0509,萬安,九
B,03,0519,城隍,一
B,03,0520,城隍,二
B,03,0521,城隍,三
B,03,0522,城隍,四
B,03,0523,城隍,五
B,03,0524,城隍,六
B,03,0525,城隍,七
B,03,0526,城隍,八
B,03,0527,城隍,九
B,03,0531,頂橋子頭,
B,03,0500,半平厝,
B,03,0529,番婆,
B,03,0530,下橋子頭,
B,05,1002,錦村,
B,05,1004,賴厝廍,
B,05,1005,邱厝子,
B,05,1000,文正,
B,05,1001,水源,
B,05,1003,乾溝子,
B,05,1008,中興,
B,05,1007,中德,
B,05,1006,中清,
B,05,1009,東義,
B,06,1600,西屯,
B,06,1612,何厝,
B,06,1611,惠來厝,
B,06,1606,上石碑,
B,06,1605,下石碑,
B,06,1614,中和,
B,06,1616,中正,
B,06,1617,中仁,
B,06,1615,中義,
B,06,1618,協和,
B,06,1613,福安,
B,06,1619,大明,
B,06,1620,大墩,
B,06,1626,國安,
B,06,1624,信安,
B,06,1622,永安,
B,06,1625,民安,
B,06,1623,順安,
B,06,1621,何安,
B,06,1628,順和,
B,06,1627,安和,
B,06,1634,廣順,
B,06,1635,廣昌,
B,06,1636,廣福,
B,06,1638,廣安,
B,06,1637,廣明,
B,06,1641,協安,
B,06,1640,協仁,
B,06,1639,協成,
B,06,1631,惠安,
B,06,1633,惠順,
B,06,1630,惠民,
B,06,1629,惠國,
B,06,1632,惠泰,
B,06,1642,東林,
B,06,1643,安林,
B,06,1644,永林,
B,06,1645,福林,
B,06,1646,龍門,
B,07,2000,南屯,
B,07,2010,三塊厝,
B,07,2008,溝子乾,
B,07,2012,山子腳,
B,07,2007,知高,
B,07,2011,田心,
B,07,2013,黎明,
B,07,2005,豐安,
B,07,2001,埔興,
B,07,2006,豐樂,
B,07,2004,楓興,
B,07,2002,楓樹,
B,07,2003,文山,
B,07,2018,永定,
B,07,2015,新生,
B,07,2016,鎮南,
B,07,2017,鎮安,
B,07,2020,大新,
B,07,2019,大進,
B,07,2021,寶山,
B,07,2022,保安,
B,07,2023,春社,
B,07,2024,春安,
B,07,2025,豐功,
B,07,2026,豐富,
B,07,2027,豐業,
B,07,2030,惠禮,
B,07,2028,惠仁,
B,07,2032,惠信,
B,07,2029,惠義,
B,07,2031,惠智,
B,07,2034,台安,
B,07,2033,寶文,
B,08,1100,北屯,
B,08,1101,水湳,
B,08,1102,陳平,
B,06,1604,林厝,
B,06,1602,水堀頭,
B,08,1106,大坑,
B,08,1108,同榮,
B,08,1110,仁美,
B,08,1109,仁和,
B,08,1111,仁德,
B,08,1116,東峰,
B,08,1121,東新,
B,08,1119,東正,
B,08,1120,東山,
B,08,1122,東信,
B,08,1117,東光,
B,08,1118,平田,
B,08,1113,松茂,
B,08,1112,松觀,
B,08,1114,松竹,
B,08,1115,松昌,
B,08,1123,建安,
B,08,1125,建和,
B,08,1124,建功,
B,08,1126,建業,
B,08,1128,青雲,
B,08,1129,青田,
B,08,1127,青萍,
B,08,1131,長安,
B,08,1130,長生,
B,08,1132,長春,
B,08,1133,大觀,
B,08,1134,大興,
B,08,1135,大仁,
B,08,1136,崇德,
B,08,1137,昌平,
B,08,1138,軍和,
B,08,1139,軍福,
B,08,1140,倡和,
B,08,1141,景美,
B,08,1142,景東,
B,08,1143,大學,
B,08,1144,大滿,
B,08,1145,大湖,
B,08,1146,大榮,
B,08,1147,大昌,
B,08,1148,大盛,
B,08,1149,大華,
B,08,1150,大富,
B,08,1151,大貴,
B,08,1152,大豐,
B,06,1608,八張犁,
B,08,1154,太原,
B,08,1155,太和,
B,08,1156,太順,
B,08,1163,大政,
B,08,1153,太祥,
B,06,1610,下七張犁,
B,06,1609,港尾,
B,06,1603,上牛埔子,
B,06,1607,馬龍潭,
B,06,1601,潮洋,
B,07,2014,同安厝,
B,07,2009,番社腳,
B,08,1107,廍子,
B,08,1103,水景頭,
B,08,1104,舊社,
B,08,1105,軍功寮,
B,06,1647,福星,
B,06,1648,福德,
B,06,1649,上石碑,湳子
B,06,1650,福順,
B,06,1651,福和,
B,06,1652,龍富,
B,07,2035,麻糍埔,
B,07,2036,下楓樹腳,
B,07,2037,下牛埔子,
B,07,2038,鎮平,
B,07,2039,水碓,
B,07,2040,新庄子,
B,07,2041,劉厝,
B,07,2042,永定厝,
B,07,2043,永春,
B,07,2044,永新,
B,07,2045,三富,
B,07,2046,永富,
B,07,2047,新富,
B,08,1164,和平,
B,08,1165,景福,
B,08,1157,四張犁,
B,08,1158,后庄子,
B,08,1159,水汴頭,
B,08,1160,上七張犁,
B,10,5434,仙師,
B,10,5435,東安,
B,10,5436,復興,
B,10,5437,延平,
B,10,5438,民誠,
B,10,5439,興隆,
B,10,5440,下新,
B,10,5441,東新,
B,10,5442,中山,
B,10,5443,吊神山,
B,11,3602,山脚,頂山脚
B,11,3605,社尾,社尾
B,11,3607,橫圳,
B,11,3612,頂店,
B,11,3613,九張犁,九張犁
B,11,3615,日南,
B,11,3616,五里牌,
B,11,3617,日南社,
B,11,3618,頂後厝子,
B,11,3619,銅安厝,
B,11,3620,新庄子,
B,11,3621,雙寮,
B,11,3622,西勢,
B,11,3623,船頭埔,
B,11,3624,甲嘉,
B,11,3625,甲惠,
B,11,3626,甲農,
B,11,3627,甲民,
B,11,3628,甲全,
B,11,3629,幼獅,
B,11,3630,朝陽,
B,11,3631,孔門,
B,11,3632,順天,
B,11,3633,平安,
B,11,3634,薰風,
B,11,3635,光明,
B,11,3636,新美,
B,11,3637,岷山,
B,11,3638,文武,
B,11,3639,雁門,
B,11,3640,和平,
B,11,3641,武曲,
B,11,3642,中山,
B,11,3643,幸福,
B,11,3644,南社,
B,11,3645,太白,
B,11,3646,日新,
B,11,3647,黎明,
B,11,3648,孟春,
B,11,3649,臨江,
B,11,3650,九張,
B,11,3651,新興,
B,11,3652,義水,
B,11,3653,義和,
B,11,3654,武陵,
B,11,3655,文曲,
B,11,3656,文安,
B,11,3657,福順,
B,11,3658,福德,
B,11,3659,福安,
B,11,3660,劍井,
B,11,3661,永信,
B,11,3662,金華,
B,11,3663,致用,
B,11,3664,文化,
B,11,3665,德化,
B,11,3666,賢仁,
B,11,3667,奉化,
B,11,3668,奉仁,
B,11,3671,順帆,
B,11,3671,渭水,
B,12,4600,清水,清水
B,12,4601,清水,西勢
B,12,4602,銀聯,
B,12,4603,槺榔,
B,12,4604,大突寮,大突寮
B,12,4605,大突寮,十塊寮
B,12,4606,秀水,秀水
B,12,4607,海濱,
B,12,4608,海濱,臨港
B,12,4609,高美,
B,12,4610,武秀,
B,12,4611,三塊厝,三塊厝
B,12,4612,三塊厝,菁埔
B,12,4613,三塊厝,頂湳子
B,12,4614,社口,社口
B,12,4615,四塊厝,
B,12,4616,田寮,田寮
B,12,4617,田寮,橋頭
B,12,4618,田寮,下湳子
B,12,4619,楊厝寮,楊厝寮
B,12,4620,楊厝寮,海風
B,12,4621,三田,
B,12,4622,裕嘉,
B,12,4623,吳厝,吳厝
B,12,4624,吳厝,橋頭寮
B,12,4625,中興,
B,12,4626,西寧,
B,12,4627,光華,
B,12,4628,紫雲,
B,12,4629,新興,
B,12,4630,鰲峰,
B,12,4631,海風,
B,12,4632,楊厝,
B,12,4633,吳厝北,
B,08,1161,二分埔,
B,08,1162,三分埔,
B,09,2400,豐原,
B,09,2401,大湳,
B,09,2402,下南坑,
B,09,2403,上南坑,
B,09,2404,圳寮,
B,09,2405,翁子,
B,09,2406,鐮子坑口,
B,09,2407,社皮,
B,09,2408,朴子口,
B,09,2409,烏牛欄,烏牛欄
B,09,2410,烏牛欄,田心子
B,09,2411,車路墘,車路墘
B,09,2412,車路墘,溝子墘
B,09,2413,北陽,
B,09,2414,向陽,
B,09,2415,中陽,
B,09,2416,陽明,
B,09,2417,博愛,
B,09,2418,東陽,
B,09,2419,豐東,
B,09,2420,綠山,
B,09,2421,南陽,
B,09,2422,安康,
B,09,2423,南村,
B,09,2424,慈興,
B,09,2425,東湳,
B,09,2426,大順,
B,09,2427,大仁,
B,09,2428,豐中,
B,09,2429,龍宮,
B,09,2430,西湳,
B,09,2431,豐洲,
B,09,2432,豐南,
B,09,2433,柑宅,
B,09,2434,豐田,
B,09,2435,鎮宮,
B,09,2436,福德,
B,09,2437,市政,
B,09,2438,育仁,
B,09,2439,合作,
B,09,2440,成功,
B,09,2441,水源,
B,09,2442,豐村,
B,09,2443,永豐,
B,09,2444,翁明,
B,09,2445,三豐,
B,09,2446,下街,
B,09,2447,豐圳,
B,09,2448,建成,
B,09,2449,一心,
B,09,2450,五汴,
B,09,2451,豐社,
B,09,2452,豐年,
B,09,2453,萬年,
B,09,2454,福興,
B,09,2455,順豐,
B,09,2456,萬順,
B,09,2457,師範,
B,09,2458,聯合,
B,09,2459,葫蘆墩,
B,09,2460,豐陽,
B,09,2461,南田,
B,09,2462,新水源,
B,09,2463,南嵩,
B,09,2464,新東陽,
B,09,2465,新綠山,
B,09,2466,復興,
B,09,2467,朝陽,
B,09,2468,鐮村,
B,09,2469,鳳山,
B,09,2470,豐新,
B,09,2471,三陽,
B,09,2472,三和,
B,09,2473,福陽,
B,10,5400,東勢,東勢
B,10,5401,東勢,上新
B,10,5402,東勢,下新
B,10,5403,東勢,石角
B,10,5404,東勢,中嵙
B,10,5405,校栗埔,上校栗埔
B,10,5406,校栗埔,下校栗埔
B,10,5407,石圍墻,石圍墻
B,10,5408,石圍墻,埤頭山
B,10,5409,石壁坑,
B,10,5410,新伯公,新伯公
B,10,5411,新伯公,上城
B,10,5412,新伯公,下城
B,10,5413,新伯公,番社
B,10,5414,大茅埔,
B,10,5415,互助,
B,10,5416,合作,
B,10,5417,新盛,
B,10,5418,興林,
B,10,5419,詒福,
B,10,5420,詒新,
B,10,5421,保民,
B,10,5422,慶安,
B,10,5423,羊崎,
B,10,5424,和興,
B,10,5425,新成,
B,10,5426,高簡,
B,10,5427,福興,
B,10,5428,新互助,
B,10,5429,新合作,
B,10,5430,泰昌,
B,10,5431,文昌,
B,10,5432,六合,
B,10,5433,義渡,
B,12,4634,吳厝南,
B,12,4635,市鎮北,
B,12,4636,甲南,
B,12,4637,頂湳,
B,12,4638,菁埔北,
B,12,4639,菁埔南,
B,12,4640,臨海,
B,12,4641,朝天,
B,12,4642,高美東,
B,12,4643,高美南,
B,13,4900,沙鹿,沙鹿
B,13,4901,沙鹿,斗抵
B,13,4902,沙鹿,潭子墘
B,13,4903,鹿寮,
B,13,4904,北勢坑,北勢坑
B,13,4905,北勢坑,六路厝
B,13,4906,六埔,
B,13,4907,竹林,竹林
B,13,4908,竹林,犁份
B,13,4909,公館,
B,13,4910,南勢坑,南勢坑
B,13,4911,南勢坑,埔子
B,13,4912,西勢寮,
B,13,4913,西勢,
B,13,4914,中清,
B,13,4915,明德,
B,13,4916,公館北,
B,13,4917,公館南,
B,14,5200,梧棲,
B,14,5202,民生,
B,14,5203,忠孝,
B,14,5204,南簡,
B,14,5205,大庄,大庄
B,14,5206,大庄,火燒橋
B,14,5207,仁愛,
B,14,5208,信義,
B,14,5209,和平,
B,14,5210,三民,
B,14,5211,民族,
B,14,5212,民權,
B,14,5213,鴨母寮,鴨母寮
B,14,5214,永安,
B,14,5215,港口,
B,14,5216,頂寮,
B,14,5217,下寮,
B,14,5218,西建,
B,14,5219,東建,
B,14,5220,安仁,
B,14,5221,文化,
B,14,5222,港加,
B,14,5223,市鎮南,
B,16,3300,神岡,
B,16,3301,山皮,
B,16,3302,北庄,
B,16,3303,圳堵,
B,16,3304,新庄子,
B,16,3305,社口,
B,16,3306,大社,
B,16,3307,三角子,
B,16,3308,社南,
B,16,3309,建國,
B,16,3310,下溪洲,后寮
B,16,3311,下溪洲,後壁厝
B,16,3312,望寮,
B,16,3313,圳前,
B,16,3314,福隆,
B,16,3315,厚生,
B,16,3316,林厝,
B,16,3317,神圳,
B,16,3318,順濟,
B,16,3319,神林,
B,16,3320,神洲,
B,16,3321,大富,
B,16,3322,岸裡,
B,16,3323,大社東,
B,16,3324,大洲,
B,16,3325,前寮,
B,16,3326,神工,
B,16,3327,十五庄,
B,16,3328,豐洲北,
B,15,3000,后里,
B,15,3001,后里,后里
B,15,3002,牛稠坑,七星
B,15,3003,屯子腳,
B,15,3004,中和,
B,15,3005,舊社,
B,15,3006,圳寮,
B,15,3007,四塊厝,
B,15,3008,月眉,
B,15,3009,月眉,月眉
B,15,3010,牛稠坑,
B,15,3011,七塊厝,
B,15,3012,中社,
B,15,3013,公館,
B,15,3014,新店,
B,15,3015,里城,
B,15,3016,金城,
B,15,3017,義里,
B,15,3018,后義,
B,15,3019,泉州,
B,15,3020,后豐,
B,15,3021,后興,
B,15,3022,廣興,
B,15,3023,文明,
B,15,3024,文德,
B,15,3025,公安,
B,15,3026,墩北,
B,15,3027,民富,
B,15,3028,文化,
B,15,3029,平安,
B,15,3030,墩南,
B,18,7000,大雅,
B,18,7001,埔子墘,
B,18,7002,上橫山,
B,18,7003,下橫山,
B,18,7004,上員林,
B,18,7005,下員林,
B,18,7006,四塊厝,
B,18,7007,六張犁,
B,18,7008,十三寮,
B,18,7009,花眉,
B,18,7010,西員寶,
B,18,7011,橫山,
B,18,7012,馬岡,
B,18,7013,上楓,
B,18,7014,三和,
B,18,7015,四德,
B,18,7016,自立,
B,18,7017,自強,
B,18,7018,民生,
B,18,7019,大榮,
B,18,7020,學雅,
B,18,7021,大明,
B,18,7022,永興,
B,18,7023,中山,
B,18,7024,雅潭,
B,18,7025,四維,
B,18,7026,科雅,
B,17,6700,潭子,
B,17,6701,甘蔗崙,
B,17,6702,校栗林,
B,17,6703,東員寶,
B,17,6704,瓦？子,
B,17,6705,茄荎角,
B,17,6706,頭家厝,
B,17,6707,大埔厝,大埔厝
B,17,6708,大埔厝,牛埔子
B,17,6709,聚興,
B,17,6710,聚興,新興
B,17,6711,潭北,
B,17,6712,潭秀,
B,17,6713,潭陽,
B,17,6714,石牌,
B,17,6715,潭興,
B,17,6716,復興,
B,17,6717,聖宮,
B,17,6718,大新,
B,17,6719,甘潭,
B,17,6720,栗林,
B,17,6721,祥和,
B,17,6722,安和,
B,17,6723,潭富,
B,17,6724,工區,
B,17,6725,興華,
B,17,6726,僑忠,
B,17,6727,華泰,
B,17,6728,嘉仁,
B,17,6729,嘉豐,
B,17,6730,東寶一,
B,17,6731,東寶二,
B,17,6732,東寶三,
B,17,6733,東寶五,
B,17,6734,東寶六,
B,17,6735,東寶七,
B,17,6736,家興,
B,17,6737,頭張,
B,17,6738,中興,
B,17,6739,頭家,
B,17,6740,家福,
B,17,6741,中山,
B,19,5700,新社,新社
B,19,5704,七分,七分
B,19,5705,七分,十分
B,19,5706,七分,水井子
B,19,5707,大南,大南
B,19,5708,大南,番社嶺
B,19,5709,水底寮,上水底寮
B,19,5710,水底寮,下水底寮
B,19,5711,鳥銃頭,
B,19,5712,馬力埔,
B,19,5713,永居湖,
B,19,5714,二櫃,
B,19,5715,三友部,
B,19,5716,食水嵙,
B,19,5717,中正,
B,19,5718,糖？,
B,19,5719,新安,
B,19,5720,國校,
B,19,5721,新農,
B,19,5722,新中,
B,19,5723,復盛,
B,19,5724,月湖,
B,19,5725,龍安,
B,19,5726,崑山,
B,20,5900,石岡,石岡
B,20,5901,石岡,金星面
B,20,5902,石岡,九房厝
B,20,5903,仙塘坪,
B,20,5904,社寮角,社寮角
B,20,5905,社寮角,梅子樹脚
B,20,5906,土牛,土牛
B,20,5907,土牛,南眉
B,20,5908,土牛,崁子下
B,20,5909,岡尾,
B,20,5910,萬安,
B,20,5911,長庚,
B,20,5912,金星,
B,20,5913,廣興,
B,20,5914,萬興,
B,20,5915,梅子,
B,20,5916,國校,
B,20,5917,德興,
B,20,5918,新岡尾,
B,20,5919,新萬安,
B,20,5920,新長庚,
B,20,5921,新金星,
B,20,5922,新廣興,
B,20,5923,新萬興,
B,20,5924,新梅子,
B,20,5925,新國校,
B,20,5926,新德興,
B,20,5927,崁子下,
B,20,5928,南眉,
B,20,5929,八寶圳,
B,21,4000,六分,
B,21,4001,鐵砧山脚,
B,21,4002,磁,
B,21,4003,大甲東,
B,21,4004,內水尾,
B,21,4005,馬鳴埔,
B,21,4006,土城,
B,21,4007,子,
B,21,4008,永豐,
B,21,4009,新六分,
B,21,4010,永吉,
B,21,4011,新磁,
B,21,4012,大同,
B,21,4013,二崁,
B,21,4014,三崁,
B,21,4015,上土城,
B,21,4016,下土城,
B,21,4017,水美,
B,21,4018,甲東,
B,21,4019,東泰,
B,21,4020,新城,
B,22,4300,頂大安,
B,22,4301,下大安,
B,22,4302,三十甲,
B,22,4303,北汕,
B,22,4304,海墘厝,海墘厝
B,22,4305,海墘厝,大安港
B,22,4306,海墘厝,溫寮
B,22,4307,田心子,
B,22,4308,龜匳,
B,22,4309,溪洲,
B,22,4310,牛埔,
B,22,4311,三塊厝,
B,22,4312,中庄,
B,22,4313,南庄,
B,22,4314,南埔,
B,22,4315,東勢尾,
B,22,4316,福興,
B,22,4317,松子,
B,22,4320,安實,
B,22,4321,安行,
B,22,4322,安農,
B,22,4323,安地,
B,22,4324,安重,
B,22,4325,安劃,
B,22,4326,松雅,
B,22,4327,福東,
B,22,4328,南勢厝,
B,22,4329,東安,
B,22,4330,安中,
B,22,4331,頂庄,
B,22,4332,中海,
B,22,4333,南安,
B,22,4334,新南埔,
B,23,7300,烏日,
B,23,7301,九張犁,
B,23,7302,頭前厝,
B,23,7303,學田,
B,23,7304,,頂
B,23,7305,,下
B,23,7306,五張犁,
B,23,7307,重建,
B,23,7308,阿密哩,
B,23,7309,蘆竹湳,
B,23,7310,溪心壩,
B,23,7311,喀哩,
B,23,7312,同安厝,
B,23,7313,溪南東,
B,23,7314,溪南西,
B,23,7315,螺潭,
B,23,7316,北里,
B,23,7317,九如,
B,23,7318,九德,
B,23,7319,中華,
B,23,7320,自立,
B,23,7321,仁德,
B,23,7322,信義,
B,23,7323,興祥,
B,23,7324,三民,
B,23,7325,自治,
B,23,7326,光日,
B,23,7327,湖日,
B,23,7328,山頂,
B,23,7329,成功嶺,
B,23,7330,便行,
B,23,7331,中山,
B,23,7332,高鐵,
B,23,7333,站南,
B,23,7334,三和,
B,23,7335,榮和,
B,23,7336,榮泉,
B,23,7337,長壽,
B,23,7338,新高鐵,
B,23,7339,新站南,
B,23,7340,新三和,
B,23,7341,新榮和,
B,23,7342,新榮泉,
B,23,7343,新長壽,
B,24,9100,大肚,
B,24,9101,追分,
B,24,9102,井子頭,井子頭
B,24,9103,井子頭,蔗
B,24,9104,溪洲,
B,24,9105,王田,
B,24,9106,社腳,社腳
B,24,9107,社腳,山子頂
B,24,9108,汴子頭,山子腳
B,24,9109,文昌,
B,24,9110,台紙,
B,24,9111,山陽,
B,24,9112,榮華,
B,24,9113,頂街,
B,24,9114,福利,
B,24,9115,自治,
B,24,9116,大東,
B,24,9117,仁德,
B,24,9118,萬陵,
B,24,9119,中蔗,
B,24,9120,自強,
B,24,9121,慶順,
B,24,9122,遊園,
B,24,9123,瑞井,
B,25,9300,龍井,竹坑
B,25,9302,新庄子,新庄子
B,25,9303,新庄子,南寮
B,25,9304,山腳,
B,25,9305,福麗,
B,25,9306,龍津,
B,25,9307,龍目井,龍目井
B,25,9308,龍目井,水師寮
B,25,9309,龍目井,水裡社
B,25,9310,三德,
B,25,9311,忠和,
B,25,9312,竹泉,
B,25,9313,茄投,
B,25,9314,龍田,
B,25,9315,中山,
B,25,9316,田水,
B,25,9317,東園,
B,25,9318,遊園南,
B,25,9319,永順,
B,25,9320,新庄,
B,25,9321,新興,
B,25,9322,新東,
B,25,9323,東海,
B,25,9324,遊園北,
B,25,9325,南寮,
B,25,9326,藝術,
B,25,9327,遠東,
B,26,7709,天時,
B,26,7710,地利,
B,26,7711,人和,
B,26,7712,峰東,
B,26,7713,峰西,
B,26,7714,峰南,
B,26,7715,峰北,
B,26,7700,霧峰,霧峰
B,26,7701,霧峰,北溝
B,26,7702,霧峰,坑口
B,26,7703,柳樹湳,
B,26,7704,丁台,丁台
B,26,7705,丁台,南勢
B,26,7706,吳厝,
B,26,7707,萬斗六,
B,26,7708,萬斗六,六股
B,26,7716,北勢,
B,26,7717,北柳,
B,26,7718,峰谷,
B,26,7719,萬豐,
B,26,7720,豐正,
B,26,7721,文化,
B,26,7722,吉峰,
B,26,7723,錦州,
B,26,7724,中正,
B,26,7725,育德,
B,26,7726,新生,
B,26,7727,舊正西,
B,26,7728,南勢東,
B,26,7729,南勢西,
B,26,7730,丁台一,
B,26,7731,丁台二,
B,26,7732,丁台三,
B,26,7733,新六股,
B,26,7734,農試所,
B,26,7735,舊正東,
B,26,7736,桐林,
B,26,7737,霧工,
B,26,7738,南柳,
B,26,7739,北柳南,
B,26,7740,新厝,
B,27,8506,宜欣,
B,27,8507,欣欣,
B,27,8508,瑞欣,
B,27,8509,平欣,
B,27,8500,太平,
B,27,8501,三汴,
B,27,8502,番子路,
B,27,8503,頭汴坑,
B,27,8504,車籠埔,車籠埔
B,27,8505,車籠埔,黃竹坑
B,27,8510,忠平,
B,27,8511,孝平,
B,27,8512,仁平,
B,27,8513,愛平,
B,27,8514,信平,
B,27,8515,義平,
B,27,8516,和平,
B,27,8517,福平,
B,27,8518,壽平,
B,27,8519,中邑,
B,27,8520,光隆,
B,27,8521,永成,
B,27,8522,福星,
B,27,8523,長億,
B,27,8524,福德,
B,27,8525,永新,
B,27,8526,合利,
B,27,8527,永豐,
B,27,8528,福利,
B,27,8529,光華,
B,27,8530,麗園,
B,27,8531,長安,
B,27,8532,萬福,
B,27,8533,光明,
B,27,8534,坪林,
B,27,8535,洪厝,
B,27,8536,吉祥,
B,27,8537,中華,
B,27,8538,勤益,
B,27,8539,大源,
B,27,8540,中山,
B,27,8541,內湖,
B,27,8542,茶寮,
B,27,8543,福隆,
B,27,8544,頂坪,
B,27,8545,興隆,
B,27,8546,光興,
B,27,8547,廣隆,
B,27,8548,七星,
B,27,8549,永隆,
B,27,8550,新德隆,
B,27,8551,溪洲,
B,27,8552,東興,
B,27,8553,東平,
B,27,8554,東和,
B,27,8555,新坪,
B,27,8556,樹孝,
B,27,8557,新高,
B,27,8558,石苓湖,
B,27,8559,德興,
B,27,8560,豐中,
B,27,8561,育賢,
B,27,8562,新興,
B,27,8563,塔湖,
B,27,8564,皇帝筍坑,
B,27,8565,振興,
B,27,8566,新福,
B,28,8000,大里,
B,28,8001,內新,
B,28,8002,涼傘樹,
B,28,8003,大突寮,
B,28,8004,詹厝園,
B,28,8005,草湖,
B,28,8006,塗城,
B,28,8007,中興,
B,28,8008,番子寮,
B,28,8009,番子寮,健仁
B,28,8010,新仁,
B,28,8011,新義,
B,28,8012,長春,
B,28,8013,東湖,
B,28,8014,南湖,
B,28,8015,成功,
B,28,8016,金城,
B,28,8017,仁化,
B,28,8018,武德,
B,28,8019,東城,
B,28,8020,向學,
B,28,8021,瑞城,
B,28,8022,北新,
B,28,8023,東榮,
B,28,8024,東興,
B,28,8025,鳳凰,
B,28,8026,立仁,
B,28,8027,公教,
B,28,8028,日新,
B,28,8029,大忠,
B,28,8030,大孝,
B,28,8031,大仁,
B,28,8032,大義,
B,28,8033,喬城,
B,28,8034,吉隆,
B,28,8035,崇光,
B,28,8036,西榮,
B,28,8037,合信,
B,28,8038,華城,
B,28,8039,立新,
B,28,8040,福大,
B,28,8041,新光,
B,28,8042,益民,
B,28,8043,大元,
B,28,8044,國中,
B,28,8045,健民,
B,28,8046,光正,
B,28,8047,練武,
B,28,8048,美群,
B,28,8049,仁城,
B,28,8050,仁美,
B,28,8051,振坤,
B,28,8052,新甲,
B,28,8053,德芳,
B,28,8054,福興,
B,28,8055,大衛,
B,28,8056,樹王,
B,28,8057,萬安,
B,28,8058,大峰,
B,28,8059,西湖北,
B,28,8060,西湖南,
B,28,8061,舊街,
B,28,8062,福德,
B,29,6100,南勢,
B,29,6101,博愛,
B,29,6102,谷關,
B,29,6103,達見,
B,29,6104,青山,
B,29,6105,佳陽,
B,29,6106,梨山,
B,29,6107,松茂,
B,29,6108,環山,
B,29,6109,志良,
B,29,6110,勝光,
B,29,6111,七家灣,
B,29,6112,思源,
B,29,6113,武陵,
B,29,6114,福壽山,
B,29,6115,雙崎,
B,29,6116,白毛,
B,29,6117,達觀,
B,29,6118,雪山,
B,29,6119,埋伏坪社,
B,29,6120,黑田,
B,29,6121,七卡,
B,29,6122,桃山,
B,29,6123,松嶺,
B,29,6124,松盧,
B,29,6125,龍谷,
B,29,6126,小雪山,
B,29,6127,鞍馬山,
B,29,6128,新山,
B,29,6129,佳保,
B,29,6130,自由,
B,29,6131,後山寮,
B,29,6132,苗圃,
B,29,6133,阿冷,
B,29,6134,光明,
B,29,6135,劍山,
B,29,6136,釜碗,
B,29,6137,壩新,
B,29,6138,三錐,
B,29,6139,大雪山,
B,29,6140,裡冷,
B,29,6141,沙蓮溪,
B,29,6142,天輪,
B,29,6143,東卯,
B,29,6144,鞍馬溪,
B,29,6145,火石,
B,29,6146,唐呂,
B,29,6147,十文溪,
B,29,6148,西川,
B,29,6149,天池,
B,29,6150,七棟寮,
B,29,6151,百川,
B,29,6152,出雲山,
B,29,6153,達盤,
B,29,6154,大木,
B,29,6155,仁壽,
B,29,6156,興隆,
B,29,6157,四季,
B,29,6158,池有,
B,29,6159,羅葉尾,
B,29,6160,有勝,
B,29,6161,南湖,
B,29,6162,中央,
B,29,6163,羅閑,
B,29,6164,無明,
B,29,6165,捫山,
B,29,6166,育苗,
B,29,6167,崑崙,
B,29,6168,中坑,
B,29,6169,橫流溪,
B,29,6170,東卯溪,
B,29,6171,稍來,
B,29,6172,白鹿,
B,29,6173,裡冷溪,
B,29,6174,八仙山,
B,29,6175,雪山坑,
B,29,6176,摩天嶺,
B,29,6177,烏石坑,
B,29,6178,觀音溪,
B,29,6179,合歡溪,
B,29,6180,白毛山,
B,29,6181,長興,
B,17,6742,摘星,
B,17,6743,大豐,
B,09,2474,東湳北,
B,09,2475,西湳北,
B,09,2476,北天,
B,12,4644,高美中,
B,12,4645,高南,
B,12,4646,高北,
B,12,4647,高西,
B,09,2477,中興,
B,08,1166,鑫新平,
B,06,1653,鑫港尾,
B,06,1654,鑫大鵬,
B,12,4648,金皇,
B,17,6744,大富,
B,26,7744,五福北,
B,26,7745,五福南,
B,26,7746,大圳頭,
B,26,7741,五福,
B,26,7742,新埔,
B,26,7743,四德,
B,12,4649,下湳,
B,12,4650,朝興,
B,12,4651,朝后,
B,12,4652,東山,
B,17,6745,弘富,
B,21,4022,上鐵山,
B,21,4021,大東,
B,21,4023,下鐵山,
B,15,3031,新公館,
B,27,8567,新光,
B,27,8568,振福,
B,17,6746,大德,
B,23,7344,溪尾北,
B,23,7345,溪尾南,
B,27,8569,樹德,
B,21,4024,蕃社,
B,21,4025,頂竹圍,
B,13,4918,洛泉,
B,13,4919,晉江北,
B,13,4920,英才,
B,13,4921,東英,
B,19,5727,神木,
B,15,3032,舊圳,
B,11,3672,西岐,
B,27,8570,永億,
B,12,4653,公正,
B,08,1167,南興,
B,08,1168,竹興,
B,13,4922,居仁,
B,13,4923,美仁,
B,13,4924,大同,
B,27,8571,振文,
B,27,8572,大興,
B,08,1169,創研,
B,06,1655,生態,
B,06,1656,經貿,
B,06,1657,逢大,
B,06,1658,文商,
B,07,2048,建功,
B,28,8063,夏田東,
B,28,8064,夏田西,
B,21,4026,馬鳴,
B,21,4027,風坑,
B,02,0334,泉源,
B,17,6747,牛埔,
B,16,3329,豐工,
B,13,4925,福至,
B,13,4926,福興,
B,13,4927,東晉,
B,13,4928,福成,
B,10,5444,東崎,
B,09,2478,博安,
B,17,6748,帝君,
B,19,5728,新大南,
B,16,3330,石橋,
B,27,8573,聖和,
B,19,5729,新水井,
B,13,4931,南勢東,
B,13,4932,慶安,
B,13,4933,南勢,
B,23,7346,五張犁東,
B,23,7347,五張犁西,
B,18,7027,花眉庄,
B,16,3331,大明,
B,08,1170,文北,
B,08,1171,溝背,
B,08,1172,碧柳,
B,27,8574,中天,
B,13,4934,鹿峰東,
B,13,4935,鹿峰西,
B,13,4936,鹿寮東,
B,13,4937,沙工,
B,13,4938,沙工北,
B,18,7028,西員寶北,
B,23,7348,溪壩,
B,23,7349,新喀哩,
B,23,7350,新北里,
B,16,3332,大豐,
B,16,3333,國豐,
B,27,8575,新頭汴,
B,27,8576,學億,
B,18,7029,六寶,
B,18,7030,六雅,
B,17,6749,豐興,
B,27,8577,長福,
B,13,4939,文光,
B,13,4940,太平,
B,13,4941,保寧,
B,13,4942,平等,
B,13,4943,六路,
B,13,4944,新竹林,
B,13,4945,紅竹,
B,13,4946,竹林東,
B,10,5445,東豐,
B,27,8578,中南,
B,27,8579,福億,
B,16,3334,三角東,
B,16,3335,三角西,
B,16,3336,光啟,
B,16,3337,李洲,
B,11,3669,新銅安厝,
B,21,4028,上廍子,
B,21,4029,下廍子,
B,21,4030,虎尾寮,
B,13,4929,護安,
B,13,4930,成衣,
B,13,4947,福壽,
B,14,5201,中港,
B,18,7031,員寶,
B,23,7351,高學田,
B,23,7353,頭前厝南,
B,24,9124,福安,
B,24,9125,福山,
B,21,4031,水美南,
B,03,0755,後子,
B,18,7032,清雅,
B,19,5730,新南,
B,19,5731,永興,
B,19,5732,協中,
B,26,7747,萊園,
B,26,7748,新坑口,
B,26,7749,復興,
B,24,9126,福吉,
B,24,9127,福和,
B,16,3338,溪洲,
B,16,3339,竹圍,
B,18,7033,忠雅,
B,27,8580,內城,
B,13,4948,興安,
B,13,4949,福田,
B,13,4950,新犁份,
B,13,4951,犁份東,
B,13,4952,大學,
B,13,4953,晉江東,
B,13,4954,六福,
B,21,4032,水美西,
B,08,1173,榮德,
B,08,1174,洲際,
B,08,1175,環中,
B,08,1176,敦和,
B,08,1177,仁平,
B,08,1178,美和,
B,06,1659,環廣,
B,23,7352,頭前厝北,
B,23,7354,新蘆竹湳,
B,26,7750,尖後,
B,18,7034,寶雅,
B,18,7035,秀雅,
B,16,3340,朝清,
B,16,3341,福庄,
B,16,3342,仁愛,
B,16,3343,光復,
B,07,2049,鎮福,
B,13,4955,興安西,
B,24,9128,福和北,
B,24,9129,福德,
B,13,4956,保成,
B,13,4957,自強,
B,13,4958,三鹿,
B,13,4959,國昌,
B,15,3033,中和東,
B,15,3034,中和西,
B,15,3035,舊社新,
B,15,3036,十三張,
B,15,3037,四德,
B,18,7036,秀山,
B,18,7037,清泉,
B,27,8581,黃竹,
B,23,7355,新同安厝,
B,17,6750,僑興,
B,21,4033,水美北,
B,16,3344,新和,
B,16,3345,新興,
B,16,3346,新圳,
B,16,3347,圳北,
B,16,3348,六張,
B,16,3349,溝心,
B,05,1010,天祥,
B,08,1179,江興,
B,08,1180,景中,
B,08,1181,景順,
B,08,1182,景南,
B,13,4960,正英,
B,13,4961,正義,
B,13,4962,明秀,
B,13,4963,榜文,
B,14,5224,興農,
B,17,6751,興龍,
B,15,3038,四塊庄,
B,15,3039,四月,
B,15,3040,口庄,
B,15,3038,四塊庄,
B,15,3039,四月,
B,15,3040,口庄,
B,23,7356,環河,
B,28,8065,東勢尾,
B,27,8582,竹村,
B,24,9130,南王田,
B,24,9131,王福,
B,13,4964,興仁,
B,21,4034,水美東,
B,13,4965,新站,
B,14,5225,三條圳,
B,07,2050,楓溪,
B,07,2051,樂田,
B,07,2052,昌明,
B,03,0541,大慶,
B,07,2053,永益,
B,07,2054,永豐,
B,17,6752,田興,
B,15,3041,后寶,
B,15,3042,后樟,
B,15,3043,后安,
B,15,3044,后科,
B,12,4654,星海,
B,12,4655,西社,
B,12,4656,鎮新,
B,12,4657,橋頭,
B,12,4658,五權,
B,17,6755,新田,
B,17,6753,新潭,
B,17,6754,寶興,
B,28,8066,市政,
B,26,7751,新北溝,
B,26,7752,新峰東,
B,27,8583,淨德,
B,23,7357,前農,
B,23,7358,前竹,
B,23,7359,前興,
B,23,7360,中紡,
B,15,3047,中科北,
B,15,3048,中科南,
B,25,9328,龍山,
B,25,9329,鷺山,
B,25,9330,中社,
B,25,9331,龍新,
B,25,9332,龍社,
B,12,4659,三順,
B,12,4660,清甲,
B,15,3049,新中社,
B,15,3050,泰安,
B,15,3051,金社庄,
B,15,3052,枋寮,
B,15,3053,后森,
B,15,3054,牛稠新,
B,15,3055,七星,
B,25,9333,木本,
B,25,9334,龍崗,
B,25,9335,龍泉,
B,25,9336,竹師,
C,07,0113,東信,三
C,07,0114,東信,四
C,07,0115,福祿,
C,02,0045,瑪陵坑,西勢內寮
C,07,0116,田寮,
C,07,0117,東明,
C,02,0046,瑪陵坑,西勢仙洞湖
C,07,0120,深澳坑,深澳坑口
C,02,0047,瑪陵坑,西勢面桶寮
C,02,0039,五堵,五堵北
C,02,0048,六堵,
C,02,0050,友蚋,港口
C,07,0118,深澳坑,深澳坑
C,07,0121,光明,
C,02,0051,友蚋,七分寮
C,02,0052,友蚋,十四坑
C,07,0122,大水窟,
C,02,0053,友蚋,赤皮湖
C,07,0301,深美,
C,07,0302,培德,
C,07,0303,深澳,
C,02,0054,友蚋,興化坑
C,07,0304,基瑞,
C,02,0055,友蚋,鹿寮
C,02,0056,友蚋,樟空湖
C,02,0125,工建,
C,02,0135,溪頭,
C,02,0136,長安,
C,02,0137,台五線,
C,03,0058,暖暖,東勢坑
C,03,0059,暖暖,西勢坑
C,03,0060,暖暖,過港
C,03,0061,暖暖,外西勢
C,03,0062,暖暖,暖暖
C,03,0065,八堵,八堵南
C,03,0063,碇內,碇內
C,03,0064,碇內,溪西股
C,03,0067,源遠,
C,03,0066,八德,
C,03,0068,過港,
C,03,0138,金華,
C,04,0069,海濱,一
C,04,0070,海濱,二
C,04,0071,海濱,三
C,04,0072,新店,一
C,04,0073,新店,二
C,04,0074,新店,三
C,04,0075,新店,四
C,04,0076,復興,一
C,04,0077,復興,二
C,04,0078,復興,三
C,04,0079,中央,一
C,04,0080,中央,二
C,01,0001,日新,一
C,04,0082,中央,四
C,04,0083,中興,一
C,04,0084,中興,二
C,04,0085,中興,三
C,04,0081,中央,三
C,01,0300,調和,
C,07,0119,深澳坑,槓子寮
C,01,0127,棉花嶼,
C,02,0029,七堵,連柑宅
C,06,0102,保定,
C,06,0105,大武崙,外寮
C,02,0028,七堵,七堵
C,06,0106,大武崙,內寮
C,06,0101,觀音,
C,06,0134,麥金,
C,07,0108,中正,一
C,02,0040,五堵,五堵南
C,02,0042,瑪陵坑,東勢上股
C,02,0043,瑪陵坑,東勢中股
C,07,0112,東信,二
C,02,0044,瑪陵坑,東勢下股
C,02,0033,鶯歌石,石厝坑
C,06,0128,代天府,
C,06,0129,新崙,
C,02,0035,草濫,拔西猴
C,02,0036,草濫,後旦旦
C,06,0132,武嶺,
C,02,0037,草濫,小坑
C,02,0124,大華,
C,01,0022,八斗子,牛稠嶺
C,01,0023,八斗子,砂子園
C,06,0034,港口,
C,04,0088,南新,
C,04,0091,延年,
C,04,0090,成功,
C,06,0103,西定,
C,01,0003,日新,三
C,04,0086,延平,
C,01,0002,日新,二
C,04,0087,南榮,
C,01,0004,日新,四
C,01,0005,日新,五
C,04,0089,德厚,
C,01,0006,日新,六
C,01,0007,日新,七
C,01,0008,忠義,一
C,01,0009,忠義,二
C,05,0092,中山,
C,05,0093,太平,
C,01,0010,忠義,三
C,05,0094,大德,
C,01,0011,忠義,四
C,01,0012,忠義,五
C,05,0096,中和,
C,01,0013,忠義,六
C,05,0097,內木山,
C,01,0014,港灣,一
C,05,0098,外木山,
C,01,0015,港灣,二
C,05,0099,仙洞,
C,01,0016,港灣,三
C,01,0017,港灣,四
C,05,0095,仁德,
C,01,0018,中濱,
C,05,0104,榮華,
C,01,0025,正隆,
C,05,0139,協和,
C,05,0140,德安,
C,05,0141,德育,
C,01,0019,祥豐,
C,01,0020,港濱,
C,01,0021,和平,
C,01,0024,長潭,
C,01,0126,基隆嶼,
C,01,0026,彭佳嶼,
C,06,0030,鶯歌石,石皮瀨
C,02,0123,明德,
C,06,0031,鶯歌石,新山
C,02,0027,八堵,八堵北
C,06,0032,鶯歌石,鶯歌石
C,06,0057,安國,
C,06,0100,大竿林,
C,06,0107,大武崙,武崙
C,06,0133,新城,
C,06,0130,情人湖,
C,06,0131,新會,
C,02,0038,草濫,草濫
C,02,0041,五堵,下坡
C,07,0109,中正,二
C,07,0110,中正,三
C,07,0111,東信,一
C,02,0142,舊站,
C,06,0143,新武,
C,06,0144,武訓,
C,06,0145,代天府一,
C,05,0146,新仙洞,
C,05,0147,新中山,
C,03,0148,新暖碇,
C,03,0149,新溪西股,
C,07,0305,六和,
C,04,0306,英仁,
C,06,0150,代天府二,
C,04,0400,站前,
C,01,0150,東岸,
C,01,0152,東海,
C,05,0500,港西,
C,06,0600,港口橋,
C,06,0601,湖海,
C,02,0200,自強,
C,02,0201,新八堵,
C,02,0202,長興,
D,01,1508,德高,
D,01,1509,仁和,
D,01,1501,竹篙厝,
D,01,1512,精忠,
D,01,1511,光明,
D,01,1514,東光,
D,01,1510,新東,
D,01,1513,東寧,
D,01,1502,虎尾寮,
D,01,1517,光華,
D,01,1518,育樂,
D,01,1516,東安,
D,01,1515,龍山,
D,06,1269,溪南,
D,02,1803,鹽埕,
D,06,1268,南興,
D,06,1267,公塭,
D,02,1808,新興,
D,02,1809,喜東,
D,02,1810,喜北,
D,02,1812,中和,
D,02,1813,南山,
D,02,1811,省躬,
D,02,1851,大林,
D,02,1852,大忠,
D,02,1853,大恩,
D,02,1857,永寧,
D,02,1855,建南,
D,02,1856,南鞍,
D,02,1859,舉喜,
D,02,1860,同安,
D,02,1854,新都,
D,02,1858,興農,
D,02,1861,龍崗,
D,02,1862,華南,
D,02,1863,南豐,
D,02,1864,明興,
D,02,1802,公英,
D,02,1801,桶盤淺,
D,04,0067,仁愛,
D,04,0068,華興,
D,04,0069,東興,
D,04,0071,富台,
D,04,0066,東豐,
D,04,0070,開元,
D,04,0072,延平,
D,06,1266,佃西,
D,04,0081,公園,
D,04,0064,正興,
D,04,0061,北華,
D,04,0063,立人,
D,04,0062,自強,
D,04,0135,北安,
D,04,0136,小北,
D,04,0138,文元,
D,04,0137,裕民,
D,04,0139,大興,
D,04,0141,大港,
D,04,0140,大豐,
D,04,0146,光賢,
D,06,1207,溪心寮,
D,06,1205,青草崙,
D,06,1204,安順,
D,06,1201,和順寮,
D,06,1200,公親寮,
D,06,1206,土城子,
D,06,1203,媽祖宮,
D,06,1208,海尾寮,
D,06,1202,學甲寮,
D,06,1212,總安,
D,06,1214,怡安,
D,06,1213,新順,
D,06,1211,州南,
D,06,1209,外塭,
D,06,1210,州北,
D,06,1215,長和,
D,06,1216,福國,
D,06,1217,安和,
D,06,1221,安東,
D,06,1219,頂安,
D,06,1218,安慶,
D,06,1220,安西,
D,06,1222,溪頂,
D,06,1223,安中,
D,06,1224,草湖,
D,06,1225,海東,
D,06,1226,理想,
D,06,1227,溪墘,
D,06,1228,溪東,
D,06,1229,海北,
D,06,1230,海中,
D,06,1231,海前,
D,06,1232,朝皇,
D,06,1233,淵中,
D,06,1234,海西,
D,06,1235,天馬,
D,06,1241,新淵,
D,06,1236,和農,
D,06,1237,東和,
D,06,1238,和工,
D,06,1239,和業,
D,06,1240,和成,
D,07,0122,安平,
D,07,0123,上鯤鯓,
D,07,0132,新南,
D,07,0131,金華,
D,07,0133,金城,
D,07,0134,海興,
D,07,0147,石門,
D,07,0148,妙壽,
D,07,0150,漁港,
D,07,0149,古堡,
D,07,0165,海口,
D,07,0166,漁光,
D,06,1247,農場,
D,06,1242,本淵,
D,06,1243,淵東,
D,06,1244,淵西,
D,06,1245,淵南,
D,06,1246,淵北,
D,06,1248,鹽田,
D,06,1249,四草,
D,06,1250,海南,
D,06,1251,城中,
D,06,1252,鎮安,
D,06,1253,布袋,
D,06,1254,長安,
D,06,1255,總頭,
D,06,1256,原佃,
D,06,1257,長溪,
D,06,1258,怡北,
D,06,1259,怡中,
D,06,1260,安北,
D,06,1262,十字,
D,06,1261,溪心,
D,06,1263,原西,
D,06,1264,佃南,
D,06,1265,佃東,
D,01,1551,裕東,
D,06,1270,學東,
D,06,1271,學中,
D,06,1272,學南,
D,04,0167,北元,
D,06,1273,公學,
D,06,1274,公親,
D,06,1275,安吉,
D,06,1276,神榕,
D,06,1277,佃北,
D,06,1278,北興,
D,06,1279,學北,
D,06,1280,國聖,
D,06,1281,城東,
D,06,1282,砂崙,
D,06,1283,聖母,
D,06,1284,科工,
D,06,1285,海佃,
D,06,1286,幸福,
D,06,1287,國安,
D,06,1288,顯宮,
D,06,1289,媽宮,
D,06,1290,青草,
D,06,1291,港西,
D,06,1292,城西,
D,06,1293,青砂,
D,06,1294,土城,
D,06,1295,城南,
D,06,1296,鹿北,
D,06,1297,和館,
D,08,0040,協進,
D,08,0039,永安,
D,08,0041,臨安,
D,08,0043,康樂,
D,08,0042,保安,
D,08,0144,成光,
D,08,0143,頂美,
D,08,0142,武聖,
D,08,0145,玉宇,
D,08,0168,環河,
D,08,0024,郡王,
D,08,0025,南寧,
D,08,0038,建興,
D,08,0170,廣慈,
D,01,1552,大同,
D,04,0171,康祥,
D,01,1553,立德,
D,02,1865,正義,
D,02,1866,水交社,
D,01,1554,路東,
D,04,0172,實踐,
D,02,1868,天后,
D,04,0173,正覺,
D,02,1870,南華,
D,02,1869,白雪,
D,08,0176,青年,
D,08,0174,中山,
D,08,0175,萬昌,
D,01,1555,富裕,
D,01,1556,富強,
D,01,1557,關帝,
D,02,1871,大山,
D,09,2001,新營,
D,09,2002,王公廟,
D,09,2003,茄苳腳,
D,09,2004,下角帶圍,
D,09,2005,許丑,
D,09,2006,埤寮,
D,09,2007,後鎮,
D,09,2008,土庫,
D,09,2009,卯舍,
D,09,2010,鐵線橋,
D,09,2011,秀才,
D,09,2012,姑爺,
D,09,2013,舊庄,
D,09,2014,太子宮,太子宮
D,09,2015,太子宮,埤子底
D,09,2016,太子宮,竹圍子
D,09,2052,嘉芳,
D,09,2054,茄苳,
D,09,2055,南紙,
D,09,2056,太子,
D,09,2079,新東,
D,09,2084,建國,
D,09,2085,長榮,
D,09,2086,三德,
D,09,2087,王公,
D,09,2088,新生,
D,09,2089,忠政,
D,09,2091,新泰,
D,09,2092,延平,
D,09,2093,濟安,
D,09,2094,真武,
D,09,2095,南興,
D,09,2096,復興,
D,09,2097,新富,
D,09,2098,新榮,
D,09,2099,華城,
D,09,2100,新電,
D,09,2101,新興,
D,09,2102,北紙,
D,09,2103,武賢,
D,09,2104,三民,
D,09,2106,大公,
D,09,2107,民生,
D,09,2108,東興,
D,09,2109,東學,
D,09,2110,大同,
D,09,2111,綠川,
D,09,2112,民族,
D,09,2113,三興,
D,09,2114,民權,
D,09,2115,永生,
D,09,2116,興安,
D,09,2117,興業,
D,09,2118,民治,
D,09,2119,南新,
D,09,2120,育德,
D,09,2122,土安,
D,09,2123,新民,
D,09,2124,新北,
D,09,2125,新橋,
D,09,2126,德隆,
D,10,2017,鹽水,
D,10,2019,番子厝,
D,10,2020,田寮,
D,10,2021,飯店,
D,10,2022,南竹子腳,
D,10,2023,天保厝,
D,10,2024,頭港,
D,10,2026,北竹子腳,菜公堂
D,10,2027,北竹子腳,上帝廟
D,10,2028,溪洲寮,頂溪洲
D,10,2029,溪洲寮,下溪洲
D,10,2031,岸內,蔦松腳
D,10,2032,岸內,汫水港
D,10,2033,下中,下中
D,10,2034,下中,牛稠子
D,10,2035,舊營,舊營
D,10,2036,舊營,後寮
D,10,2037,孫厝寮,孫厝寮
D,10,2038,孫厝寮,番子寮
D,10,2053,竹圍尾,
D,10,2059,下林,
D,10,2060,大埔,
D,10,2061,岸南,
D,10,2062,忠義,
D,10,2067,水秀,
D,10,2068,北門,
D,10,2069,朝琴,
D,10,2070,新岸,
D,10,2071,武廟,
D,10,2072,義稠,
D,10,2074,月港,
D,10,2075,月津,
D,10,2076,後厝,
D,10,2077,南門,
D,10,2078,仁愛,
D,12,3200,永安,
D,12,3201,中興,
D,12,3202,新興,
D,12,3203,長安,
D,12,3204,頂秀祐,
D,12,3205,下秀祐,
D,12,3206,糞箕湖,糞箕湖
D,12,3207,糞箕湖,木屐寮
D,12,3208,崁子頭,
D,12,3209,六重溪,
D,12,3210,關子嶺,
D,12,3211,白水溪,
D,12,3212,海豐厝,
D,12,3213,大排竹,
D,12,3216,竹子門,
D,12,3217,埤子頭,埤子頭
D,12,3218,埤子頭,五汴頭
D,12,3219,馬稠後,
D,12,3249,玉豐,
D,12,3250,詔安,
D,12,3251,蓮潭,一
D,12,3252,內角,
D,12,3253,草店,
D,12,3254,關帝,
D,12,3257,河東,
D,12,3262,保生,
D,12,3272,大桐,
D,12,3281,國泰,
D,12,3288,嶺頂,
D,12,3289,溫泉,
D,12,3290,仙草,
D,11,2039,橋南,
D,11,2040,路東,
D,11,2041,五軍營,
D,11,2042,太康,
D,11,2043,果毅後,
D,11,2044,新厝,
D,11,2045,大腳腿,
D,11,2046,小腳腿,
D,11,2047,山子腳,
D,11,2048,柳營,柳營
D,11,2049,柳營,溫厝廍
D,11,2050,八老爺,八老爺
D,11,2051,八老爺,半路店
D,11,2057,旭山,
D,11,2058,八翁,
D,11,2063,東昇,
D,11,2064,柳中,
D,11,2065,柳南,
D,11,2066,士林,
D,11,2073,人和,
D,11,2080,雙和,
D,11,2081,平和,
D,11,2082,新厝,北安
D,11,2083,大山,
D,11,2105,代天,
D,11,2121,義士,
D,11,2127,綠隧,
D,11,2128,重溪,
D,11,2129,篤農,
D,13,3220,上茄苳,上茄苳
D,13,3221,上茄苳,後壁寮
D,13,3222,土溝,
D,13,3223,下茄苳,
D,13,3224,本協,
D,13,3225,安溪寮,頂寮
D,13,3226,安溪寮,下寮
D,13,3227,烏樹林,
D,13,3228,菁寮,
D,13,3229,崩埤,
D,13,3230,白沙屯,
D,13,3231,長短樹,
D,13,3232,新港東,新港東
D,13,3233,新港東,茄苳子
D,13,3234,竹圍後,
D,13,3263,嘉田,
D,13,3264,嘉安,
D,13,3265,嘉泰,
D,13,3266,嘉民,
D,13,3267,侯伯,
D,13,3268,頭前,
D,13,3269,南海,
D,13,3270,新溝,
D,13,3271,嘉苳,
D,13,3273,頂中,
D,13,3274,福安,
D,13,3275,四安,
D,13,3276,道場,
D,13,3277,頂豐,
D,13,3278,新東,
D,13,3279,竹新,
D,13,3282,魚寮,
D,13,3283,頂平,
D,13,3284,仕安,
D,13,3286,新協,
D,13,3287,烏樹,
D,13,3291,新嘉,
D,14,3235,東山,
D,14,3236,大客,大庄
D,14,3237,大客,科里
D,14,3238,大客,枋子林
D,14,3239,許秀才,
D,14,3240,田尾,
D,14,3241,頂窩,
D,14,3242,吉貝耍,
D,14,3243,牛肉崎,
D,14,3244,二重溪,
D,14,3245,番子嶺,
D,14,3246,前大埔,
D,14,3247,崎子頭,
D,14,3248,下南勢,
D,14,3258,東興,
D,14,3259,東正,
D,14,3260,東中,
D,14,3261,東安,
D,14,3280,茄苓九湖,
D,14,3285,頂田,
D,14,3292,東河,
D,15,4300,麻豆,
D,15,4301,北勢寮,
D,15,4302,大山腳,
D,15,4303,埤頭,
D,15,4304,寮子,
D,15,4305,溝子墘,
D,15,4306,磚子井,
D,15,4307,安業,
D,15,4308,謝厝寮,
D,15,4309,麻豆口,
D,15,4310,海埔,
D,15,4311,港子尾,
D,15,4352,港埔,
D,15,4353,莊禮,
D,15,4354,大埕,
D,15,4355,榖興,
D,15,4356,中興,
D,15,4357,新建,
D,15,4358,興農,
D,15,4359,安正,
D,15,4360,朝天,
D,15,4361,南寮,
D,15,4362,營後,
D,15,4373,油車,
D,15,4374,東角,
D,15,4375,保安,
D,15,4376,晉江,
D,15,4377,巷口,
D,15,4378,龍泉,
D,15,4379,文正,
D,15,4380,五王,
D,15,4381,南勢,
D,15,4382,興國,
D,15,4395,國中,
D,16,4312,下營,
D,16,4313,茅港尾,
D,16,4314,麻豆寮,
D,16,4315,十六甲,
D,16,4316,大屯寮,
D,16,4367,營中,
D,16,4368,營南,
D,16,4369,營平,
D,16,4370,營安,
D,16,4371,營和,
D,16,4372,營正,
D,16,4389,仁里,
D,16,4390,營前,
D,16,4391,新興,
D,16,4396,光明,
D,16,4397,信義,
D,17,4317,六甲,
D,17,4318,七甲,
D,17,4319,二甲,
D,17,4320,水漆林,
D,17,4321,中社,
D,17,4322,港子頭,
D,17,4323,龜子港,
D,17,4324,林鳳營,
D,17,4325,菁埔,
D,17,4326,王爺宮,
D,17,4327,水流東,
D,17,4328,九重橋,
D,17,4329,大丘園,
D,17,4330,南勢坑,
D,17,4363,岩埤,
D,17,4383,保生,
D,17,4384,甲東,
D,17,4385,民族,
D,17,4386,民生,
D,17,4387,忠孝,
D,17,4388,甲南,
D,17,4393,民權,
D,17,4394,水林,
D,17,4396,光明,
D,17,4397,信義,
D,17,4398,和平,
D,17,4399,成功,
D,18,4331,官田,
D,18,4332,中,
D,18,4333,烏山頭,
D,18,4334,角秀,
D,18,4335,二鎮,
D,18,4336,二鎮,二鎮
D,18,4337,拔子林,
D,18,4338,笨潭,
D,18,4339,三結義,
D,18,4340,番子田,
D,18,4341,雙溪子,
D,18,4342,社子,
D,18,4343,三塊厝,
D,18,4344,番子渡頭,
D,18,4345,南廍,
D,18,4346,西庄,
D,18,4364,嘉南,
D,18,4365,永安,
D,18,4366,官中,
D,19,4347,大內,
D,19,4348,蒙正,
D,19,4349,頭社,
D,19,4350,嗚頭,
D,19,4351,二重溪,
D,19,4392,環湖,
D,20,5500,佳里,
D,20,5002,子良廟,
D,20,5503,新宅,
D,20,5505,下營,
D,20,5506,番子寮,
D,20,5507,塭子內,
D,20,5008,永昌,
D,20,5009,三協,
D,20,5010,子龍,
D,20,5011,佳化,
D,20,5012,興化,
D,20,5013,禮化,
D,20,5014,民安,
D,20,5015,蚶寮,
D,20,5016,營頂,
D,20,5017,後庄,
D,20,5018,港墘,
D,20,5019,通興,
D,20,5020,龍安,
D,20,5021,龍昌,
D,20,5022,永興,
D,20,5050,六安,
D,20,5051,東勢角,
D,20,5052,北文,
D,20,5053,潭墘,
D,20,5054,忠孝南,
D,20,5055,安西,
D,20,5056,育善,
D,20,5057,佛天,
D,20,5058,仁愛,
D,20,5059,佳果,
D,20,5060,九龍,
D,20,5061,佳南,
D,20,5062,建南,
D,20,5063,廣安,
D,20,5064,文化,
D,20,5066,鎮安,
D,21,5100,西港,
D,21,5101,南海埔,
D,21,5102,中州,
D,21,5103,劉厝,
D,21,5104,下宅子,
D,21,5105,大塭寮,
D,21,5106,後營,
D,21,5107,八分,
D,21,5108,檨子林,
D,21,5109,金砂,
D,21,5150,慶安,
D,21,5151,南海,
D,21,5152,港南,
D,21,5153,双營,
D,22,5200,七股,
D,22,5201,十分塭,
D,22,5202,大寮,
D,22,5203,七十二分,
D,22,5204,頂山子,
D,22,5205,後港,
D,22,5206,樹子腳,
D,22,5207,三股子,
D,22,5208,城子內,
D,22,5209,下山子寮,
D,22,5210,篤加,
D,22,5211,竹子港,
D,22,5212,新生,
D,22,5213,大文,
D,22,5214,三合,
D,22,5215,大埕,
D,22,5216,十一份,
D,22,5217,看坪,
D,22,5218,義合,
D,22,5219,樹林,
D,22,5220,竹橋,
D,22,5221,榔,
D,22,5250,乾成,
D,22,5251,龍山,
D,22,5252,十份,
D,23,5300,將軍,
D,23,5301,將軍,一
D,23,5302,巷口,巷口
D,23,5303,巷口,一
D,23,5306,漚汪,東甲
D,23,5307,漚汪,北甲
D,23,5308,漚汪,西甲
D,23,5309,漚汪,中甲
D,23,5310,口寮,
D,23,5311,山子腳,
D,23,5312,角帶圍,
D,23,5314,苓子寮,一
D,23,5315,保源,
D,23,5316,嘉昌,
D,23,5317,忠興,
D,23,5350,長榮,
D,23,5351,中社,
D,23,5352,忠昌,
D,23,5353,國中,
D,23,5354,西華,
D,23,5355,西和,
D,23,5356,西湖,
D,24,5401,蚵寮,
D,24,5402,渡子頭,
D,24,5403,溪底寮,二重港
D,24,5404,溪底寮,三寮灣
D,24,5450,雙春,
D,24,5405,仁里,
D,24,5406,中樞,
D,24,5451,舊埕,
D,24,5452,永隆,
D,24,5453,玉港,
D,24,5454,保吉,
D,24,5455,保安,
D,24,5456,鯤江,
D,24,5457,麗湖,
D,25,5500,學甲,
D,25,5501,學甲寮,
D,25,5502,溪洲子寮,
D,25,5503,中洲,
D,25,5504,宅子港,
D,25,5505,草,
D,25,5506,大灣,
D,25,5507,平東,
D,25,5550,普濟,
D,25,5551,興太,
D,25,5552,文衡,
D,25,5553,慈濟,
D,25,5554,集和,
D,25,5508,光明,
D,25,5509,西進,
D,25,5555,興業,
D,25,5556,東陽,
D,25,5557,東興,
D,25,5558,興善,
D,25,5559,仁得,
D,25,5560,欣榮,
D,25,5561,信義,
D,25,5562,育英,
D,26,6700,新化,太子廟
D,26,6701,新化,王公廟
D,26,6702,新化,觀音廟
D,26,6703,唪口,
D,26,6704,北勢,
D,26,6705,洋子,
D,26,6706,竹子腳,
D,26,6707,崙子頂,
D,26,6708,知母義,
D,26,6709,頂山腳,
D,26,6710,大坑尾,
D,26,6711,？拔林,
D,26,6712,礁坑子,
D,26,6762,永新,
D,26,6772,新平,
D,26,6773,新國,
D,26,6774,新太,
D,26,6775,新音,
D,26,6776,新興,
D,26,6777,新水,
D,26,6779,新東,
D,26,6780,新義,
D,26,6781,新安,
D,26,6782,新武,
D,26,6783,新豐,
D,27,6713,善化,
D,27,6714,曾文2,
D,27,6715,東勢寮,
D,27,6716,東勢寮,一
D,27,6717,東勢寮,二
D,27,6718,北子店,
D,27,6719,北子店,一
D,27,6720,北子店,二
D,27,6721,茄拔,
D,27,6722,茄拔,一
D,27,6723,茄拔,二
D,27,6724,小新營,
D,27,6725,坐駕,
D,27,6726,六分寮,
D,27,6727,胡厝寮,
D,27,6763,善成,
D,27,6764,善駕,
D,27,6765,善中,
D,27,6766,善文,
D,27,6767,善昌,
D,27,6768,善南,
D,27,6769,善西,
D,27,6790,善進,
D,27,6796,善科,
D,27,6800,善晶,
D,27,6802,善新,
D,28,6728,新市,
D,28,6729,新店,
D,28,6730,社內,
D,28,6731,番子寮,
D,28,6732,三舍,
D,28,6733,道爺,
D,28,6734,看西,
D,28,6735,橋頭,
D,28,6736,大洲,
D,28,6737,港子墘,
D,28,6738,大營,
D,28,6739,大社,
D,28,6740,潭頂,
D,28,6761,永就,
D,28,6770,東大社,
D,28,6771,東潭頂,
D,28,6797,新科,
D,28,6799,新晶,
D,28,6801,營新,
D,28,6803,三民,
D,28,6804,華美,
D,29,6741,安定,
D,29,6742,蘇厝,
D,29,6743,港子尾,
D,29,6744,港口,
D,29,6745,六塊寮,
D,29,6746,管寮,
D,29,6747,海寮,
D,29,6748,新吉,
D,29,6778,中榮,
D,29,6791,蘇林,
D,29,6792,蘇興,
D,29,6793,蘇安,
D,29,6794,保安,
D,29,6795,保加,
D,29,6798,安科,
D,30,6749,山上,
D,30,6750,北勢洲,
D,30,6751,牛稠埔,
D,30,6752,石子崎,
D,30,6753,豐德,
D,30,6784,明北,
D,30,6785,媽祖,
D,30,6786,玉二,
D,30,6787,樹王,
D,30,6788,明南,
D,30,6789,大新,
D,36,8000,玉井,
D,36,8003,沙子田,
D,36,8004,三埔,
D,36,8005,芒子芒,
D,36,8006,九層林,
D,36,8007,口宵里,
D,36,8025,玉中,
D,36,8026,玉田,
D,36,8027,玉南,
D,36,8028,玉成,
D,36,8029,玄天,
D,36,8030,佛聖,
D,36,8031,中正,
D,36,8032,福德,
D,36,8033,玉興,
D,36,8034,沙坑,
D,36,8055,坑內,
D,37,8008,楠西,
D,37,8009,密枝,
D,37,8010,灣丘,
D,37,8011,鹿陶洋,
D,37,8012,龜丹,
D,37,8013,？萊宅,
D,37,8021,中興,
D,37,8022,東勢,
D,37,8023,楠中,
D,37,8024,埔尾,
D,37,8035,溫泉,
D,37,8036,出水,
D,37,8037,炭寮,
D,37,8044,二層坪,
D,37,8045,巖仔頂,
D,37,8046,鳳梨園,
D,37,8056,双溪,
D,37,8057,東勢坑,
D,38,8014,南化,
D,38,8015,中坑,
D,38,8016,菁埔寮,
D,38,8017,竹頭崎,
D,38,8018,北寮,
D,38,8019,西阿里關,
D,38,8020,西大丘園,
D,38,8038,雙連,
D,38,8039,平坑,
D,38,8040,龍眼林,
D,38,8041,水井,
D,38,8042,番仔坑,
D,38,8043,鹽水坑,
D,38,8047,石屋,
D,38,8048,大竹坑,
D,38,8049,北勢,
D,38,8050,飯包,
D,38,8051,麒麟,
D,38,8052,大邱,
D,38,8053,圓山,
D,38,8054,古董,
D,38,8058,頭份,
D,38,8059,北安,
D,31,6754,左鎮,
D,31,6755,菜寮,
D,31,6756,山豹,
D,31,6757,岡子林,
D,31,6758,草山,
D,31,6759,內庄子,
D,31,6760,光和,
D,32,7000,仁德,
D,32,7001,一甲,
D,32,7002,太子廟,
D,32,7003,新田,
D,32,7004,崁腳,
D,32,7005,田厝,
D,32,7006,上崙子,
D,32,7007,港墘,
D,32,7008,中洲,
D,32,7009,牛稠子,
D,32,7010,十三甲,
D,32,7011,車路墘,
D,32,7012,三甲子,
D,32,7013,大甲,
D,32,7014,二橋,
D,32,7053,保安,
D,32,7060,中正,
D,32,7061,仁義,
D,32,7062,鍾厝,
D,32,7063,興安,
D,32,7064,崙尾,
D,32,7065,林頂,
D,32,7066,義林,
D,32,7067,岳王,
D,32,7068,大宅,
D,32,7069,長興,
D,32,7070,土庫,
D,32,7071,太子,
D,32,7072,太乙,
D,32,7073,崙中,
D,32,7074,白崙,
D,32,7075,後壁,
D,32,7076,民安,
D,32,7077,二王,
D,32,7078,德南,
D,32,7079,德崙,
D,32,7080,甘厝,
D,32,7081,虎山,
D,32,7083,城光,
D,32,7085,如意,
D,32,7086,上崙,
D,32,7087,中軍,
D,32,7088,崑崙,
D,32,7089,神農,
D,32,7090,太新,
D,32,7091,正義,
D,32,7092,忠義,
D,32,7093,中清,
D,32,7094,林仔,
D,32,7095,勝利,
D,32,7096,公園,
D,32,7097,健康,
D,32,7100,新工,
D,32,7101,南勢園,
D,32,7102,牛稠,
D,32,7103,二空,
D,32,7107,車頭,
D,32,7109,和愛,
D,33,7015,歸仁南,
D,33,7016,歸仁北,
D,33,7017,崙子頂,
D,33,7018,沙崙,
D,33,7019,大苓,
D,33,7020,林子邊,
D,33,7021,刣豬厝,
D,33,7022,大潭,
D,33,7023,八甲,
D,33,7024,媽祖廟,
D,33,7025,媽祖廟,一
D,33,7026,媽祖廟,二
D,33,7027,媽祖廟,三
D,33,7054,文化,
D,33,7055,清水,
D,33,7056,中山,
D,33,7057,民權,
D,33,7058,大同,
D,33,7059,南興,
D,33,7082,南潭,
D,33,7084,武東,
D,33,7098,成功,
D,33,7099,大成,
D,33,7104,昭德,
D,33,7105,八甲西,
D,33,7106,八甲東,
D,34,7029,新埔,
D,34,7030,五甲,
D,34,7031,深坑子,
D,34,7032,龜洞,
D,34,7033,布袋尾,
D,34,7034,埤子頭,
D,34,7035,下湖,
D,34,7040,北花,
D,34,7041,南花,
D,34,7042,松腳,
D,34,7043,東勢,
D,34,7044,四甲,
D,34,7045,南雄,
D,34,7046,忠孝,
D,34,7047,北勢,
D,34,7048,仁愛,
D,34,7049,香洋,
D,34,7050,山西,
D,34,7051,文衡,
D,34,7052,民生,
D,35,7036,番社,
D,35,7037,中坑子,
D,35,7038,龍船,
D,35,7039,崎頂,
D,39,9100,永康,
D,39,9101,網寮,
D,39,9102,蜈蜞潭,
D,39,9103,蔦松,
D,39,9104,三崁店,
D,39,9105,鹽行,
D,39,9106,六甲頂,
D,39,9107,大灣,
D,39,9108,西勢,
D,39,9109,西勢,一
D,39,9111,王田,
D,39,9112,車行,
D,39,9114,南新,
D,39,9115,南工,
D,39,9116,五王,
D,39,9117,六合,
D,39,9118,兵北,
D,39,9120,信義,
D,39,9121,忠孝,
D,39,9122,仁愛,
D,39,9123,中興,
D,39,9124,成功,
D,39,9125,兵南,
D,39,9126,勝利,
D,39,9128,頂東,
D,39,9129,頂中,
D,39,9130,頂南,
D,39,9131,頂安,
D,39,9132,頂溪,
D,39,9133,頂西,
D,39,9134,鹽東,
D,39,9135,鹽西,
D,39,9136,鹽南,
D,39,9137,鹽北,
D,39,9138,鹽中,
D,39,9139,永信,
D,39,9140,永和,
D,39,9141,永華,
D,39,9142,永仁,
D,39,9143,永興,
D,39,9144,永中,
D,39,9145,東橋,
D,39,9146,二王,
D,39,9147,永二,
D,39,9148,文化,
D,39,9149,建國,
D,39,9150,橋北,
D,39,9151,永大,
D,39,9152,北灣,
D,39,9153,中灣,
D,39,9154,國聖,
D,39,9155,東灣,
D,39,9156,西灣,
D,39,9157,頭前,
D,39,9158,北極,
D,39,9159,南灣,
D,39,9160,東南,
D,39,9161,禹帝,
D,39,9162,鹽埕,
D,39,9163,三村,
D,39,9164,鹽新,
D,39,9165,永保,
D,39,9166,安康,
D,39,9167,正強,
D,39,9168,永強,
D,39,9169,四維,
D,39,9170,自強,
D,39,9171,亞太,
D,39,9172,保生,
D,39,9173,埔園,
D,39,9174,埔北,
D,26,6809,中興,
D,10,2130,南港,
D,27,6816,慶安,
D,27,6817,文正,
D,38,8060,南庄,
D,39,9175,王行,
D,39,9176,富強,
D,39,9177,市政,
D,39,9178,廣興,
D,39,9179,廣富,
D,18,4400,隆田,
D,18,4401,隆本,
D,21,5154,東埔,
D,21,5155,西埔,
D,32,7110,二仁,
D,32,7111,二行,
D,32,7112,清王,
D,08,0177,三民,
D,08,0178,銀同,
D,08,0179,永華,
D,08,0180,觀音,
D,08,0181,赤崁,
D,08,0182,普濟,
D,08,0183,白金,
D,08,0184,永福,
D,08,0185,新美,
D,18,4402,瓦磘,
D,39,9180,王新,
D,20,5067,新安,
D,20,5068,延平,
D,20,5069,唐盟,
D,10,2131,歡雅,
D,11,2132,德元,
D,08,0186,檨仔林,
D,08,0187,保西,
D,08,0188,福安,
D,36,8061,望明,
D,27,6818,光華,
D,27,6819,光文,
D,27,6820,大成,
D,27,6821,圳西,
D,18,4403,鎮北,
D,18,4404,護安,
D,32,7113,保生,
D,32,7114,保甲,
D,14,3293,嶺南,
D,39,9181,崑山,
D,28,6806,三德,
D,28,6807,永安,
D,28,6808,福壽,
D,28,6810,華興,
D,28,6811,大榮,
D,28,6812,信義,
D,28,6813,富強,
D,28,6814,七王,
D,28,6815,南港,
D,28,6822,新北,
D,39,9182,龍潭,
D,08,0189,孔廟,
D,08,0190,中正,
D,17,4408,赤山,
D,18,4405,鎮南,
D,19,4406,內庄,
D,19,4407,石城,
D,27,6823,德興,
D,27,6824,大同,
D,09,2133,新卯舍,
D,22,5254,三和,
D,22,5255,三吉,
D,22,5253,建功,
D,36,8062,三和,
D,14,3294,北勢寮,
D,20,5065,公園,
D,18,4409,神農,
D,19,4410,公所,
D,19,4411,石仔瀨,
D,10,2134,仁光,
D,10,2135,竹子腳,
D,12,3295,永秀,
D,22,5256,三聖,
D,01,1559,府連,
D,01,1558,自由,
D,32,7115,崁腳北,
D,32,7116,中洲西,
D,27,6825,灣裡,
D,27,6826,成功,
D,08,0191,府前,
D,39,9183,烏竹,
D,39,9184,三民,
D,08,0192,五條港,
D,12,3296,秀祐,
D,01,1560,府東,
D,37,8063,鹿田,
D,27,6827,什美,
D,27,6828,北小新,
D,09,2137,新秀才,
D,10,2136,新坔頭港,
D,21,5156,成功,
D,21,5157,中東,
D,21,5158,西港堡,
D,33,7117,六甲,
D,01,1561,新都心,
D,39,9185,蔦松南,
D,08,0193,南門,
D,12,3297,河保,
D,14,3298,東原,
D,15,4412,廟後,
D,15,4413,大埤,
D,15,4415,海埤,
D,15,4416,大山,
D,37,8064,新鹿田,
D,01,1562,泉南,
D,32,7118,中洲東,
D,32,7119,崁腳南,
D,27,6829,南小新,
D,27,6830,胡厝,
D,10,2138,汫水,
D,11,2139,外環,
D,08,0193,南門,
D,21,5159,新樂,
D,21,5160,檨林,
D,08,0194,郡王祠,
D,39,9188,永安,
D,39,9186,蔦松北,
D,39,9187,正北,
D,56,3303,大客北一,
D,56,3304,大客北二,
D,20,5070,佳東,
D,09,2146,周武,
D,08,0197,老古石,
D,29,6837,港尾,
D,29,6838,光榮,
D,33,7123,保西,
D,15,4429,尫祖廟,
D,15,4430,太子宅,
D,18,4431,湖山,
D,18,4432,八田,
D,15,4433,麻工,
D,06,1302,草湖寮,
D,15,4437,真理,
D,15,4438,客子寮,
D,29,6831,海安,
D,29,6832,新庄,
D,32,7120,嘉南,
D,37,8065,保生,
D,06,1298,育安,
D,09,2141,長勝,
D,10,2140,孫厝,
D,01,1564,平實,
D,01,1563,龍泉,
D,09,2142,新茄苳,
D,06,1299,十二佃,
D,14,3299,三榮,
D,14,3300,新枋子林,
D,15,4417,麻安,
D,15,4418,麻口,
D,18,4414,新官田,
D,18,4419,義田,
D,18,4420,隆興,
D,21,5161,州海,
D,23,5304,巷口,二
D,23,5305,巷口,北埔
D,25,5563,中洲南,
D,26,6805,新工,
D,32,7108,文賢,
D,08,0195,星鑽,
D,28,6833,北社內,
D,28,6834,南社內,
D,34,7121,保東,
D,15,4421,小埤,
D,15,4422,新樓,
D,18,4423,隆東,
D,18,4424,鎮田,
D,10,2143,義中,
D,09,2144,新南,
D,06,1300,慈安,
D,39,9190,康橋,
D,37,8066,永興,
D,22,5257,玉成,
D,21,5162,港安,
D,14,3301,新田尾,
D,29,6835,新吉工,
D,39,9191,竹行,
D,14,3302,大客南,
D,29,6836,中沙,
D,29,6836,中沙,
D,06,1301,中洲,
D,08,0196,新臨安,
D,01,1565,富農,
D,01,1566,虎尾,
D,34,7122,新園,
D,22,5258,城內,
D,22,5259,後港東,
D,15,4425,磚井,
D,15,4426,前後班,
D,18,4427,福安,
D,09,2145,金華,
D,36,8067,豐里,
D,02,1914,烏塗,
D,02,1915,信義,
D,02,1916,中華,
D,02,1917,慈康,
D,02,1918,一德,
D,17,4428,裕農,
D,01,1567,裕南,
D,39,9192,龍王,
E,01,0005,府北,五
E,01,0031,興橋,
E,01,0029,興仁,
E,01,0030,興福,
E,01,0032,大東,
E,01,0033,大勇,
E,01,0034,大榮,
E,01,0035,大成,
E,01,0036,大智,
E,01,0039,鹽中,
E,01,0038,鹽國,
E,01,0037,鹽新,
E,01,0042,鹽北,
E,01,0041,鹽壽,
E,01,0040,鹽府,
E,02,0121,內惟,一
E,02,0122,內惟,二
E,02,0123,內惟,三
E,02,0124,內惟,四
E,02,0125,內惟,五
E,02,0126,內惟,六
E,02,0127,內惟,七
E,02,0128,內惟,八
E,02,0146,內惟,九
E,02,0155,內惟,十
E,02,0120,龍水,
E,02,0148,龍水,一
E,02,0115,壽山,
E,02,0129,龍華,一
E,02,0130,龍華,二
E,02,0131,龍華,三
E,02,0132,龍華,四
E,02,0149,龍華,五
E,02,0150,龍華,六
E,02,0151,龍華,七
E,02,0152,龍華,八
E,02,0153,龍華,九
E,02,0133,鼓中,一
E,02,0134,鼓中,二
E,02,0135,鼓中,三
E,02,0136,鼓中,四
E,02,0137,鼓中,五
E,02,0138,鼓南,一
E,02,0139,鼓南,二
E,02,0140,鼓南,三
E,02,0141,鼓南,四
E,02,0160,前峰,
E,02,0154,前峰,一
E,02,0147,青海,
E,02,0156,龍北,
E,02,0157,龍南,
E,02,0158,龍中,
E,03,0205,新庄,一
E,03,0206,新庄,二
E,03,0207,新庄,三
E,03,0208,新庄,四
E,03,0209,新庄,五
E,03,0210,新庄,六
E,03,0211,新庄,七
E,03,0220,新庄,八
E,03,0242,新庄,九
E,03,0243,新庄,十
E,03,0244,新庄,十一
E,03,0245,新庄,十二
E,03,0246,新庄,十三
E,03,0247,新庄,十四
E,03,0200,菜公,一
E,03,0201,菜公,二
E,03,0202,菜公,三
E,03,0203,菜公,四
E,03,0204,菜公,五
E,03,0241,菜公,六
E,03,0251,菜公,七
E,03,0212,左東,
E,03,0213,左西,
E,03,0214,左南,
E,03,0215,左北,
E,03,0217,興隆,
E,03,0248,興隆,一
E,03,0216,？後,
E,03,0219,左營,
E,03,0224,前峰尾,
E,03,0221,桃子園,
E,03,0218,果貿,
E,03,0228,福山,
E,03,0226,福民,
E,03,0229,新光,
E,03,0227,新民,
E,03,0230,新福,一
E,03,0231,新福,二
E,03,0232,新福,三
E,03,0233,新福,四
E,03,0234,新福,五
E,03,0235,新福,六
E,03,0236,新福,七
E,03,0237,新福,八
E,03,0238,新福,九
E,03,0239,新福,十
E,03,0240,新福,十一
E,03,0249,新夏,
E,03,0250,新博,
E,03,0252,新上,
E,04,0309,土庫,
E,04,0300,楠梓,
E,04,0303,後勁,後勁
E,04,0304,後勁,月眉
E,04,0311,右衝,右衝
E,04,0312,右衝,苦瓜寮
E,04,0310,援中港,
E,04,0301,下鹽田,
E,04,0302,竹子腳,
E,04,0313,下蚵子寮,
E,04,0305,後勁,一
E,04,0306,後勁,二
E,04,0307,後勁,三
E,04,0308,後勁,四
E,04,0314,和平,一
E,04,0315,和平,二
E,04,0347,和平,三
E,04,0348,和平,四
E,04,0349,和平,五
E,04,0356,和平,六
E,04,0316,高楠,
E,04,0318,莒光,一
E,04,0319,莒光,二
E,04,0320,莒光,三
E,04,0359,莒光,四
E,04,0324,右昌,一
E,04,0325,右昌,二
E,04,0326,右昌,三
E,04,0327,右昌,四
E,04,0328,右昌,五
E,04,0329,右昌,六
E,04,0360,右昌,七
E,04,0321,藍昌,一
E,04,0322,藍昌,二
E,04,0323,藍昌,三
E,04,0317,加昌,
E,04,0357,加昌,一
E,04,0358,加昌,二
E,04,0330,建華,
E,04,0331,藍田,一
E,04,0332,藍田,二
E,04,0333,藍田,三
E,04,0334,援中,
E,04,0376,援中,一
E,04,0377,援中,二
E,04,0378,援中,三
E,04,0379,援中,四
E,04,0380,援中,五
E,04,0339,土庫,一
E,04,0340,土庫,二
E,04,0341,土庫,三
E,04,0342,土庫,四
E,04,0335,楠梓,一
E,04,0336,楠梓,二
E,04,0337,楠梓,三
E,04,0338,楠梓,四
E,04,0361,楠梓,五
E,04,0343,楠都,一
E,04,0344,楠都,二
E,04,0345,楠都,三
E,04,0346,楠都,四
E,04,0350,德昌,
E,04,0351,高昌,
E,04,0353,清豐,
E,04,0352,清楠,
E,04,0354,楠園,
E,04,0355,芎蕉,
E,04,0362,藍田東,
E,04,0363,藍田東,一
E,04,0364,藍田東,二
E,04,0365,藍田中,
E,04,0366,藍田中,一
E,04,0367,藍田中,二
E,04,0368,藍田西,
E,04,0369,藍田西,一
E,04,0370,藍田西,二
E,04,0371,藍田西,三
E,04,0372,藍田西,四
E,04,0373,藍田西,五
E,04,0374,藍田西,六
E,04,0375,高大,
E,05,0554,灣子內,灣子內
E,05,0555,灣子內,寶珠溝
E,05,0557,本館,
E,05,0558,獅頭,
E,05,0563,獅頭,一
E,05,0564,獅頭,二
E,05,0552,三塊厝,
E,05,0565,三塊厝,一
E,05,0566,三塊厝,二
E,05,0567,三塊厝,三
E,05,0568,三塊厝,四
E,05,0569,三塊厝,五
E,05,0553,大港,
E,05,0571,大港,一
E,05,0572,大港,二
E,05,0573,大港,三
E,05,0574,大港,四
E,05,0575,大港,五
E,05,0576,大港,六
E,05,0577,大港,七
E,05,0556,覆鼎金,覆鼎金
E,05,0570,覆鼎金,覆鼎金一
E,05,0510,大豐,一
E,05,0511,大豐,二
E,05,0517,大豐,三
E,05,0512,大裕,一
E,05,0513,大裕,二
E,05,0509,澄清,一
E,05,0516,澄清,二
E,05,0506,陽明,一
E,05,0507,陽明,二
E,05,0508,陽明,三
E,05,0515,陽明,四
E,05,0514,河濱,
E,05,0500,中華,一
E,05,0501,中華,二
E,05,0502,中都,一
E,05,0503,中都,二
E,05,0504,中都,三
E,05,0505,中都,四
E,05,0524,建民,
E,05,0523,建安,
E,05,0518,建昌,
E,05,0519,建工,
E,05,0522,建德,
E,05,0521,建興,
E,05,0520,建豐,
E,05,0525,建生,
E,05,0533,鼎金,
E,05,0535,鼎盛,
E,05,0534,鼎泰,
E,05,0562,鼎泰,一
E,05,0528,義民,
E,05,0530,大順,
E,05,0526,澄義,
E,05,0527,水源,
E,05,0529,有光,
E,05,0532,長明,
E,05,0531,凱歌,
E,05,0547,灣中,
E,05,0540,灣內,
E,05,0539,灣愛,
E,05,0548,灣復,
E,05,0549,灣興,
E,05,0542,灣昌,
E,05,0543,灣志,
E,05,0544,灣立,
E,05,0541,灣成,
E,05,0545,灣勝,
E,05,0546,灣華,
E,05,0550,寶國,
E,05,0551,義華,
E,05,0536,鼎中,
E,05,0537,鼎新,
E,05,0538,鼎山,
E,05,0559,金獅,
E,05,0560,灣和,
E,05,0561,鼎祥,
E,05,0578,鳳北,
E,05,0579,鼎儀,
E,06,0700,大港埔,
E,06,0701,新興,一
E,06,0702,新興,二
E,06,0703,新興,三
E,06,0704,新興,四
E,06,0705,大統,一
E,06,0706,大統,二
E,06,0707,大統,三
E,07,0800,前金,
E,07,0802,東金,
E,07,0803,北金,
E,07,0801,後金,
E,07,0806,民生,
E,07,0804,文東,
E,07,0805,博孝,
E,08,0900,林德官,
E,08,0926,林德官,一
E,08,0927,林德官,二
E,08,0928,林德官,三
E,08,0929,林德官,四
E,08,0930,林德官,五
E,08,0903,苓雅寮,
E,08,0901,五塊厝,
E,08,0931,五塊厝,一
E,08,0932,五塊厝,二
E,08,0933,五塊厝,三
E,08,0934,五塊厝,四
E,08,0902,過田子,
E,08,0913,林興,
E,08,0906,意誠,
E,08,0912,苓中,
E,08,0910,苓洲,
E,08,0911,苓東,
E,08,0914,林聖,
E,08,0936,林聖,一
E,08,0907,福東,
E,08,0908,福河,
E,08,0909,福裕,
E,08,0905,武聖,
E,08,0904,五權,
E,08,0935,五權,一
E,08,0915,苓西,
E,08,0917,成功,
E,08,0916,衛武,
E,08,0918,正文,
E,08,0919,正昌,
E,08,0920,正言,
E,08,0921,正德,
E,08,0922,正福,
E,08,0923,正憲,
E,08,0924,正明,
E,08,0925,中正,
E,09,1016,草衙,
E,09,1015,戲獅甲,
E,09,1009,籬子內,籬子內
E,09,1010,籬子內,崗山子
E,09,1006,前鎮,
E,09,1017,佛公,
E,09,1014,獅甲,
E,09,1041,獅甲,一
E,09,1042,獅甲,二
E,09,1043,獅甲,三
E,09,1012,盛興,
E,09,1040,盛興,一
E,09,1008,光華,
E,09,1038,光華,一
E,09,1013,臨北,
E,09,1007,愛群,
E,09,1037,愛群,一
E,09,1011,憲德,
E,09,1039,憲德,一
E,09,1045,憲德,二
E,09,1003,興邦,
E,09,1000,鎮東,
E,09,1004,瑞南,
E,09,1034,瑞南,一
E,09,1002,新生,
E,09,1005,仁愛,
E,09,1035,仁愛,一
E,09,1036,仁愛,二
E,09,1001,鎮昌,
E,09,1033,鎮昌,一
E,09,1022,瑞崗,一
E,09,1023,瑞崗,二
E,09,1024,瑞崗,三
E,09,1025,瑞崗,四
E,09,1026,瑞崗,五
E,09,1044,瑞崗,六
E,09,1018,瑞隆,一
E,09,1019,瑞隆,二
E,09,1020,瑞隆,三
E,09,1021,瑞隆,四
E,09,1028,朝陽,
E,09,1027,臺糖,
E,09,1029,明道,
E,09,1030,草衙,一
E,09,1031,草衙,二
E,09,1032,草衙,三
E,09,1046,中安,
E,10,1113,旗津,
E,10,1112,旗港,
E,10,1114,旗汕,
E,10,1115,中興,
E,10,1116,東沙,
E,10,1117,太平,
E,11,1213,小港,
E,11,1230,大人宮,
E,11,1263,大人宮,一
E,11,1264,大人宮,二
E,11,1226,店子後,
E,11,1261,店子後,一
E,11,1262,店子後,二
E,11,1217,中大厝,
E,11,1218,空地子,
E,11,1231,鳳鼻頭,
E,11,1265,鳳鼻頭,一
E,11,1214,莿蔥腳,
E,11,1219,大林蒲,
E,11,1224,中林子,
E,11,1229,大坪頂,
E,11,1216,高松,
E,11,1254,高松,一
E,11,1255,高松,二
E,11,1225,店鎮,
E,11,1259,店鎮,一
E,11,1260,店鎮,二
E,11,1227,二橋,
E,11,1222,中？,
E,11,1258,中？,一
E,11,1221,紅毛港,
E,11,1215,二苓,
E,11,1253,二苓,一
E,11,1220,鹽水港,
E,11,1256,鹽水港,一
E,11,1257,鹽水港,二
E,11,1209,青島,一
E,11,1210,青島,二
E,11,1249,青島,三
E,11,1250,青島,四
E,11,1207,高鳳,
E,11,1208,山明,
E,11,1205,大業,
E,11,1206,港墘,
E,11,1248,港墘,一
E,11,1211,港和,一
E,11,1212,港和,二
E,11,1251,港和,三
E,11,1252,港和,四
E,11,1204,鳳宮,
E,11,1203,丹山,
E,11,1202,龍鳳,
E,11,1201,大林,
E,11,1200,鳳林,
E,11,1237,桂林,
E,11,1235,中厝,
E,11,1266,中厝,一
E,11,1234,機場,
E,11,1232,孔宅,
E,11,1233,廈莊,
E,11,1267,廈莊,一
E,11,1236,港興,
E,11,1239,坪南,
E,11,1238,坪北,
E,11,1240,水庫,
E,11,1242,鹽水,
E,11,1241,港口,
E,11,1243,宏明,
E,11,1244,南星,
E,11,1245,坪頂,
E,11,1246,松華,
E,11,1247,坪鳳,
E,11,1269,孔鳳,
E,11,1268,坪松,
E,03,0253,新吉,
E,08,0937,苓中,一
E,03,0254,左洲,
E,04,0386,藍田中,三
E,04,0387,藍田中,四
E,04,0388,藍田中,五
E,04,0389,藍田西,七
E,04,0382,翠屏,一
E,04,0383,翠屏,二
E,04,0384,翠屏,三
E,04,0385,翠屏,四
E,04,0381,和平東,
E,03,0255,福文,
E,03,0256,葫蘆,
E,05,0580,澄正,
E,05,0581,澄東,
E,02,0159,龍東,
E,03,0257,新順,
E,12,1400,鳳山,縣口
E,12,1401,鳳山,大老衙
E,12,1402,鳳山,火房口
E,12,1403,鳳山,草店尾
E,12,1404,竹子腳,
E,12,1405,新庄子,
E,11,1272,大平,
E,03,0222,菜公,
E,03,0223,埤子頭,
E,03,0225, 覆鼎金, 新庄子
E,12,1451,華泰,
E,12,1453,南成,
E,30,3442,花旗,
E,22,2616, 崇西,
E,24,2821,玉庫,
E,24,2849,順安,
E,31,3549,吉頂,
E,19,2366,台富,
E,04,0394,惠民,
E,30,3444,大林,
E,11,1273,朝興,
E,11,1274,沿海,
E,19,2367,清水,
E,19,2368,和平,
E,19,2369,友情,
E,14,1769,濃公,
E,14,1770,會明,
E,14,1771,山頂,
E,14,1772,保生,
E,23,2725,復安,
E,32,3633,羅漢山,
E,32,3634,仙人圳,
E,15,1934,統嶺,
E,16,2031,食坑,
E,09,1048,經貿,一
E,12,1462,保成,
E,09,1049,竹北,
E,09,1050,竹北,一
E,02,0161,柴山,
E,32,3635,仙人,
E,20,2433,中峰,
E,20,2434,內庄,
E,15,1935,和山,
E,24,2850,營前,
E,24,2851,樹人,
E,16,2032,水哮,
E,03,0261,新勝,
E,30,3445,新光,
E,30,3446,尚和,
E,30,3447,欉仔坑,
E,30,3448,得湖,
E,30,3449,嶺口,
E,03,0262,左屏,
E,09,1051,經貿,二
E,09,1052,經貿,三
E,17,2158,和潭,
E,30,3450,秋涼山,
E,30,3451,鼓山,
E,30,3452,旗甲,
E,15,1936,三和,
E,14,1773,河堤,
E,14,1774,農場,
E,02,0162,內惟,十一
E,18,2244,美德,神美
E,29,3318,同安,
E,29,3319,大舍,
E,03,0263,左鐵,
E,09,1054,明正,
E,09,1053,經貿,四
E,17,2160,新庄南,
E,17,2159,八卦,
E,05,0585,雄中,
E,36,4019,得波那,
E,11,1275,松金段,
E,15,1937,興和,
E,15,1938,田寮,
E,19,2370,信義,
E,19,2371,大華,
E,19,2372,嘉新,
E,23,2726,中軍,
E,23,2727,峰崗,
E,23,2728,福蓮,
E,32,3637,津興,
E,32,3636,紫蝶,
E,34,3822,司馬,
E,34,3823,份尾,
E,34,3818,楠梓仙,
E,34,3819,雙坑,
E,34,3820,大坑,
E,34,3821,內寮,
E,34,3822,司馬,
E,34,3823,份尾,
E,29,3320,茄冬,
E,29,3321,典寶,
E,29,3322,頂蚵子寮,一
E,29,3323,頂蚵子寮,二
E,17,2161,後港東段,
E,12,1464,曹新,
E,12,1463,勝利,
E,16,2033,承天,
E,36,4020,地固集,
E,13,1600,汕尾,
E,13,1603,中芸,
E,13,1605,溪州,
E,13,1609,港子埔,
E,13,1611,港子埔,中坑門
E,13,1613,王公廟,
E,13,1614,王公廟,一
E,13,1615,王公廟,苦苓腳
E,13,1616,王公廟,苦苓腳一
E,13,1617,王公廟,苦苓腳二
E,13,1618,潭頭,
E,13,1619,潭頭,一
E,13,1620,林子邊,
E,13,1621,林子邊,一
E,13,1622,林子邊,二
E,13,1623,林園,
E,13,1624,鳳芸,
E,13,1625,鳳芸,一
E,13,1626,中汕,
E,13,1628,頂厝,
E,13,1629,林中,
E,13,1630,柚子腳,
E,13,1631,田中央,
E,13,1632,福德,
E,13,1633,中厝,
E,13,1634,清水巖,
E,13,1635,龍潭,
E,13,1636,廣應,
E,13,1637,下厝,
E,13,1638,龔林,
E,13,1639,中門,
E,13,1640,頂溪州,
E,13,1641,五福,
E,13,1642,林潭,
E,13,1643,中林,
E,13,1644,東隆,
E,13,1645,王公,
E,13,1646,新測,
E,09,1055,經貿,五
E,09,1056,經貿,六
E,17,2162,福清,
E,18,2245,大同,龍泉
E,19,2373,嘉華,
E,19,2374,三和,
E,19,2375,菜寮,
E,31,3551,廣林,
E,31,3550,東合,
E,15,1939,佛光,
E,23,2729,崙港,
E,23,2730,埤仔尾,
E,27,3111,保寧,
E,27,3112,保興,
E,35,3918,永吉,
E,35,3919,永富,
E,35,3920,大埔,
E,35,3921,頂寮,
E,35,3922,中新,
E,35,3923,橫山,
E,35,3924,竹坑,
E,35,3925,虎頭山,
E,03,0264,新智,
E,09,1057,經貿,七
E,09,1058,經貿,八
E,09,0159,經貿,九
E,05,0586,新豐,
E,36,4021,多納塔巴卡呢,
E,21,2544,中興,
E,21,2545,橫山,
E,21,2546,坑口,
E,27,3113,新港,
E,27,3114,新厝,
E,27,3115,永華,
E,15,1940,學城,
E,31,3552,廣興,
E,30,3453,新大林,
E,30,3454,圓潭,
E,35,3926,觀亭,
E,35,3927,將軍,
E,23,2731,雄峰,
E,25,2926,草仔寮,
E,17,2163,德和,
E,03,0625,新上,一
E,31,3553,月光,
E,31,3554,光明,
E,19,2376,寶米,
E,21,2547,湖內,
E,21,2548,深興,
E,24,2852,三埤,
E,22,2617,西德,
E,23,2732,峰園,
E,23,2733,那拔林,
E,14,1777,忠義,
E,14,1776,上和,
E,14,1775,上發,
E,17,2164,橫山北,
E,17,2165,豐禾,榮德
E,17,2166,金鼎,仁大
E,12,1407,道爺,
E,12,1408,道爺,下菜園
E,12,1409,七老爺,
E,12,1410,七老爺,一甲
E,12,1412,新甲,
E,12,1413,五甲,
E,12,1416,五甲,牛寮
E,12,1417,灣子頭,
E,12,1418,過埤子,
E,12,1419,赤山,
E,12,1420,牛潮埔,
E,12,1421,埤頂,
E,12,1425,文山,
E,12,1427,文英,
E,12,1428,北門,
E,12,1429,中崙,
E,12,1430,建軍,
E,12,1431,過埤,
E,12,1432,頂庄,
E,12,1433,鳳甲,
E,12,1434,二甲,
E,12,1435,三甲,
E,12,1436,四甲,
E,12,1437,明頂,
E,12,1438,田中央,
E,12,1439,園尾,
E,12,1440,灣頭,
E,12,1441,鳳頂,
E,12,1442,寮頂,
E,12,1443,大貝湖,
E,12,1444,華英,
E,12,1445,過勇,
E,12,1446,華鳳,
E,12,1447,正義,
E,12,1448,南華,
E,12,1449,鳳翔,
E,12,1450,文雅,
E,12,1452,頂新,
E,12,1454,青年,
E,12,1455,鳳西,
E,12,1456,瑞興,
E,12,1457,文福,
E,12,1458,福誠,
E,12,1459,頂宏,
E,18,2200,山子腳,
E,18,2201,鳥松,
E,18,2202,夢裡,
E,18,2204,崎子腳,
E,18,2206,大腳腿,
E,18,2208,坔埔,
E,18,2210,十九灣,
E,18,2211,田草埔,
E,18,2212,鳳松,
E,18,2213,山水,
E,18,2214,長庚,
E,18,2215,圓山,
E,18,2216,大華,
E,18,2218,青雲,
E,18,2219,林內,
E,18,2220,夢清,
E,18,2221,美山,
E,18,2222,美德,
E,18,2223,華美,
E,18,2224,仁美,
E,18,2225,仁和,
E,18,2226,育英,
E,18,2227,育才,
E,18,2228,大同,
E,18,2229,大德,
E,18,2230,大德,一
E,18,2231,觀湖,
E,18,2232,正修,
E,18,2233,大埤,
E,18,2234,學園,
E,18,2235,松埔,
E,18,2236,同心,
E,18,2237,仁愛,
E,18,2238,神農,
E,18,2239,育仁,
E,18,2240,灣裡,
E,18,2241,埔嶺,
E,18,2242,大丘園,
E,18,2243,大竹,
E,17,2100,前埔厝,
E,17,2101,烏材林,
E,17,2102,蛇子形,
E,17,2103,考潭,
E,17,2104,灣子內,
E,17,2105,竹子門,
E,17,2106,五塊厝,
E,17,2107,赤山子,
E,17,2108,新庄,
E,17,2109,仁武,
E,17,2110,仁武,潭底園
E,17,2111,仁武,埤寮子
E,17,2112,仁武,工業區
E,17,2113,後庄子,
E,17,2114,八卦寮,
E,17,2115,大灣,
E,17,2116,仁春,
E,17,2117,仁德,
E,17,2119,仁營,
E,17,2120,竹後,
E,17,2121,仁新,
E,17,2122,竹園,
E,17,2123,澄清,
E,17,2124,仁雄,
E,17,2125,澄潭,
E,17,2126,文武,
E,17,2127,赤南,
E,17,2128,金鼎,
E,17,2129,瑞鴻,
E,17,2130,草潭,
E,17,2131,八德,
E,17,2132,豐禾,
E,17,2133,北屋,
E,17,2134,慈惠,
E,17,2135,後港,
E,17,2136,澄觀,
E,17,2137,永仁,
E,17,2138,綠園,
E,17,2139,暘善,
E,17,2140,仁龍,
E,17,2141,灣勢,
E,17,2142,灣北,
E,17,2143,永和,
E,17,2144,善德,
E,17,2145,霞海,
E,17,2146,後港西,
E,17,2147,澄德,
E,17,2148,澄合,
E,17,2149,烏林,
E,17,2150,新赤山,
E,17,2151,澄合,商五
E,17,2152,新赤山,商九
E,17,2153,大昌,
E,17,2154,仁勇,
E,17,2155,新後港西,
E,16,2000,牛食坑,
E,16,2001,蜈蜞潭,
E,16,2002,保舍甲,
E,16,2003,大社,
E,16,2004,三奶壇,
E,16,2007,林子邊,
E,16,2009,中里,
E,16,2011,大安,
E,16,2013,興農,
E,16,2015,翠屏,
E,16,2018,興工,
E,16,2019,保安,
E,16,2021,清福,
E,16,2022,萬金,
E,16,2023,觀音山,
E,16,2024,鹽埕,
E,16,2025,圳觀,
E,16,2026,嘉誠,
E,16,2027,保甲,
E,16,2028,保社,
E,16,2029,林邊,
E,15,1900,溪埔,
E,15,1901,姑婆寮,
E,15,1902,檨子腳,
E,15,1903,大樹,
E,15,1904,小坪頂,
E,15,1905,九曲堂,
E,15,1906,無水寮,
E,15,1907,永豐,
E,15,1908,中興,
E,15,1909,東隆,
E,15,1910,湖底,
E,15,1911,曹公,
E,15,1912,新興,
E,15,1913,九曲,
E,15,1914,維新,
E,15,1915,大庄,
E,15,1916,埔尾,
E,15,1917,土角厝,
E,15,1918,大樹保安,
E,15,1919,大樹新吉,
E,15,1920,水寮,
E,15,1921,坪頂,
E,15,1922,竹寮,
E,15,1923,水安,
E,15,1924,新溪埔,
E,15,1925,洲仔,
E,15,1926,興田,
E,15,1927,福德,
E,15,1928,水廠,
E,15,1929,興山,
E,15,1930,新水安,
E,14,1700,磚子磘,
E,14,1703,翁公園,
E,14,1707,山子頂,
E,14,1710,拷潭,
E,14,1711,大寮,
E,14,1715,大寮,芎蕉腳
E,14,1717,赤崁,
E,14,1719,赤崁,潮州寮
E,14,1723,會社,
E,14,1724,永芳,
E,14,1725,內厝,
E,14,1726,水源,
E,14,1727,內湖,
E,14,1728,內坑,
E,14,1729,義和,
E,14,1730,義堂,
E,14,1731,義仁,
E,14,1732,義勇,
E,14,1733,昭明,
E,14,1734,後庄,
E,14,1735,江山,
E,14,1736,溪寮,
E,14,1737,中庄北,
E,14,1738,中庄南,
E,14,1739,翁園,
E,14,1740,琉球,
E,14,1741,永芳壹,
E,14,1742,仁德,
E,14,1743,後壁寮,
E,14,1744,前庄,
E,14,1745,民新,
E,14,1746,開封,
E,14,1747,六合,
E,14,1748,王厝,
E,14,1749,邱厝坪,
E,14,1750,明善,
E,14,1751,潭平,
E,14,1752,水廠,
E,14,1753,潭鳳,
E,14,1754,黃厝,
E,14,1755,伍厝,
E,14,1756,潮寮北,
E,14,1757,潮寮南,
E,14,1758,會結北,
E,14,1759,會結南,
E,14,1760,林內,
E,14,1761,新庄,
E,14,1762,新厝北,
E,14,1763,新厝南,
E,14,1764,上寮北,
E,14,1765,上寮南,
E,14,1766,頂寮,
E,14,1767,三隆,
E,19,2300,岡山,
E,19,2301,前峰,
E,19,2303,後協,
E,19,2305,白米,
E,19,2307,街尾崙,
E,19,2309,台上,
E,19,2310,後紅,
E,19,2312,大寮,
E,19,2314,子,
E,19,2319,五甲尾,
E,19,2321,前峰子,
E,19,2322,灣子內,
E,19,2323,本洲,
E,19,2324,港口崙,
E,19,2325,石螺潭,
E,19,2326,程香,
E,19,2327,大勇,
E,19,2328,大紅,
E,19,2330,大公,
E,19,2331,大全,
E,19,2332,文化,
E,19,2333,大仁,
E,19,2334,大智,
E,19,2335,大智,協和
E,19,2336,協榮,
E,19,2337,介壽,
E,19,2338,陽明,
E,19,2339,劉厝,
E,19,2340,成功,
E,19,2341,竹圍,
E,19,2342,富貴,
E,19,2343,華崗,
E,19,2344,華興,
E,19,2345,嘉興,
E,19,2346,為隨,
E,19,2347,下竹圍,
E,19,2348,嘉潭,
E,19,2349,鹽埔,
E,19,2350,文心,
E,19,2351,岡工,
E,19,2352,台安,
E,19,2353,灣裡,
E,19,2354,灣裡西,
E,19,2355,新本洲,
E,19,2356,忠誠,
E,19,2357,福潭,
E,19,2358,嘉旺,
E,19,2359,岡科,
E,19,2360,大德,
E,26,3000,砂崙,
E,26,3001,頂茄萣,
E,26,3004,崎漏,
E,26,3006,白雲,
E,26,3007,福東,
E,26,3008,福西,
E,26,3009,白砂,
E,26,3010,賜福,
E,26,3011,保萣,
E,26,3012,嘉萣,
E,26,3013,雙萣,
E,26,3014,成功,
E,26,3015,正順,
E,26,3016,興達,
E,27,3100,烏樹林,
E,27,3102,竹子港,
E,27,3104,舊港口,
E,27,3106,永科,
E,20,2400,中崎,
E,20,2402,林子頭,
E,20,2404,橋子頭,
E,20,2407,仕隆,
E,20,2410,九甲圍,
E,20,2411,頂鹽田,
E,20,2413,五里林,
E,20,2414,白樹子,
E,20,2415,仕豐,
E,20,2416,仕興,
E,20,2417,橋南,
E,20,2418,橋北,
E,20,2419,筆秀,
E,20,2420,德松,
E,20,2421,建樹,
E,20,2422,興樹,
E,20,2423,仕和,
E,20,2424,橋中,
E,20,2425,樹德,
E,20,2426,後壁田,
E,20,2427,芋林,
E,20,2428,樹林,
E,20,2429,三仙,
E,20,2430,鹽塭,
E,20,2431,甲圍,
E,20,2432,新莊,
E,29,3300,梓官,
E,29,3301,大舍甲,
E,29,3302,茄苳坑,
E,29,3303,赤崁,
E,29,3304,頂蚵子寮,
E,29,3305,梓信,
E,29,3306,中崙,
E,29,3307,梓平,
E,29,3308,公,
E,29,3309,梓中,
E,29,3310,梓和,
E,29,3311,梓義,
E,29,3312,新甲,
E,29,3313,新興,
E,29,3314,赤崁新,
E,29,3315,赤東,
E,29,3316,赤慈,
E,29,3317,蚵寮,
E,22,2600,田寮,
E,22,2602,南安老,
E,22,2604,水蛙潭,
E,22,2607,牛稠埔,
E,22,2609,狗氳氤,
E,22,2611,打鹿埔,
E,22,2613,古亭坑,
E,22,2615,大崗山,
E,23,2700,中路,
E,23,2702,石案潭,
E,23,2704,崙子頂,
E,23,2706,崗山營,
E,23,2709,土庫,
E,23,2711,阿蓮,
E,23,2713,九鬮,
E,23,2716,北蓮,
E,23,2717,南蓮,
E,23,2718,和蓮,
E,23,2719,青蓮,
E,23,2720,玉庫,
E,23,2721,東蓮,
E,23,2722,崑崙,
E,23,2723,青安,
E,23,2724,德宜,
E,24,2800,營後,
E,24,2801,一甲,
E,24,2802,新園,
E,24,2805,下坑,
E,24,2807,下社,
E,24,2808,路竹,
E,24,2809,大社,
E,24,2810,鴨母寮,
E,24,2811,三爺埤,
E,24,2812,北嶺乾,
E,24,2813,後鄉,
E,24,2815,竹滬,
E,24,2816,文北,
E,24,2817,文南,
E,24,2818,竹西,
E,24,2819,竹南,
E,24,2820,保安,
E,24,2822,新興,
E,24,2823,社東,
E,24,2824,復興,
E,24,2825,大同,
E,24,2826,社中,
E,24,2827,智仁,
E,24,2828,竹東,
E,24,2829,中興,
E,24,2830,忠孝,
E,24,2831,聖母,
E,24,2832,華山,
E,24,2833,中華,
E,24,2834,華正,
E,24,2835,北嶺,
E,24,2836,新達,
E,24,2837,三爺,
E,24,2838,路科,
E,24,2839,觀音,
E,24,2840,立德,
E,24,2841,金平,
E,24,2842,東安,
E,24,2843,大仁,
E,24,2844,環球,
E,24,2845,竹園,
E,24,2846,福善,
E,21,2500,千秋寮,
E,21,2502,深水,
E,21,2503,湖子內,
E,21,2504,援巢中,
E,21,2506,竹子腳,
E,21,2507,援巢右,
E,21,2508,瓊子林,
E,21,2509,吊雞林,
E,21,2510,滾水,
E,21,2511,滾水坪,
E,21,2512,角宿,
E,21,2513,面前埔,
E,21,2516,中路林,
E,21,2517,鳳山厝,
E,21,2518,尖山,
E,21,2519,燕中,
E,21,2520,燕東,
E,21,2521,燕西,
E,21,2522,燕南,
E,21,2523,燕北,
E,21,2524,安招,
E,21,2525,安東,
E,21,2526,安西,
E,21,2527,安南,
E,21,2528,安北,
E,21,2529,瓊東,
E,21,2530,瓊中,
E,21,2531,瓊興,
E,21,2532,瓊西,
E,21,2533,瓊安,
E,21,2534,北角宿,
E,21,2535,南角宿,
E,21,2536,代天府,
E,21,2537,觀水,
E,21,2538,海城,
E,21,2539,中安,
E,21,2540,燕新,
E,21,2541,興龍,
E,21,2542,鳳雄,
E,21,2543,鳳龍,
E,28,3200,鹽埕,
E,28,3201,海尾,
E,28,3202,彌陀,
E,28,3203,漯底,
E,28,3204,彌港,
E,28,3205,安港,
E,28,3206,鹽港,
E,28,3207,港口,
E,28,3208,仁壽,
E,28,3209,靖和,
E,28,3210,四村,
E,28,3211,山頂,
E,28,3212,彌海,
E,28,3213,南庄,
E,25,2900,大湖,
E,25,2902,湖內,
E,25,2903,海埔,
E,25,2904,圍子內,
E,25,2907,明宗,
E,25,2908,中山,
E,25,2909,東方,
E,25,2910,福安,
E,25,2911,武功,
E,25,2912,清水,
E,25,2913,慈濟,
E,25,2914,自強,
E,25,2915,玉湖,
E,25,2916,碧湖,
E,25,2917,普濟,
E,25,2918,寧靖,
E,25,2919,工專,
E,25,2920,長壽,
E,25,2921,民生,
E,25,2922,正義,
E,25,2923,天福,
E,30,3400,旗山,
E,30,3403,北勢,
E,30,3404,圓潭子,
E,30,3408,溪洲,
E,30,3409,碡坑,
E,30,3413,旗尾,
E,30,3417,手巾寮,
E,30,3418,中華,
E,30,3419,大德,
E,30,3420,旗南,
E,30,3421,太平,
E,30,3422,永和,
E,30,3423,旗文,
E,30,3424,竹峰,
E,30,3425,頭林,
E,30,3426,廣福,
E,30,3427,十八份,
E,30,3428,半,
E,30,3429,東昌,
E,30,3430,北溪洲,
E,30,3431,中溪洲,
E,30,3432,南溪洲,
E,30,3433,東平,
E,30,3434,大山,
E,30,3435,大洲,
E,30,3436,三和,
E,30,3437,廣溪,
E,30,3438,匏仔湖,
E,30,3439,圓富,
E,32,3600,六龜,
E,32,3602,土灣,
E,32,3604,新威,
E,32,3606,新開,
E,32,3607,荖濃,
E,32,3610,龍興,
E,32,3611,義寶,
E,32,3612,文武,
E,32,3613,不老,
E,32,3614,寶來,
E,32,3615,新發,
E,32,3616,邦復,
E,32,3617,和平,
E,32,3618,寶美,
E,32,3619,美崙,
E,32,3620,花菓,
E,32,3621,葫蘆谷,
E,32,3622,津鳳,
E,32,3623,合興,
E,32,3624,九華,
E,32,3625,彩蝶,
E,32,3626,羅漢,
E,32,3627,長生,
E,32,3628,水冬瓜,
E,32,3629,中庄,
E,35,3900,溝坪,
E,35,3902,萊子坑,
E,35,3906,觀音亭,
E,35,3907,中埔,
E,35,3908,腳帛寮,
E,35,3910,內埔,
E,35,3911,東勢埔,
E,35,3912,木柵,
E,35,3913,紫竹,
E,35,3914,菜公坑,
E,35,3915,內豐段,
E,35,3916,光興段,
E,35,3917,烏山,
E,31,3500,美濃,
E,31,3504,中壇,
E,31,3507,金瓜寮,
E,31,3509,吉洋,
E,31,3510,龍肚,
E,31,3514,竹頭角,
E,31,3519,中興,
E,31,3520,德興,
E,31,3521,龍中,
E,31,3522,吉東,
E,31,3523,清水,
E,31,3524,龍東,
E,31,3525,中圳,
E,31,3526,雙峰,
E,31,3527,泰安,
E,31,3528,東門,
E,31,3529,合和,
E,31,3530,美中,
E,31,3531,美光,
E,31,3532,永平,
E,31,3533,瀰濃,
E,31,3534,崇雲,
E,31,3535,福美,
E,31,3536,福安,
E,31,3537,龜山,
E,31,3538,泰中,
E,31,3539,成功,
E,31,3540,吉安,
E,31,3541,吉和,
E,31,3542,新吉洋,
E,31,3543,新龍肚,
E,31,3544,靈光,
E,31,3545,尖山,
E,31,3546,黃蝶,
E,31,3547,雙溪,
E,31,3548,茶頂,
E,34,3800,杉林,
E,34,3802,茄苳湖,
E,34,3804,十張菍,
E,34,3807,新庄,
E,34,3810,月眉,
E,34,3814,井角,
E,34,3815,上平,
E,34,3816,月美,
E,34,3817,月光山,
E,33,3700,東阿里關,
E,33,3702,東大邱園,
E,33,3704,甲仙,
E,33,3705,公館,
E,33,3706,出火,
E,33,3707,大竹,
E,33,3708,獻肚,
E,33,3709,班芝埔,
E,33,3710,油礦,
E,33,3711,中園,
E,33,3712,四德,
E,36,4000,茂林,
E,36,4001,萬山,
E,36,4002,多納,
E,36,4003,扇平,
E,36,4004,達魯伴,
E,36,4005,老納,
E,36,4006,達魯巴令,
E,36,4007,沙古吾,
E,36,4008,沙古拉,
E,36,4009,達克車,
E,36,4010,卡布諾幹,
E,36,4011,達戶,
E,36,4012,卡達納,
E,36,4013,道尼格,
E,36,4014,達拉美麗,
E,36,4015,伯樂伯樂,
E,36,4016,阿查伴,
E,36,4017,足抓了,
E,36,4018,伊贊,
E,37,4100,天池,
E,37,4101,檜谷,
E,37,4102,禮觀,
E,37,4103,梅山,
E,37,4105,樟山,
E,37,4107,復興,
E,37,4108,梅蘭,
E,37,4109,勤和,
E,37,4110,桃源,
E,37,4111,舊社,
E,37,4112,高中,
E,37,4113,馬里,
E,37,4114,藤枝,
E,37,4116,寶山,
E,37,4117,建山,
E,37,4118,樂樂,
E,37,4119,美蘭,
E,37,4120,拉庫,
E,37,4121,多尾,
E,37,4122,六溪,
E,37,4123,拉夫,
E,37,4124,八溪,
E,37,4125,九溪,
E,37,4126,楠溪,
E,37,4127,玉南,
E,37,4128,東丸,
E,37,4129,南面,
E,37,4130,玉德,
E,37,4131,雲峰,
E,37,4132,南雙,
E,37,4133,三叉,
E,37,4134,來山,
E,37,4135,玉東,
E,37,4136,馬江,
E,37,4137,安東,
E,37,4138,鹿山,
E,37,4139,呼頌,
E,37,4140,阿朗,
E,37,4141,烏瑪斯,
E,37,4142,哈力路,
E,37,4143,阿莉絲,
E,37,4144,達亥,
E,37,4145,比沙路,
E,37,4146,巴拉戶,
E,37,4147,伊比,
E,37,4148,阿莉,
E,37,4149,勞翁,
E,37,4150,阿姆樂,
E,37,4151,妮姆,
E,37,4152,媽訝,
E,37,4153,達妮芙,
E,37,4154,阿併,
E,37,4155,烏力,
E,37,4156,伊斯坦大,
E,37,4157,基伴,
E,37,4158,莎妮,
E,37,4159,達卡鬧,
E,37,4160,拉瑪達,
E,37,4161,慕拉絲,
E,37,4162,阿力曼,
E,37,4163,布妮,
E,37,4164,書帕利,
E,37,4165,拉伕朗,
E,37,4166,巴力,
E,37,4167,伊斯里斷,
E,37,4168,鳳崗,
E,37,4169,馬舒嘩,
E,37,4170,塔拉葛渣泥,
E,37,4171,埋阿打啊呼,
E,37,4172,米珠歌伊,
E,37,4173,瑪蘇希嚕,
E,37,4174,嘎那唔,
E,37,4175,布那斯,
E,37,4176,達唔古拉,
E,37,4177,撒拉望,
E,37,4178,巴里杜布,
E,37,4179,瑪拉斯,
E,37,4180,點當安,
E,38,4300,南沙魯,
E,38,4301,瑪雅,
E,38,4302,達卡努瓦,
E,38,4303,古墨樂,
E,38,4304,瀰富羅,
E,38,4306,瀰漓扎實,
E,38,4307,托亞奇伊,
E,38,4308,達梧芒,
E,38,4309,可包娃,
E,38,4310,得樂富絲,
E,38,4311,達那烏茲,
E,38,4312,瀰瀰離,
E,38,4313,阿里外,
E,38,4314,拉祖魯鞥,
E,38,4315,吧杜地巴利,
E,38,4316,昂娃那,
E,38,4317,那都魯薩,
E,38,4318,扎棧達威吉,
E,38,4319,達魯粽,
E,38,4320,卡那富,
E,38,4321,那布妮亞,
E,15,1931,龍目,
E,30,3440,富興,
E,32,3630,新寮,
E,16,2030,尖山腳,
E,27,3107,維新,
E,27,3108,文興,
E,25,2924,劉家,
E,25,2925,海山,
E,19,2361,中山,
E,12,1460,保泰,
E,11,1271,合作,
E,11,1270,明義,
E,27,3109,保安,
E,27,3110,復興,
E,14,1768,過溪,
E,15,1932,姑山,
E,24,2847,頂寮,
E,24,2848,下甲,
E,17,2156,仁義,
E,32,3631,新民庄,
E,30,3441,中正,
E,08,0938,苓港,
E,12,1461,鳳青,
E,04,0393,惠豐,
E,04,0390,油廠,
E,04,0391,油舍,
E,04,0392,大昌,
E,03,0258,新康,
E,03,0259,新華,
E,03,0260,左潭,
E,05,0584,明仁,
E,05,0582,德北,
E,05,0583,新都,
E,15,1933,小坪,
E,32,3632,埔仔厝,
E,19,2362,軍校,
E,19,2363,機場,
E,19,2364,石螺,
E,30,3443,旗門,
E,17,2157,觀音湖,
E,09,1047,興南,
E,19,2365,長榮,
F,01,0312,新莊,街後
F,01,0311,新莊,新莊
F,01,0300,頭前,頭前
F,01,0301,頭前,小田心子
F,01,0302,頭前,茄苳腳
F,01,0316,中港厝,
F,01,0315,萖子林,
F,01,0306,海山頭,柴橋頭
F,01,0308,海山頭,石龜
F,01,0307,海山頭,三角子
F,01,0319,十八份坑,十八份坑
F,01,0320,十八份坑,長窠子
F,01,0303,營盤,營盤邊
F,01,0304,營盤,營盤前
F,01,0305,營盤,營盤口
F,01,0317,頂坡角,頂坡角
F,01,0318,頂坡角,啞口坑
F,01,0313,西盛,西盛
F,01,0314,西盛,萖子林
F,01,0321,下坡角,
F,01,0309,埤角,頂埤角
F,01,0310,埤角,下埤角
F,01,0403,中正,
F,01,0404,輔大,
F,01,0407,自立,
F,01,0406,思賢,
F,01,0412,思源,
F,01,0409,中泰,
F,01,0411,復興,
F,01,0408,中誠,
F,01,0410,自強,
F,01,0414,新工,一
F,01,0415,新工,二
F,01,0417,化成,
F,01,0418,鴻福,
F,01,0419,恒安,
F,01,0420,立德,
F,01,0421,文德,
F,01,0422,全安,
F,01,0423,忠孝,
F,01,0424,榮和,
F,01,0416,文明,
F,01,0426,瓊林,
F,01,0431,公正,
F,01,0432,公館,
F,01,0434,新樹,
F,01,0433,光華,
F,01,0430,光榮,
F,01,0429,光明,
F,01,0428,民安,
F,01,0427,建國,
F,01,0435,豐年,
F,01,0440,四維,
F,01,0438,富國,
F,01,0437,後港,
F,01,0439,福營,
F,01,0436,瓊泰,
F,01,0446,龍鳳,
F,01,0447,合鳳,
F,01,0448,丹鳳,
F,01,0449,雙鳳,
F,01,0445,裕民,
F,01,0444,安和,
F,01,0441,立言,
F,01,0443,安泰,
F,01,0456,榮富,
F,01,0450,興化,
F,01,0451,福基,
F,01,0452,頭興,
F,01,0453,幸福,
F,01,0454,昌隆,
F,01,0455,和平,
F,02,0342,瑞樹坑,瑞樹坑
F,02,0343,瑞樹坑,後坑
F,02,0333,菁埔,中湖
F,02,0334,菁埔,樹林口
F,02,0335,菁埔,東湖
F,02,0336,菁埔,湖子
F,02,0337,菁埔,三塊厝
F,02,0338,菁埔,粉寮水尾
F,02,0339,菁埔,後湖
F,02,0340,菁埔,新寮
F,02,0341,菁埔,漳洲寮
F,02,0332,菁埔,菁埔
F,02,0346,大南灣,寶斗厝坑
F,02,0347,大南灣,嘉溪子坑
F,02,0344,小南灣,頂福
F,02,0345,小南灣,下福
F,02,0323,南勢埔,頭湖
F,02,0322,南勢埔,南勢埔
F,02,0324,南勢埔,大牛稠
F,02,0325,南勢埔,員堀子
F,02,0326,南勢埔,大崙
F,02,0327,南勢埔,竹圍子
F,02,0328,南勢埔,南勢埔尾
F,02,0329,南勢埔,前壓
F,02,0330,南勢埔,過崙子
F,02,0331,太平嶺,
F,02,0348,坪頂公堂,埤寮
F,02,0350,坪頂苦苓,
F,02,0351,工二,
F,02,0405,國宅,
F,03,0375,觀音坑,坑口
F,03,0381,觀音坑,福隆山
F,03,0376,觀音坑,直坑
F,03,0377,觀音坑,崩山
F,03,0378,觀音坑,中坑
F,03,0379,觀音坑,內岩
F,03,0380,觀音坑,田子埔
F,03,0372,成子寮,成子寮
F,03,0373,成子寮,獅子頭
F,03,0374,成子寮,北勢坑
F,03,0368,洲子,洲子
F,03,0369,洲子,御史坑
F,03,0352,五股坑,五股坑
F,03,0353,五股坑,壟砼坑
F,03,0354,五股坑,冷水坑
F,03,0358,石土地公,石土地公
F,03,0359,石土地公,外寮
F,03,0360,石土地公,蓬萊坑
F,03,0355,水碓,水碓
F,03,0356,水碓,水碓窠
F,03,0357,水碓,塭底
F,03,0362,更寮,褒子寮
F,03,0361,更寮,更寮
F,03,0363,更寮,洲子尾
F,03,0364,更寮,鴨母港
F,03,0365,更寮,下竹圍
F,03,0366,更寮,樹林頭
F,03,0367,更寮,羅古
F,03,0370,新塭,新塭
F,03,0371,新塭,舊塭
F,03,0413,五工,
F,03,0425,石德,
F,04,1703,水湳,
F,04,1701,中路,
F,04,1704,樓子厝,
F,04,1702,南港子,
F,04,1700,溪墘,
F,04,1734,光華,
F,04,1735,重陽,
F,04,1742,復興,
F,04,1743,民族,
F,04,1744,民權,
F,04,1745,民生,
F,04,1746,保新,
F,04,1747,保佑,
F,04,1748,保和,
F,04,1749,集賢,
F,04,1750,鷺江,
F,04,1752,成功,
F,04,1753,和平,
F,04,1755,樹德,
F,04,1756,中山,
F,04,1751,信義,
F,04,1754,民義,
F,04,1757,中原,
F,04,1758,光明,
F,04,1759,九芎,
F,04,1762,正義,
F,05,1713,三重埔,大竹圍
F,05,1711,三重埔,菜寮
F,05,1709,三重埔,過圳
F,05,1707,三重埔,田心子
F,05,1705,三重埔,長泰
F,05,1708,三重埔,六張
F,05,1710,三重埔,三張
F,05,1716,三重埔,簡子畬
F,05,1715,三重埔,竹圍子
F,05,1714,三重埔,同安厝
F,05,1712,三重埔,港墘
F,05,1706,三重埔,後埔
F,05,1722,二重埔,中興
F,05,1720,二重埔,頂田心子
F,05,1719,二重埔,五谷王
F,05,1723,二重埔,大有
F,05,1721,二重埔,陡門頭
F,05,1718,二重埔,頂崁
F,05,1717,重新,壹
F,05,1725,永安,
F,05,1724,幸福,
F,05,1726,仁愛,
F,05,1727,仁義,
F,05,1729,碧華,
F,05,1728,五華,
F,05,1733,仁興,
F,05,1731,永德,
F,05,1732,忠孝,
F,05,1730,新海,
F,05,1736,龍濱,
F,05,1737,龍門,
F,05,1738,三和,
F,05,1739,正義,
F,05,1740,安慶,
F,05,1741,大智,
F,05,1760,光榮,
F,05,1761,長樂,
F,05,1768,光興,
F,05,1767,大同南,
F,05,1769,福德南,
F,05,1766,福德北,
F,05,1764,長壽,
F,05,1763,正義北,
F,05,1765,文化北,
F,06,0393,大窠坑,大窠坑
F,06,0396,大窠坑,橫窠子
F,06,0394,大窠坑,柯厝坑
F,06,0395,大窠坑,錢厝坑
F,06,0397,大窠坑,半山子
F,06,0398,大窠坑,菍頭窠
F,06,0400,山腳,大窠口
F,06,0401,山腳,溝子墘
F,06,0399,山腳,店子
F,06,0402,山腳,吳厝窠
F,06,0392,貴子坑,
F,06,0387,義學,麻竹坑
F,06,0385,義學,義學下
F,06,0386,義學,義學頂
F,06,0388,義學,蘇厝窠
F,06,0391,楓樹腳,楓樹腳
F,06,0389,崎子腳,崎子腳
F,06,0390,崎子腳,大崎頭
F,06,0382,泰山,一
F,06,0383,泰山,二
F,06,0384,泰山,三
F,06,0458,同興,
F,06,0457,楓江,
F,06,0461,同榮,
F,06,0462,南林,
F,06,0464,中山,
F,06,0463,明志,
F,06,0459,泰林,
F,06,0460,黎明,
F,07,0504,大坪林,寶斗厝
F,07,0502,大坪林,二十張
F,07,0501,大坪林,十二張
F,07,0503,大坪林,十四張
F,07,0505,大坪林,新店
F,07,0500,大坪林,七張
F,07,0522,安坑,大湖底
F,07,0514,安坑,十四分
F,07,0519,安坑,石頭厝
F,07,0511,安坑,四城
F,07,0539,安坑,大楠坑
F,07,0529,安坑,大粗坑
F,07,0531,安坑,溪西
F,07,0537,安坑,一股坡
F,07,0754,安坑,車子路
F,07,0507,安坑,下城
F,07,0530,安坑,溪州
F,07,0540,安坑,九甲三
F,07,0535,安坑,公館崙
F,07,0541,安坑,薏仁坑
F,07,0506,安坑,頂城
F,07,0524,安坑,大茅埔
F,07,0508,安坑,頭城
F,07,0528,安坑,小粗坑
F,07,0516,安坑,下五十六分
F,07,0509,安坑,二城
F,07,0510,安坑,三城
F,07,0526,安坑,內挖子
F,07,0523,安坑,大坪頂
F,07,0538,安坑,豬肚山
F,07,0533,安坑,南興
F,07,0520,安坑,芊蓁湖
F,07,0512,安坑,五城
F,07,0513,安坑,柴埕
F,07,0527,安坑,深坑子
F,07,0517,安坑,六十三分
F,07,0525,安坑,外挖子
F,07,0536,安坑,三城湖
F,07,0518,安坑,二叭子
F,07,0515,安坑,上五十六分
F,07,0521,安坑,大坪腳
F,07,0532,安坑,木柵
F,07,0534,安坑,樟荖寮
F,07,0559,青潭,蕃薯寮
F,07,0565,青潭,十六分
F,07,0571,青潭,子頭
F,07,0574,青潭,德高嶺
F,07,0566,青潭,員潭子坑
F,07,0560,青潭,楣子寮
F,07,0573,青潭,土崎頭
F,07,0569,青潭,湖閃坑
F,07,0563,青潭,十二分
F,07,0575,青潭,濕水子
F,07,0567,青潭,稻子園坑
F,07,0572,青潭,大崎腳
F,07,0568,青潭,油車坑
F,07,0576,青潭,青潭
F,07,0570,青潭,雙坑
F,07,0561,青潭,六分
F,07,0564,青潭,四十分
F,07,0562,青潭,十分
F,07,0543,直潭,灣潭
F,07,0542,直潭,直潭
F,07,0545,直潭,過橋坑
F,07,0546,直潭,蘆竹濫
F,07,0548,直潭,赤皮湖
F,07,0547,直潭,小粗坑
F,07,0550,直潭,湖子內
F,07,0557,直潭,中溪洲
F,07,0544,直潭,塗潭
F,07,0554,直潭,磺窟
F,07,0556,直潭,下石厝
F,07,0551,直潭,康雅崙
F,07,0553,直潭,猴湖
F,07,0558,直潭,小坑
F,07,0549,直潭,屈尺
F,07,0555,直潭,廣興
F,07,0552,直潭,頂石厝
F,07,0577,平廣,
F,07,0578,龜山,龜山
F,07,0579,龜山,大粗坑
F,07,0757,華城一,
F,07,0758,華城二,
F,07,0756,秀岡,
F,07,0759,花園,
F,07,0761,中正,
F,07,0762,中華,
F,07,0763,民權,
F,07,0764,大豐,
F,07,0765,建國,
F,07,0766,明德,
F,07,0767,中央,
F,07,0768,莊敬,
F,07,0769,復興,
F,07,0770,順安,
F,07,0772,禾豐一,
F,07,0773,禾豐二,
F,07,0774,禾豐三,
F,07,0775,福園,
F,07,0776,環河,
F,07,0777,北新,
F,07,0778,北宜,
F,07,0779,碧潭,
F,07,0771,寶元,
F,07,0780,寶強,
F,07,0781,寶橋,
F,07,0782,寶興,
F,07,0783,五峰,
F,07,0784,惠國,
F,07,0785,秀岡一,
F,07,0789,行政,
F,07,0791,文山,
F,07,0793,廣明,
F,07,0792,新坡,
F,07,0790,光明,
F,07,0802,民安,
F,07,0798,永業,
F,07,0801,安德,
F,07,0797,太平,
F,07,0800,安和,
F,07,0799,新和,
F,08,0600,烏塗窟,樟空子
F,08,0605,小格頭,外楒子腳
F,08,0620,小格頭,石崁頭
F,08,0599,烏塗窟,四分子
F,08,0601,烏塗窟,月扇湖
F,08,0598,烏塗窟,橫坪
F,08,0614,小格頭,水底寮
F,08,0621,小格頭,十三股
F,08,0602,烏塗窟,大格門
F,08,0607,小格頭,中楒子腳
F,08,0597,烏塗窟,蛇舌子
F,08,0615,小格頭,直潭
F,08,0612,小格頭,車閂寮
F,08,0616,小格頭,潭腰
F,08,0613,小格頭,十股寮
F,08,0618,小格頭,獅子頭坑
F,08,0619,小格頭,坑內
F,08,0617,小格頭,竹坑
F,08,0603,小格頭,小格頭
F,08,0611,小格頭,荖寮
F,08,0610,小格頭,塗潭
F,08,0606,小格頭,楠枋寮
F,08,0622,小格頭,濕水子
F,08,0604,小格頭,內楒子腳
F,08,0608,小格頭,崙尾寮
F,08,0623,小格頭,土巷
F,08,0609,小格頭,五郎寮
F,08,0582,大溪墘,藤寮坑
F,08,0584,大溪墘,蚯蚓坑
F,08,0585,雙溪,串空湖
F,08,0586,雙溪,雙溪
F,08,0583,大溪墘,下紙寮坑
F,08,0587,雙溪,吊橋
F,08,0589,蓬菜寮,蕃薯寮
F,08,0588,蓬菜寮,蓬菜寮
F,08,0590,蓬菜寮,半路店
F,08,0592,蓬菜寮,小粗坑
F,08,0591,蓬菜寮,湳子
F,08,0593,烏塗窟,烏塗窟
F,08,0594,烏塗窟,摸乳巷
F,08,0595,烏塗窟,溪邊寮
F,08,0596,烏塗窟,員山子
F,08,0580,大溪墘,大溪墘
F,07,0861,新小坑,
F,08,0581,大溪墘,大湖格
F,08,0656,崩山,磨石坑
F,08,0657,玉桂嶺,玉桂嶺
F,07,0854,新烏,
F,07,0858,松林,
F,07,0860,長福,
F,07,0859,雙溪口,
F,07,0857,新龜山,
F,08,0634,排寮,十八重溪
F,08,0632,新興坑,八分寮
F,08,0631,新興坑,深按
F,08,0633,排寮,排寮
F,08,0627,小格頭,二格
F,08,0628,小格頭,小金瓜寮
F,08,0630,新興坑,新興坑
F,08,0629,小格頭,柑腳
F,08,0624,小格頭,大湖
F,08,0625,小格頭,火燒樟
F,08,0626,小格頭,雷公坡
F,08,0658,玉桂嶺,西勢坑
F,08,0638,松柏崎,頂紙寮坑
F,08,0651,員潭子坑,上橫坪
F,08,0655,崩山,大崙
F,08,0652,員潭子坑,石崁
F,08,0653,員潭子坑,下橫坪
F,08,0654,崩山,崩山
F,08,0640,松柏崎,松柏崎
F,08,0642,乾溝,後坑子
F,08,0643,乾溝,石空子
F,08,0646,員潭子坑,員潭子坑
F,08,0644,石碇,石碇
F,08,0641,乾溝,乾溝
F,08,0645,火燒樟,
F,08,0647,員潭子坑,九寮子埔
F,08,0648,員潭子坑,外按
F,08,0650,員潭子坑,小粗坑
F,08,0649,員潭子坑,湳窟
F,08,0635,排寮,石碇子埔
F,08,0637,松柏崎,九橧坪
F,08,0636,排寮,番子坑
F,08,0639,松柏崎,耳空龜
F,08,0661,玉桂嶺,南勢坑
F,08,0663,楓子林,冷飯坑
F,08,0813,桶後北,
F,08,0662,楓子林,楓子林
F,08,0812,玉豐,
F,08,0664,鹿窟,鹿窟
F,09,0679,升高坑,升高坑
F,09,0676,萬順寮,草地尾
F,09,0678,烏月,旺躭
F,09,0675,萬順寮,三腳木
F,09,0677,烏月,烏月
F,09,0671,萬順寮,萬順寮
F,09,0672,萬順寮,圳古後
F,09,0665,深坑子,深坑子
F,09,0668,深坑子,麻竹寮
F,09,0666,深坑子,新埤內
F,09,0670,深坑子,半山
F,09,0669,深坑子,草地頭
F,09,0667,深坑子,深坑
F,09,0682,土庫,崩山
F,09,0683,土庫,賴仲坑
F,09,0685,土庫,土庫
F,09,0680,升高坑,炙子頭
F,09,0688,阿柔坑,向天湖
F,09,0689,阿柔坑,土巷
F,09,0681,土庫,土庫尖
F,09,0684,土庫,大坪
F,09,0686,阿柔坑,阿柔洋
F,09,0687,阿柔坑,苮腳坑
F,09,0673,萬順寮,大坑外股
F,09,0674,萬順寮,大坑
F,09,0821,埔新,
F,10,0696,坪林,坪林
F,10,0697,坪林,水柳腳腳
F,10,0698,坪林,黃舉皮寮
F,10,0700,坪林,嶺腳坑
F,10,0701,九芎林,九芎林
F,10,0699,坪林,烏窟子
F,10,0702,九芎林,鶯子瀨
F,10,0703,九芎林,石侫
F,10,0704,九芎林,尖山湖
F,10,0707,九芎林,四堵
F,10,0706,九芎林,倒吊子
F,10,0705,九芎林,杄牛寮
F,10,0711,灣潭,幼瀨
F,10,0710,灣潭,灣潭
F,10,0709,㝃魚堀,仁里
F,10,0708,㝃魚堀,㝃魚堀
F,10,0712,灣潭,石硿子
F,10,0713,灣潭,粗窟
F,10,0714,坑子口,桶盤嶼
F,10,0717,坑子口,樹梅嶺
F,10,0716,坑子口,竹子易
F,10,0715,坑子口,崩山坑
F,10,0718,坑子口,上坑子口
F,10,0719,坑子口,下坑子口
F,10,0720,水聳淒坑,水聳淒坑
F,10,0721,水聳淒坑,大湖尾
F,10,0722,水聳淒坑,磨壁潭
F,10,0723,水聳淒坑,苦苓腳
F,10,0724,厚德岡坑,厚德岡坑
F,10,0725,厚德岡坑,東坑
F,10,0726,厚德岡坑,籐寮坑
F,10,0727,厚德岡坑,大湖尾坑
F,10,0728,大粗坑,大粗坑
F,10,0729,大粗坑,九芎坑
F,10,0730,大粗坑,虎寮潭
F,10,0731,大舌湖,大舌湖
F,10,0733,大舌湖,乾溪
F,10,0732,大舌湖,樟空子
F,10,0734,大舌湖,粗石斛
F,10,0735,楣子寮,楣子寮
F,10,0736,楣子寮,小粗坑
F,10,0738,闊瀨,枋山坑
F,10,0737,闊瀨,闊瀨
F,09,0692,阿柔坑,大崙尾
F,09,0695,阿柔坑,大崙腳
F,09,0693,阿柔坑,炮子崙
F,09,0820,永安,
F,09,0694,阿柔坑,公館後
F,10,0814,鹿寮,
F,10,0819,碧湖,
F,10,0818,水鴨嶺,
F,10,0815,姑婆寮西,
F,10,0817,坪堵,
F,11,0747,信賢,
F,10,0816,姑婆寮東,
F,11,0745,烏來,
F,11,0746,忠治,
F,11,0748,福山,
F,11,0749,哪哮,
F,11,0750,屯鹿,
F,14,0011,海山,
F,14,0012,國光,
F,14,0005,重慶,
F,14,0013,光仁,
F,14,0014,光華,
F,14,0015,大庭,
F,14,0016,文化,
F,14,0021,埔墘,
F,14,0017,公館,
F,14,0018,幸福,
F,14,0022,港子嘴,
F,11,0855,嘎佑,
F,11,0856,堰堤,
F,14,0008,民權,
F,14,0009,中山,
F,14,0010,介壽,
F,14,0003,信義,
F,14,0004,和平,
F,14,0007,民族,
F,14,0006,府中,
F,11,0832,波露,
F,14,0002,仁愛,
F,14,0001,忠孝,
F,11,0827,南勢,
F,11,0828,環山,
F,11,0829,西羅岸,
F,11,0830,西坑,
F,11,0831,內洞,
F,14,0023,江子翠,第一崁
F,14,0024,江子翠,第二崁
F,14,0025,江子翠,第三崁
F,14,0026,江子翠,第四崁
F,14,0027,江子翠,新埔
F,14,0028,江子翠,溪頭
F,14,0029,江子翠,大埔尾
F,14,0030,江子翠,中洲
F,14,0166,福安,
F,14,0167,大同,
F,14,0160,新興,
F,14,0161,亞東,
F,14,0162,新雅,
F,14,0163,僑中,
F,14,0164,大觀,
F,14,0165,力行,
F,14,0168,篤行,
F,14,0169,民生,
F,15,0044,十三添,十三添
F,15,0043,十三添,打鐵坑
F,15,0060,大埔,柑子樹腳
F,15,0059,大埔,大埔
F,14,0223,環翠,
F,15,0040,白雞,紫微
F,15,0039,白雞,白雞
F,15,0047,公館後,劉厝埔
F,15,0048,公館後,隆恩埔
F,15,0072,挖子,
F,15,0073,橫溪,溪南
F,14,0222,板翠,
F,14,0221,江翠,
F,14,0218,新都,
F,14,0220,永翠,
F,15,0050,成福,小暗坑
F,15,0049,成福,成福
F,15,0058,麻園,麻園
F,15,0057,麻園,溪墘寮
F,15,0069,東眼,東麓
F,15,0051,麥子園,劉厝埔
F,15,0054,大寮,
F,15,0056,三峽,公館尾
F,15,0052,麥子園,麥子園
F,15,0053,山員潭子,
F,15,0055,三峽,三峽
F,15,0045,礁溪,
F,15,0063,大埔,十八份
F,15,0041,白雞,烏才頭
F,15,0042,十三添,菍舌尾
F,15,0065,鳶山,
F,15,0066,中埔,
F,15,0067,劉厝埔,
F,15,0068,隆恩埔,
F,15,0064,大埔,五鬮
F,15,0046,公館後,公館後
F,15,0071,茅埔,
F,15,0070,東眼,金敏子
F,14,0198,五權,
F,14,0216,光環,
F,14,0217,大豐,
F,15,0074,橫溪,溪北
F,15,0075,橫溪,坪林
F,15,0076,橫溪,頂寮
F,15,0079,竹崙,崙尾
F,15,0080,八張,八張
F,15,0078,竹崙,竹坑
F,15,0077,福德坑,
F,15,0082,五寮,五寮
F,15,0062,大埔,二鬮
F,15,0061,大埔,圳子頭
F,15,0081,八張,坡子墘
F,15,0085,插角,熊空
F,15,0086,插角,有木
F,15,0088,插角,內插角
F,15,1910,東眼,東眼
F,15,0083,五寮,菜園地
F,15,0084,五寮,詩朗
F,15,1909,介壽,
F,15,0087,插角,外插角
F,15,1911,民權,
F,15,1935,中園,
F,16,0094,大湖,樟普坑
F,16,0092,大湖,大竹圍
F,16,0091,大湖,崁腳
F,15,1965,佳興,
F,15,1943,湊合段,
F,15,1966,長泰,
F,15,1969,正義,
F,16,0089,橋子頭,
F,15,1968,永安,
F,15,1967,安溪,
F,16,0093,大湖,三界公坑
F,15,1970,龍福,
F,16,0090,大湖,大湖
F,16,0095,大湖,圳子頭坑
F,16,0097,大湖,中坑
F,16,0096,鶯歌,牛灶坑
F,16,0098,南靖厝,
F,16,0099,尖山,尖山埔
F,16,0101,鶯歌,鶯歌
F,16,0100,尖山,尖山
F,17,0111,坡內坑,
F,17,0109,石灰坑,下斗門頭
F,17,0110,樟樹窟,
F,17,0108,石灰坑,上斗門頭
F,17,0112,桃子腳,
F,16,1978,橋子頭一,
F,17,0113,三角埔,
F,17,0114,圳岸腳,
F,17,0106,石灰坑,石灰坑
F,16,1980,橋子頭三,
F,16,1962,尖山腳,
F,16,1963,二橋,
F,16,1971,三鶯,
F,16,1972,南靖,
F,17,0120,彭福,樹林
F,17,0122,潭底,
F,17,0123,潭底,工業區
F,17,0124,石頭溪,上石頭溪
F,17,0121,？子寮,
F,17,0107,石灰坑,風爐坑
F,17,0125,石頭溪,下石頭溪
F,17,0115,崙子,
F,17,0116,彭福,後村
F,17,0117,彭福,彭厝
F,17,0119,彭福,太平橋
F,16,1979,橋子頭二,
F,17,0126,石頭溪,田尾
F,17,0127,石頭溪,柑園
F,16,1977,二甲,
F,17,0128,山子腳,山子腳
F,17,0129,山子腳,太高坑
F,17,0130,山子腳,橫坑子
F,17,0131,山子腳,中坑
F,17,0132,山子腳,蓋淡坑
F,17,0133,三塊厝,
F,17,0134,溪墘厝,溪墘厝
F,17,0135,溪墘厝,柑園
F,17,1900,博愛,
F,17,1901,復興,
F,17,1902,樹德,
F,17,1903,育英,
F,17,1904,大同,
F,17,1920,鎮前,
F,17,1921,太平,
F,17,1922,中華,
F,17,1923,水源,
F,17,1919,東昇,
F,17,1924,慈恩,
F,17,1953,圳民,
F,17,1954,圳福,
F,17,1964,福興,
F,17,1973,北園,
F,17,1974,西園,
F,18,1812,南勢角,外南勢角
F,17,1975,南園,
F,17,1976,東園,
F,18,1799,潭墘,潭墘
F,18,1800,漳和,二八張
F,18,1801,漳和,山腳
F,18,1802,漳和,枋寮
F,18,1803,漳和,廟子尾
F,18,1804,漳和,瓦磘
F,18,1805,中坑,牛埔
F,18,1806,中坑,灰磘
F,18,1808,外員山,
F,18,1807,四十張,
F,17,1951,圳德段,
F,18,1809,員山子,
F,18,1810,永和,水尾
F,18,1811,永和,芎蕉腳
F,18,1813,南勢角,頂南勢角
F,18,1814,南勢角,橫路鹿寮
F,18,1815,秀朗,尖山腳
F,18,1834,南勢角,興南
F,18,1835,民享,
F,18,1836,民生,
F,18,1837,新生,
F,18,1857,景福,
F,18,1858,大智,
F,18,1859,秀峰,
F,18,1838,漳和,協和
F,18,1860,大仁,
F,18,1861,秀山,
F,18,1862,景新,
F,18,1863,景平,
F,18,1864,中安,
F,18,1865,公園,
F,18,1866,保健,
F,18,2009,自強,
F,19,0180,頂福,
F,19,0181,土城,
F,19,0182,大安,
F,18,2010,華福,
F,18,2011,民利,
F,19,0183,員仁,
F,19,0184,永和,
F,19,0178,瑞興,
F,19,0179,頂新,
F,18,2012,國道,
F,18,2013,灰磘,
F,18,2016,華中,
F,18,2015,橫路,
F,18,2014,盛昌,
F,19,0189,員和,
F,19,0190,員福,
F,19,0185,大巒,
F,19,0186,運校,
F,19,0187,永寧,
F,19,0136,柑林埤,
F,19,0137,清水坑,外冷水坑
F,19,0148,埤塘,內柑林埤
F,21,1569,明燈,
F,21,1430,猴硐,
F,21,1431,魚坑,尪子上天
F,21,1432,魚坑,八分寮
F,21,1433,魚坑,坑子內
F,21,1434,魚坑,大寮
F,21,1435,魚坑,頂坪
F,21,1436,魚坑,滴水子
F,21,1438,魚坑,瑞工
F,21,1437,魚坑,魚坑
F,21,1568,瑞芳,
F,21,1571,東和,
F,21,1572,爪峰,
F,21,1574,吉慶,
F,21,1575,吉安,
F,21,1576,瑞亭,
F,21,1592,新猴硐,
F,22,1439,十分寮,望古坑
F,22,1440,十分寮,頂寮子
F,21,1411,草山,草山
F,21,1412,鼻頭,
F,21,1415,水南洞,
F,21,1416,九芎橋,
F,21,1417,子寮,
F,21,1418,深澳,
F,21,1413,南子吝,南子吝
F,21,1414,南子吝,哩咾
F,21,1570,逢甲,
F,21,1427,三爪子,新路尾
F,21,1428,三爪子,三爪子坑
F,21,1429,龍潭堵,
F,21,1419,三爪子,蛇子形
F,21,1426,三爪子,魚寮子
F,21,1420,三爪子,員山子
F,21,1421,三爪子,中坑
F,21,1422,三爪子,烏塗窟
F,21,1424,三爪子,豎石
F,21,1425,三爪子,柴寮子
F,21,1423,三爪子,坪林
F,22,1441,十分寮,粗坑
F,22,1442,十分寮,平溪子
F,22,1443,十分寮,幼坑
F,22,1444,十分寮,南山坪
F,22,1445,十分寮,六分
F,22,1450,十分寮,番子坑
F,22,1451,十分寮,石灼坑
F,22,1452,十分寮,乾坑
F,22,1453,十分寮,石硿子
F,22,1454,十分寮,大湖
F,22,1455,石底,白石腳
F,22,1456,石底,薯榔寮
F,22,1457,石底,番子坑
F,22,1458,石底,竿蓁林
F,22,1459,石底,火燒寮
F,22,1460,石底,冬瓜寮坑
F,22,1461,石底,柴橋坑
F,22,1462,石底,平溪子
F,22,1463,石底,竿蓁坑
F,22,1464,石底,菁桐坑
F,22,1465,石底,石凓尖
F,22,1466,石底,嶺腳寮
F,22,1467,石底,石底
F,22,1468,石底,東勢格
F,22,1589,石底一,
F,22,1585,十分,
F,22,1586,南山一,
F,22,1587,南山二,
F,22,1588,平溪,
F,22,1577,東平,
F,22,1590,菁桐,
F,22,1591,白石,
F,23,1469,平林,麻竹坑
F,23,1470,平林,大瀨
F,23,1471,平林,新寮子
F,23,1527,三叉港,三叉港
F,23,1528,三叉港,土地公嶺
F,23,1529,三叉坑,三叉坑
F,23,1530,三叉坑,四分子
F,23,1514,魚行,公館
F,23,1515,魚行,內厝
F,23,1516,雙溪,雙溪
F,23,1517,雙溪,九分坑
F,23,1518,雙溪,苕谷坑
F,23,1519,雙溪,過港
F,23,1520,大平,大平
F,23,1521,大平,竹子山
F,23,1522,大平,破子寮
F,23,1523,大平,竿蓁坑
F,23,1524,大平,後寮子
F,23,1525,溪尾寮,溪尾寮
F,23,1526,溪尾寮,籐寮坑
F,23,1595,泰和,
F,24,1532,貢寮,內寮
F,23,1509,魚行,乾溪子口
F,23,1508,魚行,坑子內
F,23,1507,魚行,登子蘭坑口
F,23,1490,柑腳,外柑腳
F,23,1491,柑腳,盤山坑
F,23,1492,柑腳,中坑
F,23,1493,柑腳,下坑
F,23,1494,柑腳,崩山坑
F,23,1495,丁子蘭坑,
F,23,1480,武丹坑,尪子崙坑
F,23,1481,武丹坑,五分
F,23,1482,武丹坑,頂坪
F,23,1483,武丹坑,下坑
F,23,1484,武丹坑,粗坑
F,23,1485,料角坑,戇子坑
F,23,1486,料角坑,畚箕湖
F,23,1487,料角坑,料角坑
F,23,1488,料角坑,保成坑
F,23,1489,柑腳,柑腳
F,23,1500,烏山,三分二
F,23,1501,烏山,烏山
F,23,1502,烏山,大湖尾
F,23,1503,魚行,頂坑
F,23,1505,魚行,魚杭子
F,23,1504,魚行,礁溪子
F,24,1533,貢寮,貢寮
F,24,1534,丹裡,內寮
F,24,1535,丹裡,文秀坑
F,23,1506,魚行,乾溪子
F,23,1531,三叉坑,大埤
F,23,1573,南勢坑,
F,23,1578,雙柑,
F,23,1579,虎豹潭,
F,23,1580,坪溪,
F,23,1496,石壁坑,
F,23,1497,燦光寮,
F,23,1498,石凓,
F,23,1499,烏山,灣潭
F,23,1593,新基,
F,23,1594,雙平,
F,23,1510,魚行,粗坑子
F,23,1511,魚行,八股
F,23,1512,魚行,新店
F,23,1513,魚行,頂坪
F,24,1536,丹裡,尖山腳
F,24,1562,枋腳,
F,24,1544,田寮洋,卯澳
F,24,1543,田寮洋,萊萊
F,25,0900,頂中股,硫磺子坪
F,24,1584,仁和,
F,25,0904,頂中股,大孔尾
F,25,0905,下中股,田心子
F,24,1549,社里,舊社
F,24,1550,社里,水返港
F,24,1559,澳底,火炎山
F,24,1551,長潭,
F,24,1552,遠望坑,遠望坑
F,24,1553,遠望坑,草嶺頂
F,24,1554,撈洞,撈洞
F,24,1555,撈洞,蚊子坑
F,24,1556,撈洞,南勢坑
F,24,1557,撈洞,北勢坑
F,24,1558,澳底,澳底
F,24,1563,雞母嶺,巫里岸
F,24,1564,雞母嶺,雞母嶺
F,24,1560,澳底,石壁坑
F,24,1561,大石壁坑,
F,24,1582,新港,
F,24,1581,真美,
F,24,1583,仁里,
F,25,0901,頂中股,三重橋
F,25,0902,頂中股,林口
F,25,0903,頂中股,茅埔頭
F,24,1545,田寮洋,荖蘭
F,24,1546,田寮洋,入桂
F,24,1547,田寮洋,荖寮
F,24,1548,田寮洋,？？
F,24,1565,雞母嶺,土地公嶺
F,24,1566,下雙溪,下雙溪
F,24,1567,下雙溪,坑子內
F,24,1580,坪溪,
F,25,0912,下中股,南勢
F,25,0911,下中股,水尾
F,25,0913,下中股,社寮
F,25,0915,下中股,月眉
F,25,0914,下中股,崙子頂
F,25,0923,頂角,竹子山腳
F,25,0916,下中股,？子坪
F,25,0920,頂角,磺溪頭
F,25,0918,頂角,三界壇
F,25,0917,頂角,頂六股
F,25,0926,頂角,倒照湖
F,25,0925,頂角,六股林口
F,25,0924,頂角,下六股
F,25,0927,頂角,半嶺子
F,25,0921,頂角,曲尺坑子
F,25,0922,頂角,馬鞍格
F,25,0919,頂角,葵扇湖
F,25,0930,中角,尖山子
F,25,0929,頂角,牛埔子
F,25,1019,頂角,頂角
F,25,0936,中角,清水
F,25,0931,中角,西勢
F,25,1025,文化,
F,25,0932,中角,跳石
F,25,0934,中角,西勢湖
F,25,1024,中興,
F,25,0933,中角,大水堀
F,25,0935,中角,濆水
F,25,0937,中角,萬里阿突
F,25,0928,頂角,潭子內
F,26,0940,頂萬里加投,苦苓坪
F,25,1050,聖德,
F,25,1028,五福,
F,26,0939,頂萬里加投,土地公坑
F,26,0938,頂萬里加投,大坪崙子
F,25,1027,金美,
F,25,1026,溫泉,
F,25,1048,永興,
F,25,1049,萬西,
F,26,0941,頂萬里加投,大尖山
F,26,0942,頂萬里加投,鹿堀坪
F,26,0943,頂萬里加投,烏塗炭
F,26,0944,頂萬里加投,冷水堀
F,26,0945,頂萬里加投,崁腳
F,26,0956,中萬里加投,大坪
F,26,0954,中萬里加投,龜吼
F,26,0953,中萬里加投,湳子
F,26,0949,中萬里加投,麻斯廩
F,26,0951,中萬里加投,荖寮湖
F,26,0952,中萬里加投,粗坑子
F,26,0950,中萬里加投,中幅子
F,26,0957,中萬里加投,大湖
F,26,0955,中萬里加投,二坪
F,26,0966,下萬里加投,員潭子
F,26,0962,下萬里加投,七甲尾
F,26,0958,中萬里加投,野柳
F,26,0964,下萬里加投,公館崙
F,26,0969,下萬里加投,八斗子
F,26,0963,下萬里加投,芎蕉坪
F,26,0965,下萬里加投,磺溪子
F,26,0961,下萬里加投,萬里加投
F,26,0968,下萬里加投,清水溪
F,26,0967,下萬里加投,國聖埔
F,26,0960,下萬里加投,尪子上天
F,26,0959,下萬里加投,八斗坑內
F,26,0971,下萬里加投,頂寮
F,26,0973,下萬里加投,？子坪頂
F,26,0970,下萬里加投,坑頭
F,26,1021,萬里,
F,26,1020,北基,
F,26,1022,翡翠,
F,27,1100,淡水,庄子內
F,27,1105,淡水,新厝
F,27,1101,淡水,布埔頭
F,26,1023,海洋,
F,26,0972,下萬里加投,下寮
F,26,1029,大鵬,
F,27,1103,淡水,暗街子
F,27,1102,淡水,草厝尾
F,27,1104,淡水,後街子
F,27,1106,淡水,米市
F,27,1107,淡水,東興
F,27,1108,淡水,公館口
F,27,1109,淡水,新店
F,27,1110,淡水,福興
F,27,1111,淡水,三層厝
F,27,1112,淡水,永吉
F,27,1113,淡水,九崁
F,27,1114,淡水,協興
F,27,1115,淡水,元吉
F,27,1116,淡水,烽火
F,27,1117,淡水,龍目井
F,27,1118,淡水,砲台埔
F,27,1119,小八里坌子,竹圍子
F,27,1120,小八里坌子,外北勢
F,27,1121,小八里坌子,高厝坑
F,27,1122,小八里坌子,樹梅坑
F,27,1123,小八里坌子,內小八里坌子
F,27,1124,小八里坌子,土地公鼻
F,27,1126,庄子內,
F,27,1127,竿蓁林,外竿蓁林
F,27,1128,竿蓁林,內竿蓁林
F,27,1129,竿蓁林,庄子內
F,27,1130,沙崙子,
F,27,1131,油車口,油車口
F,27,1132,油車口,中崙子
F,27,1133,大庄埔,
F,27,1134,水碓子,
F,27,1135,北投子,
F,27,1136,三空泉,
F,27,1138,樹林口,樟栳寮坪
F,27,1139,樹林口,糞箕湖
F,27,1140,小坪頂,
F,27,1142,水梘頭,百六戛
F,27,1142,水頭,百六戛
F,27,1141,興福寮,
F,27,1143,水頭,社厝坑
F,27,1137,樹林口,樹林口
F,27,1144,水頭,瓦僚坑
F,27,1145,水梘頭,鄒厝崙
F,27,1145,水頭,鄒厝崙
F,27,1146,水梘頭,山子頂
F,27,1146,水頭,山子頂
F,27,1147,水頭,山子邊
F,27,1148,水頭,破布子腳
F,27,1149,水頭,大溪
F,27,1150,水梘頭,楓樹湖
F,27,1150,水頭,楓樹湖
F,27,1151,水頭,南勢埔
F,27,1153,水梘頭,埔子頂
F,27,1154,中田寮,後寮
F,27,1156,中田寮,大竹圍
F,27,1158,中田寮,演戲埔腳
F,27,1160,中田寮,大埤頭
F,27,1162,中田寮,泉州厝
F,27,1164,頂圭柔山,三塊厝
F,27,1165,頂圭柔山,番子厝
F,27,1166,頂圭柔山,後坑子
F,27,1167,頂圭柔山,相公山
F,27,1168,頂圭柔山,椿子林
F,27,1169,頂圭柔山,中洲子
F,27,1170,頂圭柔山,水汴頭
F,27,1171,蕃薯寮,安子內
F,27,1172,蕃薯寮,雲廣坑頭
F,27,1173,蕃薯寮,小坑子頭
F,27,1174,蕃薯寮,水碓
F,27,1144,水梘頭,瓦坑
F,27,1143,水梘頭,社厝坑
F,27,1191,灰磘子,公埔子
F,27,1192,灰磘子,田心子
F,27,1175,草埔尾,小中寮
F,27,1176,草埔尾,三角埔子
F,27,1177,草埔尾,崙頂
F,27,1178,草埔尾,北勢子
F,27,1179,草埔尾,南平
F,27,1180,林子,
F,27,1181,下圭柔山,
F,27,1182,興化店,前洲子
F,27,1183,興化店,牛埔子
F,27,1184,興化店,車路腳
F,27,1185,興化店,店子後
F,27,1193,灰磘子,八里堆
F,27,1194,灰磘子,後洲子
F,27,1195,灰磘子,新埔子
F,27,1196,大屯,番社前
F,27,1197,大屯,石頭厝
F,27,1198,大屯,六塊厝
F,27,1199,大屯,樹鼻子
F,27,1200,大屯,桂竹圍
F,27,1201,大屯,溪口
F,27,1286,仁愛,
F,27,1287,草麓,
F,27,1289,學府,
F,27,1290,米蘭,
F,27,1291,海鷗,
F,27,1186,興化店,下田寮
F,27,1187,興化店,頂田寮
F,27,1188,興化店,大牛稠
F,27,1189,灰磘子,番子田
F,27,1190,灰磘子,石頭埔
F,27,1292,海天,
F,27,1293,水仙,
F,27,1294,馬偕,
F,27,1295,竹圍,
F,27,1296,飛歌,
F,27,1297,關渡,
F,27,1298,大竿,
F,27,1304,淡海,
F,27,1305,新市,
F,27,1307,望高樓,
F,27,1308,沙崙,
F,27,1309,公司田,
F,27,1310,正德,
F,27,1311,中興,
F,27,1312,鄧公,
F,27,1313,長興,
F,27,1314,滬尾,
F,27,1315,中正,
F,27,1316,紅毛城,
F,27,1317,大義,
F,28,0981,鄉長厝,鄉長厝
F,28,0982,鄉長厝,過港
F,28,0983,樟樹灣,樟樹灣
F,28,0984,樟樹灣,蕃子寮
F,28,0992,北港,新山
F,28,0993,北港,五指山
F,28,0990,北港,北港口
F,28,0991,北港,烘內
F,28,1034,昊天,
F,28,0994,北港,柯子林
F,28,0995,叭嗹港,叭嗹港口
F,28,0996,叭嗹港,車坪寮
F,28,0988,橫科,南港子
F,28,0989,橫科,東勢坑
F,28,0999,叭嗹港,雙溪
F,28,0998,叭嗹港,小溪
F,28,1001,白匏湖,
F,28,0997,叭嗹港,烘內
F,28,1000,康誥坑,
F,28,1003,姜子寮,姜子寮
F,28,1004,姜子寮,石壁子
F,28,1006,石硿子,作坡內
F,28,1002,十三分,
F,28,1005,石硿子,石硿子
F,28,1013,中南,二
F,28,1012,中南,一
F,28,1010,智興,
F,28,1011,新峰,
F,28,1014,中南,四
F,28,1015,南港,二
F,28,1009,中正,
F,28,1008,鵠鵠崙,小坑
F,28,1007,鵠鵠崙,鵠鵠崙
F,28,0985,社后,社后頂
F,28,0986,社后,社后下
F,28,0987,橫科,橫科
F,28,1035,建成,
F,28,1033,厚德,
F,28,1030,同新,
F,28,1031,工建,
F,28,1032,大同,
F,28,1016,樟樹灣,忠孝
F,28,1018,東湖,七
F,28,1017,南港,一
F,28,1036,長安,
F,30,1288,烘爐,
F,30,1299,箭竹,
F,30,1330,埔頭,
F,30,1331,埔坪,
F,30,1332,芝柏,
F,30,1333,茂長,
F,30,1222,土地公埔,石曹子坑
F,30,1223,土地公埔,八連溪頭
F,30,1224,土地公埔,大湖
F,30,1225,土地公埔,土地公埔
F,30,1226,土地公埔,埔尾
F,30,1227,舊小基隆,舊庄
F,30,1228,舊小基隆,四棧橋
F,30,1229,舊小基隆,茂興店
F,30,1230,舊小基隆,埔頭
F,30,1231,舊小基隆,八連溪
F,30,1232,錫板,南勢岡
F,30,1233,錫板,梀板頭
F,30,1216,土地公埔,大水堀
F,30,1217,土地公埔,木屐寮
F,30,1218,土地公埔,五腳松
F,30,1219,土地公埔,員山子頂
F,30,1220,土地公埔,芋尾崙
F,30,1221,土地公埔,內柑宅
F,30,1239,北新庄子,楓子林
F,30,1240,北新庄子,店子
F,30,1241,北新庄子,田心子
F,30,1242,北新庄子,菜公坑
F,30,1243,北新庄子,車埕
F,30,1285,舊小基隆,山豬堀
F,30,1234,錫板,山豬堀
F,30,1235,錫板,蕃婆林
F,30,1236,錫板,海尾
F,31,1244,石門,石門
F,30,1237,錫板,小坑子
F,30,1238,北新庄子,龜子山
F,30,1209,後厝,大片頭
F,30,1210,後厝,北勢子
F,30,1211,後厝,陽住坑
F,30,1212,後厝,番子崙
F,30,1213,後厝,土地公坑
F,30,1214,後厝,番社後
F,30,1215,土地公埔,三板橋
F,31,1245,石門,石崩山
F,31,1246,下角,竹子湖
F,31,1266,老梅,公地
F,32,1267,大八里坌,大崁腳
F,32,1268,大八里坌,大堀湖
F,32,1269,大八里坌,？瑪蘭坑
F,32,1270,大八里坌,渡船頭
F,32,1271,大八里坌,蛇子形
F,32,1272,小八里坌,楓櫃斗湖
F,32,1273,小八里坌,荖阡坑
F,31,1262,老梅,九芎林
F,31,1263,老梅,尖山湖
F,31,1265,老梅,大丘田
F,31,1264,老梅,七股
F,31,1251,下角,小坑
F,31,1252,下角,尖子鹿
F,31,1253,下角,阿里荖
F,31,1254,下角,阿里磅
F,31,1255,頭圍,下員坑
F,31,1256,頭圍,崁子腳
F,31,1257,頭圍,八甲
F,31,1258,頭圍,楓林
F,31,1259,老梅,老崩山
F,31,1260,老梅,大溪墘
F,31,1261,老梅,豬槽潭
F,32,1274,小八里坌,舊城
F,32,1275,小八里坌,廈竹圍子
F,32,1276,小八里坌,中
F,32,1277,小八里坌,挖子尾
F,32,1278,小八里坌,埤子頭
F,32,1279,小八里坌,松子腳
F,32,1280,小八里坌,十三行
F,32,1281,小八里坌,訊塘埔
F,32,1282,下罟子,下罟子
F,32,1283,下罟子,長道坑口
F,32,1284,長道坑,
F,32,1300,大崁,
F,32,1301,大堀,
F,32,1302,埤頭,
F,32,1303,頂罟,
F,32,1321,臺北港,
F,32,1306,商港,
F,32,1320,中庄,
F,32,1322,訊塘,
F,32,1323,龍米,
F,32,1324,米倉,
F,32,1325,中山,
F,33,1823,永利,
F,33,1824,得和,
F,33,1825,中正,
F,33,1826,竹林,
F,33,1827,永福,
F,33,1828,文化,
F,33,1829,及人,
F,33,1830,頂溪,
F,33,1831,信義,
F,33,1832,仁愛,
F,33,1833,中信,
F,33,1839,民權,
F,33,1840,民治,
F,33,1844,國光,
F,33,1841,安樂,
F,33,1843,大新,
F,33,1842,永安,
F,33,1845,中興,
F,33,1846,保福,
F,33,1847,保生,
F,33,1848,永平,
F,33,1849,保平,
F,33,1850,樂華,
F,33,1851,水源,
F,33,1852,雙和,
F,33,1853,長堤,
F,33,1854,林森,
F,33,1855,得林,
F,33,1856,四維,
F,33,1850,樂華,
F,33,1851,水源,
F,33,1852,雙和,
F,33,1853,長堤,
F,33,1854,林森,
F,33,1855,得林,
F,33,1856,四維,
F,11,0751,啦卡,
F,11,0752,小寮,
F,11,0753,阿玉,
F,11,0794,水源,
F,11,0795,達棒,
F,11,0796,哈盆,
F,11,0803,羅宏,
F,11,0804,桶后,
F,11,0805,東坑,
F,07,0788,秀岡四,
F,27,1318,新興,
F,19,0191,城林,
F,15,1913,仁愛,
F,03,0492,御史,
F,18,1868,大華,
F,18,1867,安平,
F,01,0491,景德,
F,05,1772,正民,
F,05,1773,明志,
F,05,1775,雙園,
F,05,1770,富貴,
F,15,1914,和平,
F,05,1774,德新,
F,05,1771,大仁,
F,15,1912,民生,
F,10,0739,闊瀨,豹子廚
F,10,0740,柑腳坑,柑腳坑
F,10,0741,鷺鶿岫,鷺鶿岫
F,10,0742,鷺鶿岫,中心崙
F,10,0743,姑婆寮,
F,10,0744,金瓜寮,
F,10,0813,桶後北,
F,32,1326,長坑,
F,19,0192,沛陂,
F,19,0193,中華,
F,08,0659,玉桂嶺,九芎坑
F,17,1930,山佳,
F,07,0787,秀岡三,
F,19,0194,學成,
F,19,0195,樂利,
F,19,0196,學林,
F,19,0197,板院,
F,19,0199,安和,
F,19,0200,延和,
F,19,0201,延吉,
F,03,0493,成功,
F,05,1776,三民,
F,05,1778,田安,
F,05,1777,錦田,
F,18,1869,捷運,
F,09,0690,阿柔坑,南邦寮
F,09,0691,阿柔坑,王軍寮
F,27,1319,天生,
F,14,0170,中正,
F,02,0465,麗林,
F,02,0466,力行,
F,02,0467,建林,
F,02,0468,新林,
F,27,1334,樹梅,
F,06,0478,新林,十
F,06,0477,新林,九
F,06,0476,新林,八
F,06,0475,新林,七
F,06,0474,新林,六
F,06,0473,新林,五
F,06,0472,新林,四
F,06,0471,新林,三
F,06,0470,新林,二
F,06,0469,新林,一
F,06,0479,新林,十一
F,06,0480,新林,十二
F,06,0481,新林,十三
F,06,0482,新林,十四
F,06,0483,新林,十五
F,06,0484,新林,十六
F,06,0485,新林,十七
F,06,0486,新林,十八
F,06,0487,新林,十九
F,06,0488,新林,二十
F,06,0489,新林,二十一
F,06,0490,新林,二十二
F,19,0203,金城,
F,18,1871,景華,
F,18,1870,新和,
F,28,1039,崇德,
F,28,1041,金龍,
F,28,1038,保安,
F,28,1040,水源,
F,28,1037,保長,
F,19,0202,廷寮,
F,19,0204,清水,
F,19,0205,冷水,
F,17,1925,東豐,
F,17,1927,東山,
F,17,1926,樂山,
F,17,1928,味王,
F,17,1929,新興,
F,17,1931,佳園,
F,18,1872,南山,
F,18,1873,大同,
F,18,1874,復興,
F,18,1875,中和,
F,19,0206,青雲,
F,19,0208,尖山,
F,19,0209,石門,
F,19,0210,清化,
F,19,0207,永豐,
F,14,0171,中興,
F,11,0807,拳頭母,
F,11,0808,馬萬,
F,11,0809,茶墾,
F,07,0826,栗子園,
F,11,0806,模古,
F,22,1448,十分寮,五分寮
F,22,1446,十分寮,十分寮
F,22,1447,十分寮,月桃寮
F,11,0822,大桶山,
F,11,0810,檜山,
F,11,0811,馬岸,
F,19,0211,柑林,
F,19,0212,忠義,
F,19,0213,南天母,
F,16,0102,二甲九,
F,16,0103,阿南坑,阿南坑
F,23,1472,平林,內平林
F,11,0825,羅蘭,
F,24,1537,丹裡,鹽寮
F,19,0214,建安段,
F,19,0215,祖田,
F,19,0219,福華,
F,19,0224,明德,
F,19,0225,永福,
F,24,1538,田寮洋,虎子山
F,25,0906,下中股,金包里
F,11,0823,烏沙,
F,16,0104,阿南坑,茶山
F,11,0824,羅培,
F,16,0105,阿南坑,阿四坑
F,21,1405,四腳亭,四腳亭埔
F,21,1402,大坑埔,大坑埔
F,21,1406,四腳亭,楓子瀨
F,21,1404,四腳亭,四腳亭坑
F,21,1401,柑子瀨,苧子潭
F,21,1400,柑子瀨,柑子瀨
F,21,1408,金瓜石,
F,01,0494,中原,
F,21,1407,四腳亭,粗坑口
F,21,1403,大坑埔,大坑內
F,01,0495,副都心,一
F,06,0496,副都心,二
F,18,1876,連城,
F,18,1877,南工,
F,18,1878,信和,
F,18,1879,仁和,
F,18,1880,民樂,
F,18,1881,健康,
F,18,1882,安邦,
F,18,1883,台貿,
F,18,1884,光復,
F,17,1933,大學,二
F,17,1936,樹新,
F,25,0907,下中股,龜子山
F,25,0908,下中股,磺港
F,25,0909,下中股,南勢湖
F,25,0910,下中股,坑子內
F,28,0974,汐止,汐止
F,27,1335,坪頂,
F,27,1336,樹興,
F,27,1337,水源,
F,18,1885,中原,
F,18,1886,板南,
F,18,1887,橋和,
F,18,1888,福祥,
F,18,1889,福美,
F,18,1890,莊敬,
F,18,1891,廟美,
F,18,1892,瓦磘,
F,17,1937,文林,
F,17,1938,大安,
F,01,0498,信華,二
F,06,0497,信華,一
F,14,0172,成功,
F,18,1893,錦和,
F,18,1894,圓通,
F,18,1895,烘爐地,
F,18,1896,南勢,
F,18,1897,正南,
F,18,1898,東南,
F,18,1899,興南,
F,18,2000,華新,
F,18,2001,光環,
F,01,0499,副都心,三
F,01,2200,副都心,四
F,01,2201,副都心,五
F,01,2202,副都心,六
F,01,2203,副都心,七
F,01,2204,副都心,八
F,01,2205,副都心,九
F,01,2206,中原,一
F,01,2207,中原,二
F,03,2208,成州,
F,03,2209,芳洲,
F,28,0975,汐止,街后
F,28,0976,汐止,下寮
F,28,0977,茄苳腳,
F,28,0978,保長坑,保長坑
F,28,0979,保長坑,溪洲寮
F,28,0980,保長坑,石門
F,16,1905,中山,
F,28,1044,北山,
F,28,1042,福德,
F,28,1043,環河,
F,18,2002,新民,
F,18,2003,民富,
F,18,2004,員山,
F,18,2005,民有,
F,18,2006,三民,
F,18,2007,德光,
F,18,2008,莒光,
F,14,0173,振興,
F,01,2210,新豐,
F,02,2211,林口,
F,02,2212,行政,
F,07,0833,安康,
F,07,0834,安華,
F,07,0835,陽光,
F,17,1939,光武,
F,17,1940,三福,
F,28,1045,江北,
F,28,1046,福興,
F,28,1047,東勢,
F,07,0836,黎明,
F,07,0837,小城,
F,07,0838,玫瑰,
F,07,0839,安豐,
F,07,0840,蘭溪,
F,16,1906,中正,
F,16,1907,建國,
F,02,2213,麗林一,
F,02,2214,麗林二,
F,02,2215,竹林,
F,02,2216,佳林,
F,16,1908,國慶,
F,16,1944,陶瓷,
F,16,1945,國姓,
F,16,1946,昌福,
F,16,1947,永昌,
F,16,1952,鳳鳴,
F,16,1955,德昌,
F,08,0660,玉桂嶺,峰頭
F,14,0174,永安,
F,07,0841,香坡,
F,07,0842,雙城,
F,07,0843,安泰,
F,07,0844,錦秀,
F,28,1051,長青,
F,28,1052,北峰,
F,28,1053,八連,
F,28,1054,拱北,
F,05,1779,中華,
F,05,1780,興華,
F,05,1781,過田,
F,05,1782,菜寮,
F,05,1783,中民,
F,05,1784,大安,
F,05,1785,集美,
F,21,1409,草山,石梯坑
F,03,2217,德音,
F,03,2218,登林,
F,17,1941,武林,
F,14,0175,龍安,
F,14,0176,新板,一
F,05,1786,大有,
F,05,1787,二重,
F,05,1788,成功,
F,05,1789,疏洪,
F,05,1790,頂崁,
F,05,1791,興德,
F,05,1792,中興,
F,05,1793,五谷王一,
F,03,2219,陸光,
F,03,2220,五股,
F,07,0845,秀水,
F,07,0846,竹林,
F,07,0847,安興,
F,07,0848,祥和,
F,07,0849,安城,
F,14,0177,新板,二
F,14,0188,新板,三
F,30,1202,新小基隆,橫山
F,30,1203,新小基隆,二坪頂
F,30,1204,新小基隆,大坑
F,32,1329,荖阡,
F,32,1327,下罟,
F,32,1328,楓林,
F,05,1794,三重,
F,05,1795,五谷王,
F,26,0946,頂萬里加投,溪底
F,26,0947,中萬里加投,瑪鍊港內
F,26,0948,中萬里加投,瑪鍊港口
F,33,1816,龜崙蘭溪洲,頂溪洲
F,33,1817,龜崙蘭溪洲,下溪洲
F,33,1818,潭墘,潭墘
F,01,2221,新知,
F,03,2222,成蘆,
F,03,2223,成福,
F,03,2224,成泰,
F,03,2225,中興,
F,15,1915,國光,
F,15,1916,文化,
F,15,1917,隆恩,
F,15,1918,大仁,
F,15,1932,大學,一
F,01,2226,中環,
F,01,2227,信華,三
F,06,2228,信華,五
F,21,1410,草山,苦苓嶺
F,33,1819,潭墘,秀朗
F,33,1820,秀朗,虎吼口
F,33,1821,秀朗,下秀朗
F,33,1822,福和,
F,15,1934,民族,
F,16,1956,永吉,
F,16,1957,鳳福,
F,17,1942,備內,
F,17,1948,三龍,
F,17,1949,三多,
F,17,1950,圳生段,
F,07,0853,斯馨,
F,07,0850,濛濛谷,
F,07,0851,櫻花,
F,07,0852,梅花湖,
F,23,1473,平林,後番子坑
F,23,1474,平林,外平林
F,23,1475,平林,竹寮坑
F,23,1476,平林,下崁
F,23,1477,平林,埔尾
F,23,1478,平林,艋舺崙
F,23,1479,武丹坑,武丹坑
F,16,1958,福德,
F,16,1959,鳳祥,
F,16,1960,工藝,
F,16,1961,尖山堆,
F,06,2229,福興,
F,06,2230,同興一,
F,06,2231,文程,
F,06,2232,貴和,
F,31,1247,下角,五爪崙
F,31,1248,下角,石門
F,31,1249,下角,草埔尾
F,31,1250,下角,坪林
F,22,1449,十分寮,新寮
F,24,1539,田寮洋,新社田寮
F,24,1540,田寮洋,中心崙
F,24,1541,田寮洋,龜媽坑
F,24,1542,田寮洋,挖子
F,05,1796,仁信,
F,06,2233,新泰,
F,06,2234,橫窠,
F,06,2235,大窠,
F,06,2236,自強,
F,30,1205,新小基隆,新庄子
F,30,1206,新小基隆,陳厝坑
F,30,1207,新小基隆,埔頭坑
F,30,1208,新小基隆,蕃社後
F,27,1147,水梘頭,山子邊
F,27,1148,水梘頭,破布子腳
F,27,1149,水梘頭,大溪
F,27,1151,水梘頭,南勢埔
F,27,1152,水頭,白石腳
F,27,1152,水梘頭,白石腳
F,27,1153,水頭,埔子頂
F,27,1155,中田寮,破瓦厝子
F,27,1157,中田寮,桂花樹
F,27,1159,中田寮,口湖子
F,27,1161,中田寮,竹圍子
F,27,1163,中田寮,水尾子
F,16,1981,國際,
F,16,1982,西湖,
F,28,1055,秀山,
F,28,1056,白雲,
F,28,1057,白匏,
F,28,1058,汐碇,
F,03,2239,成子寮,
F,03,2240,觀音東,
F,03,2241,觀音西,
F,03,2242,五股坑一,
F,03,2243,五股坑二,
F,03,2244,五股坑三,
F,03,2245,福德,
F,27,1338,忠山,
F,27,1339,蕃薯,
F,27,1340,興仁,
F,27,1341,賢孝,
F,21,1596,深澳新,
F,25,1059,金山一,
F,25,1060,金山二,
F,25,1061,金山三,
F,24,1597,朝陽,
F,24,1598,龍崗,
F,24,1599,福隆,
F,24,1600,舊社,
F,15,1983,溪北,
F,15,1984,溪東,
F,15,1985,溪南,
F,27,1342,忠寮,
F,27,1343,忠源,
F,27,1344,天元,
F,27,1345,屯山,
F,27,1346,中和,
F,32,1347,楓櫃,
F,32,1348,大堀湖,
F,32,1349,龍形,
F,32,1350,龍源,
F,08,0862,豐林,
F,08,0863,淡蘭,
F,10,0864,保坪,
F,10,0865,大林,
F,25,1062,三和,
F,25,1063,山城,
F,25,1064,五湖,
F,25,1065,陽金,
F,30,1351,大湖,
F,30,1352,福海,
F,30,1353,芝蘭,
F,30,1354,榆林,
F,15,1986,麻園,
F,15,1987,大埔一,
F,15,1988,十三添一,
F,02,2246,東林,
F,02,2247,湖北,
F,02,2248,中湖,
F,02,2249,瑞平,
F,02,2250,太平一,
F,02,2251,太平二,
F,02,2252,嘉寶一,
F,02,2253,新頭湖,
F,19,0226,永寧一,
F,09,0867,文山,
F,09,0868,昇高,
F,09,0869,賴仲,
F,09,0870,新土庫,
G,01,0300,宜蘭,乾門
G,01,0301,宜蘭,坤門
G,01,0302,宜蘭,艮門
G,01,0303,宜蘭,巽門
G,01,0308,壯一,
G,12,0283,霧覽,
G,01,0304,金六結,五結
G,01,0305,金六結,六結
G,01,0306,金六結,七結
G,01,0307,金六結,金結
G,12,0282,發徒東,
G,01,0317,珍子滿力,擺厘
G,01,0328,壯三,
G,01,0313,革新,
G,01,0311,新張,
G,01,0312,延平,
G,01,0310,振興,
G,01,0309,凱旋,
G,01,0314,建蘭,
G,01,0320,珍珠,
G,01,0315,宜榮,
G,01,0321,辛子罕,
G,12,0272,東高,
G,01,0322,一結,一結
G,01,0323,一結,二結
G,11,0721,馬縫,
G,01,0326,四鬮,四鬮三
G,11,0720,田古爾,
G,01,0460,新城,鎮平
G,01,0318,北津,
G,01,0319,梅洲,
G,01,0494,思源,
G,02,0332,頭圍,
G,11,0719,見晴,
G,02,0344,新興,上新興
G,02,0345,新興,下新興
G,02,0336,大坑罟,
G,11,0718,加羅山,
G,02,0334,拔雅林,拔雅林
G,02,0335,拔雅林,武營
G,11,0717,發徒西,
G,02,0352,港澳,外澳
G,02,0351,港澳,港口
G,11,0716,加留坪,
G,02,0359,福成,福成
G,02,0360,福成,福德坑
G,11,0715,馬惱,
G,02,0353,金面,大金面
G,02,0354,金面,小金面
G,11,0714,東保,
G,02,0341,中崙,中崙
G,02,0343,中崙,新圍
G,02,0342,中崙,港仔墘
G,11,0713,四圍,
G,02,0355,下埔,下埔
G,02,0356,下埔,頂埔
G,02,0333,二圍,
G,02,0362,龜山,
G,11,0712,烏山,
G,02,0357,三抱竹,三抱竹
G,02,0358,三抱竹,打馬煙
G,11,0711,明池,
G,02,0349,梗枋,梗枋
G,02,0350,梗枋,石空
G,11,0710,棲蘭山,
G,02,0347,大溪,外大溪
G,02,0346,大溪,內大溪
G,02,0348,大溪,合興
G,11,0281,望洋南,
G,02,0337,大里簡,大里簡
G,02,0340,大里簡,石城子
G,02,0338,大里簡,蕃薯寮
G,02,0339,大里簡,桶盤堀
G,02,0361,竹安,
G,02,0482,新崙,
G,03,0367,白石腳,
G,03,0486,常興,
G,11,0280,芳山,
G,11,0279,平元,
G,03,0380,朝陽,
G,03,0372,七結,
G,03,0487,新塭,
G,11,0278,多門南,
G,03,0483,白玉,
G,11,0277,佐宇漠,
G,03,0484,玉泉,
G,11,0276,給里東,
G,11,0271,陵山,
G,03,0365,湯圍,湯圍
G,03,0366,湯圍,竹蒿厝
G,03,0385,奇立丹,
G,03,0371,六結,
G,11,0270,婆羅山,
G,03,0363,礁溪,礁溪
G,03,0364,礁溪,得子口
G,03,0381,民權,
G,11,0269,尖山,
G,03,0392,十六結,十六結
G,03,0377,玉田,
G,03,0485,協民,
G,11,0274,土場,
G,03,0373,林尾,
G,03,0383,實踐,
G,03,0376,民生,
G,03,0382,開蘭,
G,03,0370,四結,
G,03,0384,柴圍,
G,03,0368,大坡,
G,03,0374,匏杓崙,
G,03,0369,二結,
G,03,0379,玉光,
G,03,0378,光武,
G,03,0375,三民,
G,03,0475,協天,
G,03,0476,義結,
G,03,0477,忠義,
G,03,0478,白雲,
G,03,0479,玉石,
G,03,0480,德陽,
G,03,0481,五峰,
G,04,0402,古結,
G,04,0404,新福,
G,04,0415,中興,
G,04,0405,新南,
G,04,0416,中華,
G,03,0514,龍潭,
G,04,0419,公館,公館
G,04,0421,公館,後埤
G,04,0420,公館,番社
G,11,0258,太平山,
G,04,0422,솜後,솜後
G,04,0423,솜後,奇立板
G,04,0424,솜後,猫里霧罕
G,04,0411,復興,
G,04,0425,新興,
G,04,0418,過嶺,
G,04,0403,五權,
G,04,0413,壯東,
G,04,0410,壯志,
G,04,0417,五美,
G,04,0407,大富,
G,04,0429,功勞,
G,04,0414,美城,
G,04,0406,新社,
G,11,0275,仁澤,
G,04,0408,大福,大福
G,04,0409,大福,社頭
G,04,0412,三塊厝,
G,10,0266,張公圍,
G,05,0444,外員山,金包里古
G,05,0443,外員山,員山
G,10,0267,大坑,
G,05,0474,三鬮,三鬮二
G,05,0473,三鬮,大三鬮
G,05,0472,三鬮,內湖
G,05,0455,深溝,
G,05,0465,吧荖鬱,
G,10,0268,大湖,
G,05,0448,大湖,大湖
G,05,0449,大湖,茄苳林
G,05,0450,大湖,隘界
G,05,0451,大湖,雙連埤
G,01,0515,南門,
G,05,0445,內員山,內員山
G,05,0447,內員山,中和
G,05,0446,內員山,永廣
G,05,0467,結頭份,
G,09,0265,朝陽,
G,05,0461,新城,新城
G,05,0460,新城,鎮平
G,05,0462,新城,阿蘭城
G,05,0466,枕頭山,
G,05,0464,溪洲,
G,09,0264,新澳,
G,05,0452,洲子,洲子
G,05,0453,洲子,蚊子煙埔
G,05,0454,洲子,葫蘆堵
G,05,0458,七賢,
G,05,0459,金山,
G,05,0457,三泰,
G,05,0456,樂山,
G,09,0263,武荖坑,
G,05,0468,粗坑,粗坑
G,05,0470,粗坑,冷水坑
G,05,0469,粗坑,再連
G,05,0471,粗坑,破鐺坑
G,05,0463,同樂,
G,05,0493,永同,
G,05,0491,金古,
G,05,0490,外員,
G,05,0488,溫泉,
G,05,0489,員山,
G,05,0492,金泰,
G,06,0001,羅東,
G,09,0262,蘇新,
G,06,0003,阿里史,阿里史
G,06,0004,阿里史,浮崙
G,06,0002,竹林,
G,06,0005,十六份,
G,06,0006,十八埒,
G,06,0019,打那岸,
G,09,0261,隘城,
G,06,0011,北成,北成
G,06,0012,北成,北投
G,06,0014,西安,
G,06,0015,四維,
G,06,0013,仁愛,
G,06,0020,新群,
G,06,0021,羅群,
G,06,0010,國華,
G,06,0009,南昌,
G,06,0007,維揚,
G,06,0008,東光,
G,06,0022,興東,
G,06,0023,公正,
G,06,0189,北成,
G,06,0018,月眉,
G,06,0192,復興,
G,06,0193,中華,
G,06,0194,信義,
G,06,0195,東安,
G,06,0208,羅莊,
G,09,0260,文化,
G,07,0060,頂五結,頂五結
G,07,0061,頂五結,掃笏社
G,07,0037,四百名,
G,07,0033,中一結,
G,07,0034,中二結,
G,07,0051,國民,
G,07,0053,錦草,
G,07,0055,大眾,
G,07,0054,孝威,
G,07,0048,大義,
G,07,0050,大吉,
G,07,0049,雙結,
G,07,0063,四結,
G,07,0052,中興,
G,07,0039,삻橄社,
G,07,0038,大埔,
G,07,0036,五十二甲,
G,09,0259,新隘,
G,07,0041,利澤簡,利澤簡
G,07,0042,利澤簡,下福
G,07,0046,成興,
G,03,0518,結龍,
G,09,0247,思村,
G,07,0044,下清水,埤仔尾
G,07,0043,下清水,寶斗厝
G,05,0520,蘭城,
G,07,0027,頂清水,清水
G,07,0032,頂清水,婆羅幸子
G,07,0029,頂清水,社尾
G,07,0030,頂清水,流流
G,07,0031,頂清水,加禮宛
G,07,0028,頂清水,新店
G,07,0047,新水,
G,07,0025,下三結,
G,07,0026,二結,
G,07,0057,協和,
G,07,0058,協富,
G,07,0056,新삻,
G,07,0059,百松,
G,07,0064,五結,
G,07,0065,中福,
G,07,0190,成功,
G,05,0519,枕山,
G,08,0068,三堵,頭堵
G,08,0069,三堵,二堵
G,08,0070,三堵,三堵
G,08,0077,珍珠里簡,
G,09,0257,南溪,
G,08,0079,補城地,補城地
G,08,0080,補城地,里腦
G,08,0078,奇武荖,
G,08,0076,香員宅,
G,09,0256,南強,
G,08,0073,阿兼城,阿兼城
G,08,0074,阿兼城,內城
G,08,0075,阿兼城,淼淼
G,09,0252,永愛,
G,08,0066,冬山,冬山
G,08,0067,冬山,南興
G,09,0254,永安,
G,08,0081,太和,太和
G,08,0082,太和,楓樹橋
G,08,0100,太員,
G,08,0113,北富,
G,08,0112,南富,
G,08,0109,東興,
G,08,0110,香城,
G,08,0111,富農,
G,09,0255,七星,
G,08,0095,九份,九份
G,08,0096,九份,八仙
G,09,0253,保安,
G,08,0090,廣興,廣興
G,08,0091,廣興,柯子林
G,08,0107,梅林,
G,08,0104,光華,
G,05,0513,雙溪嘴,
G,08,0086,鹿埔,鹿埔
G,08,0089,鹿埔,松樹門
G,08,0088,鹿埔,龍目井
G,08,0087,鹿埔,茅埔圍
G,05,0512,大坪,
G,08,0092,順安,順安
G,08,0093,順安,紅水溝
G,08,0094,打那美,
G,08,0099,義成,
G,05,0511,水頭,
G,08,0084,員山,公埔
G,08,0083,員山,八寶
G,08,0085,員山,零工圍
G,08,0097,小南澳,
G,08,0101,福山,
G,08,0102,中山,
G,08,0105,鹿安,
G,08,0103,永美,
G,08,0108,梅花,
G,08,0106,興安,
G,08,0196,冬梅,
G,08,0198,興平,
G,08,0197,山明,
G,08,0201,群英,
G,08,0199,大進,
G,08,0200,進利,
G,08,0204,東城,
G,08,0203,香和,
G,08,0202,東和,
G,08,0215,福德,
G,08,0228,柯林,
G,09,0128,隆恩,
G,09,0131,新馬,
G,09,0126,功勞埔,功勞埔
G,09,0127,功勞埔,大坑罟
G,09,0122,港口,港口
G,09,0123,港口,嶺脚
G,09,0124,糞箕湖,糞箕湖
G,09,0125,糞箕湖,後湖
G,05,0510,成功,
G,09,0114,蘇澳,蘇澳
G,09,0115,蘇澳,白米甕
G,09,0116,蘇澳,南方澳
G,09,0117,蘇澳,北方澳
G,05,0509,水源,
G,09,0120,猴猴,猴猴
G,09,0121,猴猴,頂察
G,09,0129,隘丁,
G,05,0507,深福,
G,09,0132,新城,新城
G,09,0133,新城,武荖坑
G,09,0137,西帽,
G,09,0139,四方林,
G,09,0136,大南澳,
G,09,0118,南正,
G,09,0119,南安,
G,09,0135,東澳,
G,09,0134,龍德,
G,09,0138,烏岩,
G,09,0191,育英,
G,09,0212,蘇聖,
G,09,0210,聖湖,
G,09,0214,國姓,
G,09,0211,坪林,
G,09,0213,中央,
G,09,0222,箕山,
G,09,0225,蘇港,
G,09,0224,蘇市,
G,09,0223,中原,
G,09,0226,長安,
G,09,0227,永春,
G,05,0508,新洲子,
G,10,0161,三星,月眉
G,10,0162,三星,破布烏
G,10,0163,三星,天送埤
G,10,0164,三星,九芎湖
G,09,0251,九股,
G,10,0142,阿里史,阿里史
G,10,0143,阿里史,大埔
G,10,0144,阿里史,十九結
G,10,0147,阿里史,石頭圍
G,10,0145,阿里史,張公圍
G,10,0146,阿里史,大湖
G,10,0158,阿里史,草湖
G,09,0250,湖口,
G,10,0152,紅柴林,紅柴林
G,10,0153,紅柴林,二萬五
G,10,0154,紅柴林,八王圍
G,10,0157,清水,
G,09,0249,慶安,
G,10,0156,九芎湖,牛鬪
G,10,0155,九芎湖,玉蘭
G,10,0140,光明,
G,10,0141,拱照,
G,10,0148,大洲,
G,09,0248,濱海,
G,10,0149,中溪洲,中溪洲
G,10,0151,中溪洲,柏脚솜
G,10,0150,中溪洲,葫蘆堵
G,10,0217,尾塹,
G,10,0159,尾塹,尾塹
G,10,0160,尾塹,清洲
G,10,0167,尚義,
G,10,0165,大德,
G,10,0166,日興,
G,10,0205,星月,
G,10,0207,義德,
G,10,0206,集慶,
G,10,0216,長春,
G,10,0220,頂義,
G,10,0221,行健,
G,10,0219,石圍,
G,10,0218,新大洲,
G,10,0229,大埔,
G,10,0230,大隱,
G,11,0171,南山,
G,11,0176,崙埤,
G,11,0180,牛鬥,
G,11,0169,百韜,
G,11,0177,寒溪,
G,11,0182,四重,
G,11,0175,梵梵,
G,11,0179,大元,
G,11,0178,碼崙,
G,11,0172,茂安,
G,11,0168,米羅,
G,11,0181,四季,
G,11,0173,啞口,
G,11,0170,松羅,
G,09,0246,存仁,
G,11,0209,思源,
G,11,0174,粗坑,冷水坑
G,12,0185,南澳,
G,12,0187,東岳,
G,12,0188,武塔,
G,12,0186,仲岳,
G,12,0183,鹿皮,
G,12,0184,澳花,
G,01,0495,宜興,
G,01,0496,宜商,
G,01,0497,黎明,
G,01,0498,東村,
G,01,0499,新生,
G,01,0500,新店,
G,10,0233,健富,
G,10,0232,義富,
G,10,0231,萬貴,
G,10,0234,田心,
G,10,0235,桕脚솜,
G,05,0501,蚊子煙埔,
G,07,0236,中里,
G,07,0237,文祥,
G,07,0238,隆昌,
G,07,0239,百福,
G,07,0240,和平,
G,07,0241,三興,
G,07,0242,三結,
G,07,0243,學進,
G,07,0244,學新,
G,07,0245,鎮安,
G,05,0504,深惠,
G,05,0503,尚好,
G,05,0506,深洲,
G,05,0505,深賢,
G,01,0502,南橋,
G,12,0284,拉巴丸,
G,12,0285,次考干,
G,12,0286,銘山西,
G,12,0287,檜山南,
G,12,0288,矢櫃,
G,12,0289,雅音,
G,12,0290,發徒南,
G,12,0291,束穗,
G,12,0292,南湖東,
G,12,0293,澗澗庫南,
G,12,0294,澗澗庫北,
G,12,0295,巴奈良,
G,12,0296,清花,
G,12,0297,高律,
G,12,0298,芳北,
G,12,0299,馬望南,
G,12,0700,麻加南,
G,12,0701,馬望峰,
G,12,0702,基戞央,
G,12,0703,砲台,
G,12,0704,飯包,
G,12,0705,比亞亳,
G,12,0706,金巢北,
G,12,0722,東嶺,
G,12,0723,大白,
G,12,0724,蘭崁,
G,12,0725,蕃社坑,
G,12,0726,四區,
G,12,0727,鹿山,
G,12,0728,下銅山,
G,12,0729,翠峰,
G,12,0730,元山,
G,12,0731,金岳,
G,12,0732,飯山,
G,12,0733,富太,
G,11,0734,紫林,
G,11,0735,玉崙,
G,11,0736,松溪,
G,08,0708,安平,
G,02,0530,港口,
G,02,0529,大澳,
G,02,0528,外澳,
G,02,0527,更新,
G,02,0526,北勢坑,
G,02,0525,北關,
G,02,0524,合興,
G,02,0523,外大溪,
G,02,0522,大里,
G,02,0521,石城,
G,01,0517,和平,
G,01,0516,建業,
G,02,0532,白石湖,
G,02,0533,猴洞,
G,03,0393,三圍,
G,05,0536,玉東,
G,03,0394,茅埔,茅埔
G,03,0395,茅埔,奇武蘭
G,03,0396,踏踏,
G,03,0543,武暖,
G,03,0531,湯仔城,
G,03,0534,鵲子,
G,03,0535,石門,
G,05,0537,阿玉,
G,05,0538,紅柴,
G,05,0539,長嶺,
G,08,0707,內城,
G,08,0709,太和,
G,03,0540,桶後,
G,09,0273,蘇高,
G,09,0738,新溪東,
G,11,0739,石門,
G,11,0740,十六分,
G,11,0741,石溪,
G,11,0742,大溪,
G,11,0743,清溪,
G,11,0744,溫泉,
G,11,0745,清源,
G,11,0746,古魯,
G,11,0747,烏帽,
G,12,0748,寮山,
G,12,0749,西德,
G,12,0750,帽山,
G,12,0751,武坑,
G,12,0752,新溪西,
G,12,0753,小白山,
G,08,0737,冬白,
G,08,0754,大埤,
G,04,0541,吉祥一,
G,04,0542,吉祥二,
G,08,0755,梅山,
G,08,0756,仁山,
G,01,0544,宜福,
G,02,0552,頂埔,
G,02,0553,下埔,
G,03,0554,三民一,
G,03,0555,玉光一,
G,03,0556,開蘭一,
G,03,0557,開蘭二,
G,03,0558,開蘭三,
G,03,0559,溫泉,
G,08,0757,水源,
G,08,0758,廣興,
G,03,0401,番割田,
G,05,0551,大鬮,
G,05,0545,湖北,
G,05,0547,南勢,
G,05,0548,油車,
G,05,0546,船仔頭,
G,05,0549,鼻仔頭,
G,05,0550,茄苳林,
G,01,0560,茭白,
G,01,0561,梅洲新,
G,03,0562,永興,
G,09,0763,猴猴,
G,09,0764,頂寮,
G,02,0568,釣魚台,
G,02,0569,赤尾嶼,
G,02,0570,黃尾嶼,
G,02,0571,北小島,
G,02,0572,南小島,
G,03,0563,龍泉,
G,03,0564,三皇,
G,03,0565,龍潭湖,
G,03,0566,保安,
G,03,0567,刺仔崙,
G,10,0762,叭哩沙,
G,10,0759,八王城,
G,10,0761,二萬五,
G,10,0760,頂二萬五,
G,01,0573,雙福,
G,05,0574,慶安,
G,05,0575,同結,
G,05,0576,永結,
G,07,0766,利工,
G,07,0767,利成,
G,07,0768,利福,
G,07,0769,季寶,
G,08,0770,新奇武荖,
G,09,0765,新隆恩,
G,08,0772,義成一,
G,08,0773,義成二,
G,08,0774,義成三,
G,08,0775,義成四,
G,08,0776,義成五,
G,08,0777,義成六,
G,02,0577,新打馬煙,
G,02,0578,新竹安,
G,04,0579,大福一,
G,04,0580,大福二,
G,06,0771,新西安,
G,02,0581,草嶺,
G,02,0582,內大溪,
G,02,0583,橫山,
G,02,0584,溪頂,
G,02,0585,鷹嶺,
G,02,0586,石牌,
G,08,0778,打狗溪,
G,08,0779,野分山,
G,08,0780,十三分山,
G,08,0781,大伯爺坑,
G,09,0784,糞箕山,
G,09,0785,小帽山,
G,09,0786,圳頭坑,
G,11,0782,刺竹澳,
G,11,0783,新舊寮,
G,08,0789,鹿安一,
G,08,0790,鹿安二,
G,08,0788,義成八,
G,08,0787,義成七,
G,07,0792,新甲,
G,07,0791,加新,
G,02,0587,新金面,
G,02,0588,金盈,
G,02,0589,新二圍,
G,02,0590,中崙,
G,03,0600,公園,
G,02,0591,圓通,
G,03,0592,鵠仔山,
G,03,0593,山豬窟,
G,03,0594,石磐,
G,03,0595,小礁溪,
G,03,0596,大礁溪,
G,05,0597,九芎林,
G,05,0598,下粗坑,
G,05,0599,頂粗坑,
G,11,0793,古力比老,
G,11,0794,夏諾,
G,09,0797,白米甕,
G,09,0798,永樂,
G,01,0601,乾門一,
G,01,0602,乾門二,
G,01,0603,艮門一,
G,01,0604,艮門二,
G,01,0605,艮門三,
G,12,0801,拉雅,
G,02,0606,下新興,
G,12,0800,嶺東,
G,12,0802,南碧,
G,12,0803,坡卡地,
G,12,0804,金洋,
G,12,0805,啞口,
G,12,0806,高峰,
G,09,0799,大南澳嶺,
G,04,0611,壯濱,
G,04,0612,壯濱一,
G,04,0613,壯濱二,
G,04,0614,壯濱三,
G,04,0615,壯濱四,
G,04,0616,壯濱五,
G,10,0807,雙賢一,
G,10,0808,雙賢二,
G,10,0809,人和一,
G,10,0810,人和二,
G,10,0811,人和三,
G,10,0812,福和,
G,10,0813,柑仔坑,
G,10,0814,天山,
G,10,0815,長埤湖,
G,10,0816,復興一,
G,02,0610,新福成,
G,01,0607,進士,
G,01,0608,健康,
G,01,0609,公園,
G,11,0821,石門溪,
G,11,0822,清水山,
G,11,0823,赤皮寮,
G,11,0824,斯巴豹,
G,11,0825,出水溪,
G,11,0826,斯達吉司,
G,12,0827,瀑布,
G,12,0828,巴波里澳,
G,12,0829,熱嘎勇,
G,12,0830,迴道,
G,10,0820,槍櫃城,
G,10,0819,拳頭母,
G,10,0817,家福,
G,07,0844,國民一,
G,07,0845,國民二,
G,07,0846,大吉一,
G,09,0834,東澳一,
G,10,0848,牛頭,
G,11,0835,盆盆山,
G,11,0836,石頭溪,
G,11,0837,香本山,
G,11,0838,佐得寒山,
G,11,0839,月桂溪,
G,11,0840,賓谷溪,
G,11,0841,嘉蘭,
G,11,0842,臭青湖,
G,11,0843,東壘溪,
G,12,0831,碧候,
G,12,0832,南澳一,
G,12,0833,南澳二,
G,01,0624,乾門三,
G,01,0625,艮門五,
G,02,0626,新興一,
G,03,0618,得石新,
G,03,0619,十六結,
G,03,0620,開圍,
G,03,0621,大林尾,
G,03,0622,匏崙坡,
G,03,0623,二結新,
G,05,0627,大湖一,
G,05,0628,大湖二,
G,05,0629,內湖一,
G,05,0630,內湖二,
G,05,0631,再連,
G,02,0617,烏石港,
G,07,0795,錦眾,
G,07,0796,季新,
G,09,0818,腦寮,
G,06,0850,竹林一,
G,06,0851,北成一,
G,10,0849,大隱一,
G,01,0639,坤門一,
G,01,0640,巽門一,
G,01,0641,巽門二,
G,02,0638,頭圍一,
G,05,0632,望龍埤,
G,05,0633,永和,
G,05,0634,隘界一,
G,05,0635,隘界二,
G,05,0636,隘界三,
G,05,0637,雙連埤,
G,06,0854,仁愛二,
G,08,0855,淋漓坑,
G,08,0856,草漯,
G,10,0857,新日興,
G,01,0642,坤門二,
G,01,0648,校舍,
G,02,0643,頭圍二,
G,02,0644,拔雅林一,
G,05,0645,粗坑,
G,05,0646,冷水坑,
G,05,0647,破鐺坑,
G,12,0858,碧候一,
G,08,0852,廣安,
G,06,0859,新群一,
G,06,0860,新群二,
G,06,0861,十六份新,
G,08,0862,永吉,
G,01,0649,坤門三,
G,01,0650,金六結一,
G,02,0651,拔雅林二,
G,02,0652,新興二,
G,02,0653,金面一,
G,02,0654,金盈一,
G,02,0655,二城,
G,05,0656,東德,
G,03,0657,十六結新,
G,07,0866,福興,
G,01,0662,磚窯,
G,01,0658,坤門五,
G,02,0659,新梗枋,
G,02,0660,福德,
G,02,0661,拔雅林三,
G,01,0663,宜科,
G,06,0869,東榮一,
G,06,0870,東榮二,
G,06,0853,仁愛一,
G,07,0847,大吉二,
G,07,0863,大吉三,
G,07,0864,協孝,
G,07,0865,新協和,
G,07,0867,三結一,
G,07,0868,保昌,
G,08,0871,鹿埔新,
G,08,0872,丸山,
G,08,0873,寶員,
G,08,0874,和員,
G,01,0664,金六結二,
G,01,0665,金六結三,
G,01,0666,金五結,
G,02,0667,拔雅林五,
G,02,0668,武營,
G,02,0669,港口新,
G,01,0671,慈安,
G,01,0672,中興,
G,01,0673,大東,
G,01,0674,新公園,
G,08,0875,柯林一,
G,08,0876,柯林二,
G,08,0877,柯林三,
G,02,0670,過港,
G,01,0675,和睦,
G,01,0676,女中,
G,05,0677,枕山一,
G,10,0878,尾塹一,
G,10,0879,大隱二,
G,10,0880,尾塹二,
G,10,0881,大洲一,
G,10,0882,大洲二,
G,10,0883,大洲三,
G,08,0887,武淵一,
G,08,0888,武淵二,
G,08,0889,珍珠一,
G,08,0890,八仙,
G,08,0891,太山,
G,07,0892,新協富,
G,01,0679,進士一,
G,01,0680,南橋一,
G,05,0681,新金山,
G,05,0682,新三泰,
G,11,0885,破鐺坑一,
G,11,0886,破鐺坑二,
G,11,0893,復興一,
G,11,0894,玉蘭,
G,11,0895,松羅一,
G,05,0683,阿蘭城,
G,10,0896,大隱三,
G,08,0897,鹿得一,
G,08,0898,鹿得二,
G,08,0899,廣興一,
G,01,0684,凱旋一,
G,01,0685,凱旋二,
G,05,0686,大三鬮,
G,05,0687,內湖,
G,10,0900,洲子,蚊子煙埔
G,10,0901,蚊子煙埔,
G,01,0688,東村一,
G,10,0902,貴林,
G,10,0903,紅柴林,
G,10,0904,新萬貴,
G,10,0905,新義富,
G,10,0906,新健富,
G,01,0689,農權,
G,01,0690,宜大,
G,01,0691,建蘭新,
G,01,0692,南津,
G,05,0693,新七賢,
G,11,0729,翠峰,
G,11,0730,元山,
G,08,0907,武淵三,
G,08,0908,補城一,
G,08,0909,補城二,
G,08,0910,珍珠二,
G,08,0911,新香城,
G,08,0912,福丸,
G,03,0699,玉峰,
G,03,0678,公園北,
H,01,0001,桃園,武陵
H,01,0002,桃園,中南
H,01,0003,桃園,長美
H,01,0004,桃園,公館頭
H,01,0005,大檜溪,
H,01,0006,小檜溪,
H,01,0007,崁子腳,
H,01,0008,中路,
H,01,0009,大樹林,
H,01,0010,埔子,埔子
H,01,0011,埔子,北門埔子
H,01,0012,埔子,八角店子
H,01,0013,水汴頭,水汴頭
H,01,0014,水汴頭,下埔子
H,01,0015,和平,
H,01,0016,西門,
H,01,0017,中埔,
H,01,0018,富國,
H,01,0019,法政,
H,01,0020,永安,
H,01,0021,新埔,
H,01,0022,慈文,
H,01,0023,成功,
H,01,0024,東國,
H,01,0025,東門,
H,01,0026,同安,
H,01,0027,汴洲,
H,01,0139,龍安,
H,01,0141,長安,
H,01,0142,中山,
H,01,0143,昆明,
H,01,0144,陽明,
H,01,0145,介壽,
H,01,0146,建國,
H,01,0147,建新,
H,01,0148,雲林,
H,01,0149,大林,
H,01,0150,福林,
H,01,0151,桃鶯,
H,01,0173,春日,
H,01,0174,會稽,
H,01,0175,大興,
H,01,0176,寶山,
H,01,0177,大有,
H,01,0178,福元,
H,01,0179,忠義,
H,01,0180,中正,
H,01,0181,延壽,
H,01,0182,國強,
H,01,0183,江南,
H,01,0184,中平,
H,01,0185,國聖,
H,01,0186,三聖,
H,01,0187,三元,
H,01,0189,有恒,
H,01,0190,鹽埕,
H,01,0191,峨眉,
H,01,1402,龍鳳,
H,01,1403,龍祥,
H,01,1404,延平,
H,01,1405,青溪,
H,01,1406,同德,
H,01,1407,龍壽,
H,01,1408,雙龍,
H,01,1409,龍山,
H,01,1416,玉山,
H,01,1417,國際,
H,01,1418,皮寮,
H,01,1419,桃圳,
H,01,1420,中德,
H,01,1421,西埔,
H,01,1422,八角,
H,01,1423,星見,
H,02,0400,中庄,中庄
H,02,0401,中庄,中庄街
H,02,0402,烏塗窟,
H,02,0403,石屯,上石屯
H,02,0404,石屯,下石屯
H,02,0405,月眉,
H,02,0406,大溪,後尾
H,02,0407,大溪,草店尾
H,02,0408,大溪,新街
H,02,0409,大溪,上街
H,02,0410,大溪,下街
H,02,0411,大溪,新南
H,02,0412,番子寮,
H,02,0413,內柵,內柵
H,02,0414,內柵,埔尾
H,02,0415,內柵,下崁
H,02,0416,內柵,大同
H,02,0417,三層,坑底
H,02,0418,三層,尾寮
H,02,0419,三層,八結
H,02,0420,三層,三層
H,02,0421,三層,頭寮
H,02,0422,三層,十三份
H,02,0423,三層,阿姆坪
H,02,0424,三層,柑坪
H,02,0425,田心子,下田心子
H,02,0426,田心子,上田心子
H,02,0427,田心子,二層
H,02,0428,田心子,順時埔
H,02,0429,缺子,頂山腳
H,02,0430,缺子,缺子
H,02,0431,缺子,粟子園
H,02,0432,員樹林,
H,02,0433,埔頂,
H,02,0434,南興,社角
H,02,0435,南興,廣福
H,02,0436,南興,南興
H,02,0437,新溪洲,
H,02,0438,舊溪洲,
H,02,0477,中正,
H,02,0478,介壽,
H,02,0479,和平,
H,02,0480,員林,
H,02,0481,武嶺,
H,02,0482,康莊,
H,02,0498,仁善,
H,02,0499,仁武,
H,02,0506,福山,
H,02,0515,金瓜,
H,02,0516,美華,
H,02,0517,慈湖,
H,02,0518,東湖,
H,03,0200,興南,興南
H,03,0201,興南,中壢老
H,03,0202,興南,公坡
H,03,0203,石頭,
H,03,0204,三座屋,三座屋
H,03,0205,三座屋,舊社
H,03,0206,三民,
H,03,0207,五權,
H,03,0208,水尾,水尾
H,03,0209,新街,
H,03,0210,忠福,
H,03,0211,中壢埔頂,
H,03,0212,榮民,
H,03,0213,忠義,
H,03,0214,環東,
H,03,0215,遠東,
H,03,0216,成功,
H,03,0217,仁愛,
H,03,0218,復興,
H,03,0219,忠孝,
H,03,0220,大華,
H,03,0221,仁美,
H,03,0222,普義,
H,03,0223,自立,
H,03,0224,中原,
H,03,0225,健行,
H,03,0226,中北,
H,03,0227,中工,
H,03,0228,後寮,
H,03,0229,內壢,
H,03,0230,青埔,
H,03,0231,洽溪子,
H,03,0232,芝芭里,芝芭里
H,03,0233,芝芭里,大路下
H,03,0234,大崙,山下
H,03,0235,大崙,月眉
H,03,0236,大崙,內厝子
H,03,0237,過嶺,
H,03,0289,山上,
H,03,0290,內厝,
H,03,0300,山下,
H,03,0301,月眉,
H,03,0313,西寮,
H,03,0314,前寮,
H,03,0315,東寮,
H,03,0316,平寮,
H,03,0318,中寮,
H,03,0319,後興,
H,03,0320,華興,
H,03,0321,中興,
H,03,0322,永興,
H,03,0323,振興,
H,03,0324,新興,
H,03,0325,紫雲,
H,03,0326,仁和,
H,03,0327,仁祥,
H,03,0333,仁德,
H,03,0334,榮南,
H,03,0335,普仁,
H,03,0336,富強,
H,03,0337,富台,
H,03,0344,青平,
H,03,0345,青昇,
H,03,0346,青溪,
H,03,0347,青芝,
H,03,0350,福德,
H,03,0351,上嶺,
H,03,0352,山嶺,
H,03,0353,雙嶺,
H,03,0354,芭里,
H,03,0355,大路,
H,03,0356,啟文,
H,03,0358,廣青,
H,03,0359,萬能,
H,03,0360,大江,
H,03,0361,永清,
H,03,0362,聖德,
H,03,0363,興和,
H,03,0366,洽溪,
H,03,0367,崇德,
H,03,0368,大崙,
H,03,0369,興崙,
H,03,0370,大享,
H,04,0600,草湳坡,草湳坡
H,04,0601,草湳坡,埔心
H,04,0602,矮坪子,
H,04,0603,頭重溪,
H,04,0604,大金山下,大金山下
H,04,0605,大金山下,月眉山下
H,04,0606,二重溪,
H,04,0607,老坑,
H,04,0608,楊梅,
H,04,0609,大平山下,
H,04,0610,秀才窩,
H,04,0611,水流東,
H,04,0612,崩坡,崩坡
H,04,0613,崩坡,老窩
H,04,0614,上四湖,
H,04,0615,伯公岡,
H,04,0616,下陰影窩,
H,04,0617,員笨,
H,04,0618,上陰影窩,
H,04,0619,三湖,
H,04,0620,頭湖,
H,04,0621,水尾,水尾
H,04,0622,水尾,隘口寮
H,04,0623,上田心子,田心子
H,04,0624,上田心子,田寮子
H,04,0625,上田心子,營盤腳
H,04,0626,高山頂,
H,04,0668,四湖,
H,04,0669,上湖,
H,04,0670,楊湖,
H,04,0671,楊富,
H,04,0672,民富,
H,04,0673,民生,
H,04,0674,豐野,
H,04,0675,新明,
H,04,0676,國聯,
H,04,0682,富岡,
H,04,0683,梅高,
H,04,0689,員富,
H,04,0690,上田,
H,04,0691,和平,
H,04,0692,新榮,
H,04,0693,高榮,
H,04,0694,大平,
H,04,0695,東流,
H,04,0696,永福,
H,04,0697,國寶,
H,04,0698,秀才,
H,04,0699,永寧,
H,04,0700,田心,
H,04,0702,高雙,
H,04,0703,啟明,
H,04,0704,仁美,
H,04,0705,幼獅,
H,04,0706,雙榮,
H,04,0707,高上,
H,04,0708,高獅,
H,04,0709,高山,
H,04,0710,白鶴,
H,04,0711,水美,
H,04,0712,頂湖,
H,05,0028,蘆竹,
H,05,0029,大竹圍,
H,05,0030,南崁下,
H,05,0031,新庄子,
H,05,0032,坑子,赤塗崎
H,05,0033,坑子,貓尾崎
H,05,0034,坑子,土地公坑
H,05,0035,坑子,頂社
H,05,0036,坑子外,山腳
H,05,0037,坑子外,外社
H,05,0038,坑子外,草子崎
H,05,0039,南崁內厝,內厝
H,05,0040,南崁內厝,溪洲
H,05,0041,中興,
H,05,0042,福興,
H,05,0043,新興,
H,05,0044,坑子口,海湖
H,05,0045,坑子口,頭前
H,05,0046,坑子口,後壁厝
H,05,0047,南崁廟口,廟口
H,05,0048,南崁廟口,山鼻子
H,05,0049,南崁廟口,蕃子厝
H,05,0050,南崁廟口,羊稠坑
H,05,0051,南崁廟口,營盤坑
H,05,0801,大竹,
H,05,0802,大新,
H,05,0803,錦中,
H,05,0804,錦明,
H,05,0805,南華,
H,05,0806,錦興,
H,05,0807,南崁,
H,05,0808,南新,
H,05,0809,南榮,
H,05,0820,公埔,
H,05,0821,長興,
H,05,0822,南山,
H,05,0823,長安,
H,05,0824,五福,
H,05,0825,六福,
H,05,0826,羊稠,
H,05,0827,河底,
H,05,0828,富興,
H,05,0829,水尾,
H,06,0052,許厝港,
H,06,0053,大園,
H,06,0054,內海墘,
H,06,0055,內海墘,特工區
H,06,0056,埔心,埔心
H,06,0057,埔心,海豐坡
H,06,0058,埔心,三塊厝
H,06,0059,大牛稠,大牛稠
H,06,0060,大牛稠,倒厝子
H,06,0061,橫山,橫山
H,06,0062,橫山,尖山
H,06,0063,橫山,湳子
H,06,0064,雙溪口,下縣厝子
H,06,0065,雙溪口,溪洲子
H,06,0066,圳股頭,後館
H,06,0067,圳股頭,古亭
H,06,0068,圳股頭,圳股頭
H,06,0069,照鏡,
H,06,0070,田心子,田心子
H,06,0071,田心子,崁腳
H,06,0072,竹圍,崁腳
H,06,0073,竹圍,海口
H,06,0074,竹圍,三塊石
H,06,0075,竹圍,四股
H,06,0076,竹圍,拔子林
H,06,0077,竹圍,田寮
H,06,0078,竹圍,崁下
H,06,0079,竹圍,海方厝
H,06,0080,竹圍,竹圍
H,06,0081,五塊厝,大埔
H,06,0082,五塊厝,下埔
H,06,0083,沙崙,沙崙
H,06,0084,沙崙,埔頂
H,06,0085,沙崙,後厝
H,06,0086,沙崙,坡堵
H,06,0128,北港,
H,06,0130,中正,
H,06,0810,北園,
H,06,0811,中園,
H,06,0812,東園,
H,06,0813,西園,
H,06,0814,南園,
H,06,0815,青峰,
H,06,0816,青山,
H,06,0817,客運一,
H,06,0818,客運二,
H,06,0819,貨運,
H,07,0087,牛角坡,垹坡
H,07,0088,牛角坡,牛角坡
H,07,0089,牛角坡,水尾
H,07,0090,牛角坡,樟腦寮
H,07,0091,牛角坡,嶺頭
H,07,0092,新路坑,
H,07,0093,山頂,
H,07,0094,兔子坑,大湖頂
H,07,0095,兔子坑,大坵田下
H,07,0096,坪頂菜公堂,埤寮
H,07,0097,坪頂菜公堂,菜公堂
H,07,0098,坪頂下湖,
H,07,0099,舊路坑,大埔
H,07,0100,舊路坑,舊路坑
H,07,0101,舊路坑,西勢湖
H,07,0102,坪頂大湖,
H,07,0103,坪頂山尾,山尾
H,07,0104,坪頂山尾,後厝
H,07,0105,坪頂苦苓林,
H,07,0106,塔寮坑,大坑
H,07,0107,塔寮坑,坑底
H,07,0108,塔寮坑,大菁坑
H,07,0109,塔寮坑,關公嶺
H,07,0110,塔寮坑,馬頭
H,07,0111,塔寮坑,尖山外
H,07,0112,塔寮坑,新朝嶺
H,07,0113,塔寮坑,嶺腳
H,07,0114,南崁頂,大坑
H,07,0115,南崁頂,員林坑
H,07,0116,南崁頂,南崁頂
H,07,0117,南崁頂,陳厝坑
H,07,0118,南崁頂,蕃子窩
H,07,0119,楓樹坑,坪頂頂湖
H,07,0120,楓樹坑,楓樹坑
H,07,0121,新路,
H,07,0129,樂善,
H,07,0131,龜山,
H,07,0132,中興,
H,07,0133,自強,
H,07,0134,大同,
H,07,0135,壽山,
H,07,0136,半嶺,
H,07,0137,興華,
H,07,0138,文化,
H,07,0140,油廠,
H,07,0152,山德,
H,07,0153,山鶯,
H,07,0154,山福,
H,07,0188,華亞,
H,07,0192,明興,
H,07,0193,幸福,
H,07,0194,海萍,
H,07,0195,東嶺,
H,07,0196,西嶺,
H,07,0197,精忠,
H,07,0198,陸光,
H,07,0199,龍華,
H,07,1400,迴龍,
H,07,1401,楓樹,
H,07,1410,公西,
H,07,1411,警大,
H,07,1412,下湖,
H,07,1413,大崗,
H,07,1414,公華,
H,07,1415,頂湖,
H,08,0122,八塊,
H,08,0123,茄苳溪,
H,08,0124,小大湳,
H,08,0125,大湳,
H,08,0126,霄裡,
H,08,0127,下庄子,
H,08,0155,大勇,
H,08,0156,大仁,
H,08,0157,大義,
H,08,0158,同福,
H,08,0159,東勇,
H,08,0160,大忠,
H,08,0161,永福,
H,08,0162,大華,
H,08,0163,大興,
H,08,0164,力行,
H,08,0165,青溪,
H,08,0166,前程,
H,08,0167,大福,
H,08,0168,桃德,
H,08,0169,大智,
H,08,0170,廣福,
H,08,0171,大成,
H,08,0172,福國,
H,08,1000,茄明,
H,08,1001,高城,
H,08,1002,高明,
H,08,1003,茄苳,
H,08,1004,永豐,
H,08,1005,白鷺,
H,08,1006,廣隆,
H,08,1007,中華,
H,08,1008,大明,
H,08,1009,大發,
H,08,1010,華興,
H,08,1011,麻園,
H,08,1012,瑞豐,
H,08,1013,榮興,
H,08,1014,大安,
H,08,1015,大竹,
H,08,1016,大和,
H,08,1017,大庄,
H,08,1018,興豐,
H,08,1019,興隆,
H,09,0439,三坑子,
H,09,0440,淮子埔,
H,09,0441,泉水空,
H,09,0442,九座寮,
H,09,0443,黃泥塘,
H,09,0444,龍潭,
H,09,0445,烏樹林,
H,09,0446,八張犁,
H,09,0447,三洽水,
H,09,0448,竹窩子,
H,09,0449,銅鑼圈,
H,09,0450,三角林,
H,09,0451,十一份,
H,09,0452,大坪,大坪
H,09,0453,大坪,二坪
H,09,0454,四方林,四方林
H,09,0455,四方林,大湖底
H,09,0456,打鐵坑,
H,09,0476,石門,
H,09,0484,黃龍,
H,09,0485,凌雲,
H,09,0486,上林,
H,09,0487,北龍,
H,09,0488,龍興,
H,09,0489,東龍,
H,09,0490,龍華,
H,09,0491,南龍,
H,09,0492,黃唐,
H,09,0493,中山,
H,09,0494,五福,
H,09,0495,湖底,
H,09,0496,大湖,
H,09,0507,林坡,
H,09,0508,佳安,
H,09,0509,永福,
H,09,0510,碧湖,
H,09,0511,紅橋,
H,09,0512,大平,
H,09,0513,民有,
H,09,0514,三坑,
H,09,0542,永興,
H,09,0543,中興,
H,09,0544,武漢,
H,10,0238,平鎮,
H,10,0239,宋屋,廣興
H,10,0240,宋屋,高山下
H,10,0241,東勢,東勢
H,10,0242,東勢,金雞湖
H,10,0243,南勢,
H,10,0244,北勢,
H,10,0245,山子頂,
H,10,0247,雙連坡,
H,10,0291,廣東,
H,10,0292,廣西,
H,10,0293,廣南,
H,10,0294,廣北,
H,10,0302,忠貞,
H,10,0303,東社,
H,10,0304,平東,
H,10,0305,東安,
H,10,0306,東北,
H,10,0307,西社,
H,10,0328,廣平,
H,10,0329,廣德,
H,10,0330,復旦,
H,10,0331,義民,
H,10,0332,廣豐,
H,10,1200,延平,
H,10,1201,德育,
H,10,1202,振平,
H,10,1203,環南,
H,10,1204,北興,
H,10,1205,正義,
H,10,1206,關爺,
H,10,1207,新勢,
H,10,1208,新德,
H,10,1209,新榮,
H,10,1210,新富,
H,10,1211,新貴,
H,10,1212,廣仁,
H,10,1213,新光,
H,10,1214,莊敬,
H,10,1215,東豐,
H,10,1216,新生,
H,10,1217,湧豐,
H,10,1218,湧星,
H,10,1219,湧光,
H,10,1220,湧安,
H,10,1221,三興,
H,10,1222,富貴,
H,10,1223,南華,
H,10,1224,平南,
H,10,1225,平安,
H,10,1226,金星,
H,10,1227,金鍊,
H,10,1228,雙連,
H,10,1229,中央,
H,11,0627,犂頭洲,犂頭洲
H,11,0628,犂頭洲,青草坡
H,11,0629,上青埔,
H,11,0630,九斗,
H,11,0631,埔頂,埔頂
H,11,0632,埔頂,水碓
H,11,0633,東勢,東勢
H,11,0634,東勢,甲頭厝
H,11,0635,東勢,上庄子
H,11,0636,社子,
H,11,0637,番婆坟,
H,11,0638,十五間,十五間
H,11,0639,十五間,十五間尾
H,11,0640,大坡,大坡
H,11,0641,大坡,三角堀
H,11,0642,槺榔,上槺榔
H,11,0643,槺榔,下槺榔
H,11,0644,後庄,
H,11,0645,蚵殼港,蚵殼港
H,11,0646,蚵殼港,深圳
H,11,0647,笨子港,笨子港
H,11,0648,笨子港,埔子頂
H,11,0649,笨子港,榕樹下
H,11,0650,崁頭厝,崁頭厝
H,11,0651,崁頭厝,下庄子
H,11,0652,大牛欄,大牛欄
H,11,0653,大牛欄,下埔頂
H,11,0654,大牛欄,後湖
H,11,0655,石牌嶺,
H,11,0656,下田心子,下田心子
H,11,0657,下田心子,赤牛欄
H,11,0658,下田心子,員笨
H,11,0659,石磊子,石磊子
H,11,0660,石磊子,水流
H,11,0661,新生,
H,11,0662,新屋,新屋
H,11,0663,新屋,後湖
H,11,0664,清華,
H,11,0665,啟文,
H,11,0666,北勢,北勢
H,11,0667,北勢,紅泥坡
H,11,0677,中山,
H,11,0678,中華,
H,11,0679,中正,
H,11,0680,中興,
H,11,0681,長祥,
H,11,0684,頭洲,
H,11,0685,新洲,
H,11,0686,富九,
H,11,0687,青田,
H,11,0688,吉祥,
H,11,0701,高洲,
H,12,0248,觀音,觀音
H,12,0249,觀音,新坡下
H,12,0250,苦練腳,
H,12,0251,崙坪,
H,12,0252,上大堀,
H,12,0253,下大堀,
H,12,0254,塔子腳,
H,12,0255,草漯,
H,12,0256,坑尾,
H,12,0257,白沙屯,白沙屯
H,12,0258,白沙屯,下庄子
H,12,0259,白沙屯,埔頂
H,12,0260,白沙屯,溝尾
H,12,0261,白沙屯,下埔頂
H,12,0262,白沙屯,坑子背
H,12,0263,下青埔,下青埔
H,12,0264,下青埔,樹子腳
H,12,0265,下青埔,尾湖
H,12,0266,大潭,大潭
H,12,0267,大潭,小飯壢
H,12,0268,大潭,塘背
H,12,0269,大潭,塘尾
H,12,0270,茄苳坑,對面厝
H,12,0271,茄苳坑,兩座屋
H,12,0272,三座屋,三座屋
H,12,0273,三座屋,橫圳頂
H,12,0274,三座屋,新興
H,12,0275,樹林子,樹林子
H,12,0276,樹林子,崁頭子
H,12,0277,樹林子,過溪子
H,12,0278,新坡,新坡
H,12,0279,新坡,張厝
H,12,0280,新坡,青埔子
H,12,0281,坡寮,坡寮
H,12,0282,坡寮,後湖
H,12,0283,坡寮,水尾子
H,12,0284,育仁,
H,12,0285,光明,
H,12,0286,大堀,
H,12,0287,藍埔,
H,12,0288,金湖,
H,12,0295,富源,
H,12,0296,上大,
H,12,0297,忠愛,
H,12,0298,廣福,
H,12,0299,新坡,
H,12,0308,工業區,一
H,12,0309,工業區,二
H,12,0310,工業區,三
H,12,0311,工業區,四
H,12,0312,工業區,五
H,12,0317,草新,
H,12,0338,坡興,
H,12,0339,新張,
H,12,0340,大同,
H,12,0341,廣興,
H,12,0342,甘泉,
H,12,0343,觀新,
H,12,0348,潭工,
H,12,0349,保潭,
H,12,0357,新富,
H,12,0364,觀塘,
H,12,0365,觀玉,
H,12,0371,忠富,
H,12,0372,大湖,
H,12,0373,中觀,
H,13,0457,角板,
H,13,0458,水流東,
H,13,0459,高遶,
H,13,0460,竹頭角,
H,13,0461,拉號,
H,13,0462,基國派,
H,13,0463,哈嘎灣,
H,13,0464,高義,
H,13,0465,三光,
H,13,0466,爺亨,
H,13,0467,巴陵,
H,13,0468,霞雲,
H,13,0469,榮華,
H,13,0470,義盛,
H,13,0471,奎輝,
H,13,0472,色霧鬧,
H,13,0473,蘇樂,蘇樂
H,13,0474,合流,
H,13,0475,高坡,
H,13,0483,蘇樂,竹腳山
H,13,0497,東眼山,
H,13,0500,赫威,
H,13,0501,達觀,
H,13,0502,塔曼,
H,13,0503,萱原,
H,13,0504,四稜,
H,13,0505,新興,
H,13,0519,成福,
H,13,0520,卡普,
H,13,0521,宇內,
H,13,0522,義興,
H,13,0523,南插,
H,13,0524,斷匯,
H,13,0525,溪口,
H,13,0526,枕頭山,
H,13,0527,羅浮,
H,13,0528,長興,
H,13,0529,石牛,
H,13,0530,那結,
H,13,0531,李崠山,
H,13,0532,里安,
H,13,0533,鷹山,
H,13,0534,塔卡,
H,13,0535,夫婦山,
H,13,0536,華陵,
H,13,0537,哈崖,
H,13,0538,彌榮,
H,13,0539,卡拉,
H,13,0540,嘎拉賀,
H,13,0541,大曼,
H,09,0545,奉慈,
H,09,0546,北興,
H,09,0547,成功,
H,09,0548,新烏樹林,
H,09,0549,燈潭,
H,09,0550,烏林,
H,09,0551,潛龍,
H,09,0552,龍祥,
H,09,0553,干城,
H,03,0374,培英,
H,12,0375,溪口,
H,10,1230,高雙,
H,10,1231,六和,
H,10,1232,賦梅,
H,10,1233,賦北,
H,10,1234,台水,
H,10,1235,鎮安,
H,10,1236,平德,
H,10,1237,三崇,
H,08,1020,福興,
H,08,1021,興仁,
H,08,1022,豐田,
H,08,1023,明智,
H,05,0830,八股,
H,05,0831,內興,
H,05,0832,山鼻,
H,05,0833,大興,
H,04,0713,金龍,
H,04,0714,瑞上,
H,04,0715,瑞原,
H,04,0716,民有,
H,04,0717,民豐,
H,04,0718,員本,
H,07,1424,南美,
H,07,1425,南上,
H,07,1426,蔗園,
H,07,1427,煉油,
H,07,1428,垹坡,
H,12,0376,草富,
H,08,1024,溪尾,
H,08,1025,廣興,
H,10,1238,金龍,
H,10,1239,金獅,
H,12,0377,塔腳,
H,12,0378,廣大,
H,09,0554,上華,
H,09,0555,龍吟,
H,09,0556,建國,
H,09,0557,逸園,
H,09,0558,三元,
H,09,0559,三林,
H,07,1429,吉祥,
H,07,1430,振三,
H,05,0834,蘆興,
H,05,0835,南竹,
H,05,0836,南青,
H,05,0837,富宏,
H,05,0838,富竹,
H,03,0379,六和,
H,04,0719,長紅,
H,04,0720,長岡嶺,
H,04,0721,瑞湖,
H,10,1240,和平,
H,02,0560,社角,
H,02,0561,仁愛,
H,02,0562,廣福,
H,04,0722,梅獅,
H,04,0723,瑞坪,
H,04,0724,老莊,
H,04,0725,東寧,
H,04,0726,永楊,
H,05,0839,新福,
H,05,0840,開南,
H,05,0841,文新,
H,05,0842,德林,
H,05,0843,文中,
H,08,1026,竹園,
H,08,1027,營盤,
H,08,1028,新霄裡,
H,08,1029,龍友,
H,07,1431,體大,
H,07,1432,大埔,
H,10,1241,中庸,
H,10,1242,鎮興,
H,10,1243,中興,
H,10,1244,興湧,
H,08,1030,瑞祥,
H,08,1031,瑞德,
H,08,1032,豐德,
H,08,1033,連城,
H,04,0727,新秀,
H,04,0728,甡甡,
H,04,0729,梅園,
H,04,0730,新富,
H,02,0563,仁義,
H,02,0564,僑愛,
H,02,0565,松樹,
H,02,0566,仁德,
H,05,0844,竹中,
H,05,0845,新中,
H,05,0846,上興,
H,05,0847,上竹,
H,10,1245,建安,
H,10,1246,吉安,
H,10,1247,新北,
H,10,1248,北商,
H,01,1433,水汴頭,
H,01,1435,雲盟,
H,07,1434,福源,
H,08,1034,建國,
H,08,1035,新興,
H,02,0567,大成,
H,02,0568,仁文,
H,02,0569,太武,
H,02,0570,仁和,
H,02,0571,大圳,
H,09,0572,民豐,
H,09,0573,九座,
H,09,0574,九龍,
H,09,0575,健行,
H,01,1436,中路一,
H,01,1437,中路二,
H,01,1438,中路三,
H,10,1249,東陵,
H,10,1250,鎮東,
H,10,1251,東金,
H,10,1252,福林,
H,12,0380,忠孝,
H,12,0381,保障,
H,12,0382,崙尾,
H,05,0848,宏華,
H,05,0849,宏昌,
H,05,0850,宏竹,
H,03,0383,老街溪,
H,01,1439,八角店,
H,01,1440,中路五,
H,07,1441,樂捷,
H,07,1442,善捷,
H,07,1443,舊路坑一,
H,07,1444,舊路坑二,
H,07,1445,舊路坑三,
H,02,0579,瑞源,
H,02,0580,半屏,
H,02,0581,大鶯,
H,02,0582,瑞興,
H,09,0576,金龍,
H,09,0577,高平,
H,09,0578,龍源,
H,10,1253,長安,
H,07,1446,塔寮坑,
H,07,1447,兔子坑,
H,02,0583,東隆,
H,02,0584,草厝江,
H,02,0585,南興,
H,02,0586,永昌,
H,02,0587,隆德,
H,02,0588,瑞安,
H,02,0589,石園,
H,02,0590,康義,
H,09,0591,雙連,
H,09,0592,富林,
H,09,0593,文化,
H,09,0594,中科,
H,09,0595,河川底,
H,12,0384,樹新,
H,12,0385,富林,
H,12,0386,埔頂,
H,12,0387,下埔頂,
H,12,0388,濱海,
H,06,0851,田心,
H,06,0852,長發,
H,06,0853,溪洲,
H,06,0854,溪海,
H,06,0855,和平,
H,06,0856,華興,
H,06,0857,聖德,
H,12,0389,樹林,
H,12,0390,過溪,
H,12,0391,成功,
H,12,0392,草豊,
H,12,0393,王厝,
H,12,0394,茄苳,
H,12,0395,潭尾,
H,06,0858,港口,
H,06,0859,潮音,
H,06,0860,艋舺,
H,06,0861,南港,
H,06,0862,國際,
H,06,0863,舊厝,
H,02,1907,康安,
H,02,1908,溪崁,
H,02,1909,埔尾,
H,09,0596,聖德,
H,09,0597,聖亭,
H,09,0598,德龍,
H,09,0599,梅龍,
H,09,1900,竹龍,
H,09,1901,八德,
H,09,1902,洽水,
H,09,1903,泥橋,
H,09,1904,和原,
H,09,1905,南坑,
H,09,1906,北坑,
H,09,1910,高原,
H,09,1911,福源,
H,09,1912,中原,
H,09,1913,打鐵,
H,07,1700,大坑,
H,07,1701,陳厝,
H,11,0731,永安,
H,01,1448,三民,
H,05,0864,新鼻,
H,07,1702,大嶺,
H,05,0865,福厚,
H,05,0866,富海,
H,05,0867,海山,
H,05,0868,出水,
H,05,0869,大坑,
H,11,0732,山海,
H,11,0733,福興,
H,07,1703,楓壽,
H,07,1704,楓義,
H,12,0396,草福,
H,12,0397,富溪,
H,12,0398,大觀,
H,02,1919,中庒,
H,02,1920,石屯,
H,02,1921,坑底,
H,02,1922,草嶺,
H,02,1923,福安,
H,02,1924,溪湖,
H,06,0870,沙園,
H,05,0871,後壁,
H,05,0872,坑口,
H,05,0873,山腳,
H,05,0874,公溝,
H,05,0875,大古,
H,07,1705,龍壽,
H,07,1706,文青,
H,03,0399,豐興,
H,12,0400,白玉,
H,05,0876,後坑,
H,05,0877,草崎,
H,05,0878,貓尾,
H,05,0879,福山,
H,05,0880,福臨,
H,02,1925,新峰,
H,02,1926,八結,
H,02,1927,環湖,
H,13,1928,澤仁,
H,13,1929,溫泉,
H,01,1449,桃合,
H,02,1950,仁埔,
I,01,0018,台斗坑,
I,01,0115,中庄,
I,01,0114,頂庄,
I,01,0117,同興,
I,01,0118,遠東,
I,01,0116,荖藤,
I,01,0108,北社尾,
I,01,0109,北社尾,保安
I,01,0123,北湖,
I,01,0122,北園,
I,01,0058,大溪厝,
I,01,0133,大溪,
I,01,0134,溪厝,
I,01,0135,溪東,
I,01,0104,竹子腳,
I,01,0130,鳥岫,
I,01,0131,竹村,
I,01,0107,竹圍子,
I,01,0125,竹圍子,一
I,01,0126,竹圍子,二
I,01,0127,竹圍子,三
I,01,0128,竹圍子,中興
I,01,0129,竹圍子,友愛
I,01,0132,下埤,
I,01,0056,車店,
I,01,0057,車店,車店
I,01,0063,劉厝,
I,01,0064,劉厝,劉厝
I,01,0145,劉厝,玉山
I,01,0144,陳厝,
I,01,0060,白川,
I,01,0061,港子坪,
I,01,0124,港子坪,港坪
I,01,0136,育人,
I,01,0062,柴頭港,
I,01,0138,頭港,
I,01,0137,何庄,
I,01,0088,湖子內,
I,01,0089,湖子內,湖內
I,01,0120,湖內,
I,01,0119,湖東,
I,01,0023,長竹,
I,01,0025,短竹,
I,01,0024,東川,
I,01,0022,彌陀,
I,01,0105,埤子頭,
I,01,0106,埤子頭,新厝
I,01,0121,新厝,
I,01,0087,下路頭,
I,01,0021,紅毛埤,
I,01,0140,仁義,
I,01,0141,蘭潭,
I,01,0142,鹿寮,
I,01,0143,八掌,
I,01,0019,盧厝,
I,01,0139,盧東,
I,01,0016,太平,
I,01,0085,堀川,
I,01,0009,中山,一
I,01,0010,中山,二
I,01,0011,中山,三
I,01,0012,中山,四
I,01,0013,中山,五
I,01,0014,中山,六
I,01,0015,中山,七
I,01,0017,山下,
I,01,0086,玉川,
I,01,0072,民族,一
I,01,0073,民族,二
I,01,0074,民族,三
I,01,0075,民族,四
I,01,0076,民族,五
I,01,0077,民族,六
I,01,0065,南門,一
I,01,0066,南門,二
I,01,0067,南門,三
I,01,0068,南門,四
I,01,0069,南門,五
I,01,0070,南門,六
I,01,0071,南門,七
I,01,0001,東門,一
I,01,0002,東門,二
I,01,0003,東門,三
I,01,0004,東門,四
I,01,0005,東門,五
I,01,0006,東門,六
I,01,0007,東門,七
I,01,0008,東門,八
I,01,0078,元,一
I,01,0079,元,二
I,01,0080,元,三
I,01,0081,元,四
I,01,0082,元,五
I,01,0083,元,六
I,01,0084,元,七
I,01,0027,西門,一
I,01,0028,西門,二
I,01,0029,西門,三
I,01,0030,西門,四
I,01,0031,西門,五
I,01,0032,西門,六
I,01,0033,西門,七
I,01,0034,西門,八
I,01,0035,西門,九
I,01,0043,新富,一
I,01,0044,新富,二
I,01,0045,新富,三
I,01,0046,新富,四
I,01,0047,新富,五
I,01,0048,新富,六
I,01,0049,新富,七
I,01,0050,新富,八
I,01,0051,末廣,一
I,01,0052,末廣,二
I,01,0053,末廣,三
I,01,0054,末廣,四
I,01,0055,末廣,五
I,01,0059,黑金,
I,01,0036,榮,一
I,01,0037,榮,二
I,01,0038,榮,三
I,01,0039,榮,四
I,01,0040,榮,五
I,01,0041,榮,六
I,01,0042,榮,七
I,01,0097,檜,一
I,01,0098,檜,二
I,01,0099,檜,三
I,01,0100,檜,四
I,01,0101,檜,五
I,01,0102,檜,六
I,01,0103,檜,七
I,01,0090,北門,一
I,01,0091,北門,二
I,01,0092,北門,三
I,01,0093,北門,四
I,01,0094,北門,五
I,01,0095,北門,六
I,01,0096,北門,七
I,01,0113,後庄,
I,01,0112,崎頂,
I,01,0110,興村,
I,01,0111,軍輝,
I,01,0146,彌陀,日新
I,01,0147,興村,興村
I,01,0148,湖子內,興安
I,01,0149,湖子內,新民
I,01,0150,湖子內,湖美
I,01,0151,竹村,貨轉
I,01,0152,新太平,
I,01,0153,雲檜,
I,01,0154,宣信,
I,01,0155,南田,
I,01,0156,導明,
I,01,0157,崇文,
I,01,0157,永安,
J,02,0500,上坪,
J,02,0501,燥樹排,
J,02,0503,員崠子,員崠子
J,02,0502,員崠子,軟橋
J,02,0505,上公館,
J,02,0504,下公館,
J,02,0506,雞油林,
J,02,0507,竹東,竹東
J,02,0508,竹東,番社子
J,02,0509,荳子埔,
J,02,0511,二重埔,
J,02,0515,柯子湖,
J,02,0510,三重埔,
J,02,0513,頭重埔,
J,02,0512,麻園肚,
J,02,0514,下員山,
J,02,0517,仁愛,
J,02,0519,中正,
J,02,0518,中山,
J,02,0516,東寧,
J,02,0520,資源,
J,02,0633,竹美,
J,02,0634,竹中,
J,02,0635,富貴,
J,02,0636,明星,
J,02,0637,上員,
J,02,0638,重光,
J,02,0639,旭光,
J,02,0640,志學,
J,02,0641,四重,
J,02,0669,大林,
J,02,0709,下員,
J,02,0710,中員,
J,02,0711,陸豐,
J,02,0716,九莊,
J,02,0717,敦睦,
J,02,0718,油車窩,
J,02,0719,五豐,
J,02,0720,金福,
J,02,0721,國王,
J,03,0236,關西,關西
J,03,0237,關西,北門口
J,03,0217,拱子溝,
J,03,0218,牛欄河,
J,03,0238,店子岡,店子岡
J,03,0240,店子岡,深坑子
J,03,0239,店子岡,崁下
J,03,0377,店子岡,高橋坑
J,03,0215,上南片,南片
J,03,0216,上南片,渡船頭
J,03,0219,三屯,上三屯
J,03,0220,三屯,下三屯
J,03,0229,湖肚,
J,03,0222,十寮,四寮
J,03,0223,十寮,七寮
J,03,0224,十寮,八寮
J,03,0221,十寮,十寮
J,03,0225,十寮,糞箕窩
J,03,0230,十六張,十六張
J,03,0231,十六張,暗潭
J,03,0226,湳湖,湳湖
J,03,0227,湳湖,十股
J,03,0228,湳湖,柑子樹下
J,03,0241,馬武督,馬武督
J,03,0244,馬武督,大竹坑
J,03,0242,馬武督,六畜
J,03,0243,馬武督,赤柯山
J,03,0245,錦山,
J,03,0213,燥坑,
J,03,0235,苧子園,
J,03,0234,新城,
J,03,0232,老社寮,
J,03,0233,石門,
J,03,0201,茅子埔,
J,03,0200,水坑,
J,03,0206,石岡子,
J,03,0212,老寮,
J,03,0207,大旱坑,大旱坑
J,03,0208,大旱坑,大東坑
J,03,0209,大旱坑,小東坑
J,03,0210,大旱坑,小北坑
J,03,0211,大旱坑,南坑
J,03,0202,坪林,
J,03,0203,上橫坑,
J,03,0204,下橫坑,
J,03,0205,下南片,
J,03,0378,六福,
J,03,0392,關農,
J,03,0393,東安,
J,03,0397,西安,
J,03,0399,北山,
J,03,0396,中山,
J,03,0394,光明,
J,03,0395,明德,
J,03,0398,正義,
J,04,0261,枋寮,上枋寮
J,04,0262,枋寮,下枋寮
J,04,0263,枋寮,燒炭窩
J,04,0265,大平窩,
J,04,0251,犁頭山,土地公埔
J,04,0250,犁頭山,犁頭山
J,04,0248,內立,
J,04,0252,五分埔,五分埔
J,04,0253,五分埔,六股
J,04,0254,五分埔,水汴頭
J,04,0256,樟樹林,上樟樹林
J,04,0257,樟樹林,下樟樹林
J,04,0258,樟樹林,三角埔
J,04,0259,旱坑子,
J,04,0260,田新,
J,04,0264,新埔,
J,04,0249,石頭坑,
J,04,0246,南打鐵坑,南打鐵坑
J,04,0247,南打鐵坑,新打坑
J,04,0255,四座屋,
J,04,0276,大茅埔,大茅埔
J,04,0277,大茅埔,小茅埔
J,04,0266,北打鐵坑,北打鐵坑
J,04,0267,北打鐵坑,大北坑
J,04,0269,鹿鳴坑,鹿鳴坑
J,04,0270,鹿鳴坑,黃梨園
J,04,0273,大坪,大坪
J,04,0275,大坪,九芎湖
J,04,0274,大坪,箭竹窩
J,04,0272,照門,石門
J,04,0271,照門,照鏡
J,04,0268,汶水坑,
J,04,0379,義民,
J,04,0406,泰陽,
J,04,0401,正興,
J,04,0404,和平,
J,04,0405,福德,
J,04,0400,內思,
J,04,0402,集義,
J,04,0403,成功,
J,04,0437,仰德,
J,04,0438,文山,
J,04,0439,遠東,
J,04,0440,水車頭,
J,04,0455,寶鎮,
J,04,0456,霄裡,
J,04,0457,三聖,
J,04,0458,巨埔,
J,04,0459,廣興,
J,05,0285,三崁店,三崁店
J,05,0286,三崁店,水坑口
J,05,0283,東海窟,東海窟
J,05,0284,東海窟,旱坑子
J,05,0290,六家,六家
J,05,0291,六家,番子寮
J,05,0292,鹿場,鹿場
J,05,0293,鹿場,十張犁
J,05,0281,十興,十興
J,05,0282,十興,界址
J,05,0288,芒頭埔,芒頭埔
J,05,0289,芒頭埔,麻園
J,05,0279,安溪寮,
J,05,0294,斗崙,頂斗崙
J,05,0295,斗崙,中斗崙
J,05,0296,斗崙,下斗崙
J,05,0297,斗崙,泉洲厝
J,05,0301,番子坡,
J,05,0278,豆子埔,
J,05,0300,新社,
J,05,0308,白地粉,
J,05,0311,舊港,新港
J,05,0310,舊港,漁寮
J,05,0309,新庄子,
J,05,0298,溪洲,
J,05,0303,溝貝,
J,05,0302,大眉,大眉
J,05,0299,馬麟厝,
J,05,0304,麻園,
J,05,0306,貓兒錠,拔子窟
J,05,0376,貓兒錠,山腳
J,05,0307,貓兒錠,後面
J,05,0305,貓兒錠,貓兒錠
J,05,0287,隘口,
J,05,0280,犁頭山下,
J,05,0368,竹北,
J,05,0371,竹仁,
J,05,0372,竹義,
J,05,0370,站前,
J,05,0369,台元,
J,05,0384,站後,
J,05,0385,社北,
J,05,0386,文化,
J,05,0387,華興,
J,05,0388,新國,
J,05,0389,社南,
J,05,0407,縣福,
J,05,0408,縣華,
J,05,0409,縣愛,
J,05,0420,府前,
J,05,0422,興崙,
J,05,0421,省道,
J,05,0419,國道,
J,05,0418,嘉興,
J,05,0434,翰林,
J,05,0435,公園,
J,05,0436,大學,
J,05,0441,東平,
J,05,0442,中興,
J,05,0443,東興,
J,05,0444,蓮華,
J,05,0445,水瀧,
J,05,0446,永興,
J,05,0447,家興,
J,05,0448,隘興,
J,05,0449,世興,
J,05,0450,華城,
J,05,0451,泰和,
J,05,0452,東華,
J,05,0453,新溪,
J,05,0454,豐田,
J,06,0340,鳳山崎,寶斗屋
J,06,0338,鳳山崎,鳳山崎
J,06,0339,鳳山崎,竹高屋
J,06,0341,鳳山崎,望高樓
J,06,0331,和興,
J,06,0325,上北勢,上北勢
J,06,0326,上北勢,中北勢
J,06,0327,上北勢,吳厝
J,06,0328,下北勢,下北勢
J,06,0330,下北勢,王爺壟
J,06,0329,下北勢,狗頭
J,06,0334,波羅汶,南勢
J,06,0333,波羅汶,波羅汶
J,06,0335,波羅汶,崩坡缺
J,06,0336,番子湖,上番子湖
J,06,0337,番子湖,中番子湖
J,06,0322,糞箕窩,糞箕窩
J,06,0323,糞箕窩,箕南窩
J,06,0320,湖口,湖口
J,06,0321,湖口,埔心
J,06,0324,羊喜窩,
J,06,0332,德盛,
J,06,0318,長岡嶺,長安
J,06,0317,長岡嶺,四腳亭
J,06,0316,長岡嶺,四湖尾
J,06,0319,長岡嶺,嶺尾
J,06,0315,北窩,南窩
J,06,0314,北窩,北窩
J,06,0313,崩坡下,
J,06,0342,坪頂埔,上坪頂埔
J,06,0343,坪頂埔,下坪頂埔
J,06,0344,建興,建興
J,06,0345,建興,鳳凰
J,06,0380,長嶺,
J,06,0382,湖南,
J,06,0381,湖新,
J,06,0374,中興,中興
J,06,0373,中興,新興
J,06,0375,中興,復興
J,06,0367,東湖,
J,06,0363,西湖,
J,06,0364,南湖,
J,06,0362,北湖,
J,06,0365,中湖,
J,06,0366,興湖,
J,06,0390,興安,
J,06,0429,新盛,
J,06,0431,力行,
J,06,0432,光華,
J,06,0430,德興,
J,06,0433,信勢,
J,06,0804,吉祥,
J,06,0805,永安,
J,06,0800,成功,
J,06,0801,汶山,
J,06,0802,竹九,
J,06,0803,勝利,
J,06,0806,綠園,
J,06,0807,長威,
J,06,0808,中勢,
J,06,0809,中美,
J,06,0810,湖鏡,
J,06,0811,三元,
J,06,0820,波羅,
J,06,0821,番湖,
J,06,0822,畚箕,
J,06,0823,電台,
J,06,0824,八德,
J,06,0825,祥湖,
J,06,0826,祥喜,
J,06,0827,北安,
J,06,0828,南安,
J,06,0829,鐵騎,
J,06,0830,六股,
J,06,0834,竹九二,
J,08,0528,濫子,薯園
J,08,0527,濫子,尖筆窩
J,08,0521,橫山,橫山
J,08,0522,橫山,蔗蔀
J,08,0523,頭分林,頭分林
J,08,0524,頭分林,粗坑
J,08,0525,田寮坑,田寮坑
J,08,0526,田寮坑,矺子
J,08,0529,大山背,
J,08,0530,油羅,
J,08,0537,大肚,大肚
J,08,0538,大肚,九讚頭
J,08,0539,大肚,香園
J,08,0532,十分寮,
J,08,0531,南河,
J,08,0533,八十分,八十分
J,08,0534,八十分,馬福
J,08,0536,沙坑,
J,08,0535,大平地,
J,08,0642,橫榮,
J,08,0643,橫華,
J,08,0644,橫富,
J,08,0645,橫貴,
J,08,0712,內灣,
J,08,0713,內豐,
J,08,0714,石湖,
J,08,0715,合興,
J,09,0351,青埔子,
J,09,0360,大眉松柏林,
J,09,0358,員山,
J,09,0348,福興,員山子
J,09,0350,福興,十一股
J,09,0349,福興,後湖子
J,09,0357,新庄子,
J,09,0347,新豐,
J,09,0359,坑子口,
J,09,0353,後湖,埔和
J,09,0354,後湖,坡子頭
J,09,0352,後湖,埔頂
J,09,0356,中崙,
J,09,0355,崁頭,
J,09,0391,紅毛,
J,09,0383,瑞興,
J,09,0412,錦安,
J,09,0410,文昌,
J,09,0411,榮豐,
J,09,0413,泰安,
J,09,0414,泰豐,
J,09,0416,坪頂,
J,09,0417,福陽,
J,09,0415,明新,
J,09,0428,永寧,
J,09,0427,振興,
J,09,0423,忠信,
J,09,0425,大埔,
J,09,0424,榮華,
J,09,0426,重興,
J,09,0812,福龍,
J,09,0813,豐福,
J,09,0814,池和,
J,09,0815,濱海,
J,09,0816,鳳坑,
J,09,0817,上坑,
J,09,0818,松柏,
J,09,0819,員興,
J,09,0833,重興二,
J,09,0832,員興二,
J,09,0830,瑞光,
J,09,0831,松柏二,
J,10,0540,鹿寮坑,
J,10,0543,王爺坑,
J,10,0541,山猪湖,山猪湖
J,10,0542,山猪湖,秀湖
J,10,0544,石壁潭,
J,10,0553,柯子林,
J,10,0545,倒別牛,倒別牛
J,10,0546,倒別牛,五股林
J,10,0547,倒別牛,燥坑
J,10,0548,中坑,中坑
J,10,0549,中坑,赤柯寮
J,10,0550,水坑,
J,10,0551,芎林,芎林
J,10,0552,芎林,高頭
J,10,0555,崁下,
J,10,0554,上山,
J,10,0556,下山,下山
J,10,0557,下山,五座屋
J,10,0646,金獅,
J,10,0647,綠獅,
J,10,0648,富林,
J,10,0649,廣福,
J,10,0650,文昌,
J,10,0651,大華,
J,10,0652,新鳳,
J,10,0653,竹林,
J,10,0654,鳳林,
J,11,0564,寶山,寶山
J,11,0565,寶山,沙湖壢
J,11,0571,大壢,上大壢
J,11,0572,大壢,下大壢
J,11,0561,雞油凸,雞油凸
J,11,0562,雞油凸,三叉凸
J,11,0563,雞油凸,八分寮
J,11,0558,雙溪,雙溪
J,11,0560,雙溪,水尾溝
J,11,0559,雙溪,大崎
J,11,0569,新城,新城
J,11,0570,新城,柑子崎
J,11,0566,寶斗仁,寶斗仁
J,11,0568,寶斗仁,崎林
J,11,0567,寶斗仁,深井
J,11,0632,科管,
J,11,0661,寶香,
J,11,0662,雙林,
J,11,0663,明湖,
J,11,0664,雙高,
J,11,0665,雙園,
J,11,0666,寶中,
J,11,0667,雙峰,
J,11,0698,雙龍,
J,11,0699,園區,
J,11,0700,大雅,
J,11,0701,二坪,
J,11,0702,洽水,
J,11,0703,華安,
J,11,0704,枋子坑,
J,11,0705,莒光,
J,11,0706,楓橋,
J,11,0707,寶東,
J,11,0708,龍居,
J,12,0573,北埔,北埔
J,12,0574,北埔,埔尾
J,12,0584,大湖,上大湖
J,12,0585,大湖,下大湖
J,12,0586,大湖,尾隘子
J,12,0589,大坪,內大坪
J,12,0590,大坪,外大坪
J,12,0587,南坑,大南坑
J,12,0588,南坑,小南坑
J,12,0578,南埔,南埔
J,12,0580,南埔,大分林
J,12,0581,南埔,九分子
J,12,0579,南埔,番婆坑
J,12,0582,小分林,小分林
J,12,0583,小分林,二寮
J,12,0575,水子,水子
J,12,0577,水子,麻布樹排
J,12,0576,水子,面盆寮
J,12,0655,公園,
J,12,0656,鄉所,
J,12,0657,埔興,
J,12,0658,埔中,
J,13,0591,峨眉,峨眉
J,13,0592,峨眉,河背
J,13,0601,富興,富興
J,13,0603,富興,西河排
J,13,0602,富興,水流東
J,13,0607,赤柯坪,赤柯山
J,13,0606,赤柯坪,赤柯坪
J,13,0609,赤柯坪,十五寮
J,13,0608,赤柯坪,十四寮
J,13,0604,十二寮,十二寮
J,13,0605,十二寮,十寮坑
J,13,0598,石硬子,社寮坑
J,13,0597,石硬子,石硬子
J,13,0595,石井,石井
J,13,0596,石井,梯子桄
J,13,0594,中興,四分子
J,13,0593,中興,中興
J,13,0600,藤坪,六寮
J,13,0599,藤坪,藤坪
J,13,0659,興眉,
J,14,0610,嘉樂,
J,14,0614,柿山,
J,14,0623,秀巒,
J,14,0625,新光,
J,14,0622,斯馬,
J,14,0624,玉峰,
J,14,0620,大平,
J,14,0613,梅花,
J,14,0619,煤源,
J,14,0615,梅林,
J,14,0626,田埔,
J,14,0612,義興,北角
J,14,0611,義興,義興
J,14,0616,錦屏,
J,14,0618,新樂,水田
J,14,0617,那羅,
J,14,0621,石磊,
J,14,0668,石安,
J,14,0670,八五山,
J,14,0671,李棟山,
J,14,0672,宇老,
J,14,0673,上錦屏,
J,14,0674,泉源,
J,14,0677,泰崗,
J,14,0678,大霸,
J,14,0679,尖山,
J,14,0680,白石,
J,14,0681,養老,
J,14,0682,鎮西堡,
J,14,0689,鴛鴦湖,
J,14,0690,馬腦,
J,14,0691,石和,
J,14,0692,基那吉,
J,14,0693,布奴加里,
J,14,0694,栗園,
J,14,0695,泰源,
J,14,0696,桃石,
J,14,0697,馬洋山,
J,15,0631,大隘,
J,15,0628,桃山,
J,15,0629,竹林,
J,15,0630,石鹿,
J,15,0627,花園,
J,15,0660,雪霸,
J,15,0683,青山,
J,15,0684,雲山,
J,15,0685,腦寮,
J,15,0686,檜山,
J,15,0687,白蘭,
J,15,0688,喜翁,
J,15,0675,羅山,
J,15,0676,羅竹,
J,02,0722,放翁,
J,08,0723,橫村,
J,08,0724,華山,
J,08,0725,新庄,
J,08,0726,田洋,
J,04,0460,五埔,
J,04,0461,雲埔,
J,14,0727,低陸,
J,14,0728,高臺,
J,14,0729,下太平,
J,14,0730,馬美,
J,14,0731,石麻達,
J,14,0732,延老,
J,14,0733,錦路,
J,14,0734,西丘斯,
J,02,0737,軟橋,
J,03,0214,上南片,上南片
J,03,0462,仁安,
J,03,0463,東豐,
J,03,0464,東光,
J,08,0735,田寮,
J,08,0736,矺子,
J,05,0468,台科,
J,05,0469,自強,
J,03,0465,石光,
J,03,0466,大同壹,
J,03,0467,大同貳,
J,02,0739,員崠,
J,02,0738,北興,
J,02,0741,大鄉,
J,02,0740,上舘,
J,05,0470,國義,
J,05,0471,中正,
J,05,0472,莊敬,
J,04,0460,五埔,
J,04,0461,雲埔,
J,03,0473,高橋,
J,02,0751,指東,
J,09,0835,埔和,
J,12,0750,坪尾,
J,13,0749,星尾,
J,14,0752,梅崗,
J,14,0753,屏南,
J,14,0754,道下,
J,14,0755,樂屏,
J,14,0756,溪源,
J,14,0757,鳥嘴,
J,15,0758,鵝公髻,
J,15,0759,桃隧,
J,15,0760,土場,
J,15,0761,大鹿,
J,15,0762,野馬敢,
J,15,0763,天頓,
J,15,0764,霞喀羅,
J,15,0765,清石,
J,15,0766,麥巴來,
J,15,0767,忠興,
J,15,0768,南口,
J,02,0742,杞林,
J,06,0836,中義,
J,12,0743,埔尾,
J,12,0744,南昌,
J,12,0745,福林,
J,12,0746,庄口,
J,12,0747,溝背,
J,12,0748,環湖,
J,12,0770,湖尾,
J,12,0771,湖東,
J,12,0772,湖中,
J,12,0773,湖西,
J,12,0774,神木,
J,08,0775,下大窩,
J,08,0776,新十分寮,
J,08,0777,九讚頭,
J,03,0474,店岡,
J,04,0475,上旱坑,
J,04,0476,燒炭窩,
J,04,0477,下寮,
J,08,0778,沙坑壹,
J,08,0779,沙坑貳,
J,12,0780,五指山,
J,04,0478,下旱坑,
J,04,0479,上寮,
J,04,0480,南平,
J,02,0781,台泥,
J,08,0783,沙坑叁,
J,08,0784,八十分,
J,04,0481,箭竹窩,
J,04,0482,北平,
J,04,0483,太平,
J,08,0785,新頭分林,
J,08,0786,豐鄉,
J,04,0484,黃梨園,
J,04,0485,照鏡,
J,04,0486,石門,
J,04,0487,福田,
J,04,0488,九芎湖,
J,10,0782,上德,
J,10,0787,水坑壹,
J,10,0788,水坑貳,
J,10,0789,上山壹,
J,04,0489,鹿鳴坑,
J,10,0790,上山貳,
J,10,0791,中坑,
J,10,0792,赤柯寮,
J,10,0793,新別,
J,10,0794,石潭,
J,04,0490,照門,
J,13,0795,三峰,
J,13,0796,富農,
J,04,0491,新北,
J,13,0797,水流東,
J,13,0798,石井,
J,13,0799,富興,
J,13,1000,湖光,
J,02,1001,至善,
J,13,1002,中盛,
J,13,1003,峨眉,
J,13,1004,十二寮,
J,13,1005,赤柯坪,
J,13,1006,赤柯山,
J,02,1007,光武,
J,11,1008,寶斗,
J,11,1009,深井,
J,11,1010,新城,
J,11,1011,崎林,
K,08,0183,象山,
K,12,0543,溪洲,
K,14,0754,南興,
K,14,0755,南埔,
K,05,0629,銅科,
K,09,0544,保興,
K,02,0397,藍田,
K,02,0399,興隆,
K,02,1100,苑坑,
K,02,1101,中溝,
K,02,1102,南山,
K,18,0099,跋阿諾乎,
K,04,0188,石墻,
K,01,0190,福全,
K,01,0191,福安,
K,01,0192,華清,
K,05,0545,五福,
K,05,0546,東崎頂,
K,05,0547,西崎頂,
K,16,0094,新坪頂,
K,16,0095,新橫坑,
K,16,0096,食水坑,
K,16,0900,昭永,
K,16,0901,中角,
K,03,0398,北梅,
K,09,0548,復興,
K,09,0545,五福,
K,09,0546,東崎頂,
K,09,0547,西崎頂,
K,12,0549,維真,
K,12,0550,龍成,
K,04,0189,關爺埔,
K,10,0756,八德,
K,10,0757,光華,
K,10,0758,蔴園,
K,10,0759,文化,
K,09,0551,保福,
K,11,0552,東赤崎,
K,11,0553,西赤崎,
K,08,0193,明德,
K,08,0194,茄苳,
K,17,0902,義民,
K,17,0903,銑櫃,
K,02,1103,順天,
K,04,0195,館中,
K,09,0554,新南,
K,10,0760,中正,
K,10,0761,民富,
K,11,0555,北豐湖,
K,11,0556,南豐湖,
K,01,0196,文聖,
K,01,0197,文發,
K,01,0198,巨蛋,
K,03,1104,中山,
K,03,1105,五南,
K,12,0557,龍江,
K,05,0630,九湖北,
K,05,0631,九湖南,
K,10,0762,民生,
K,09,0558,明德,
K,09,0559,民華,
K,01,0199,英才,
K,01,0200,文峰,
K,01,0201,建功,
K,01,0202,豐年,
K,12,0560,下溪洲,
K,12,0561,龍城,
K,09,0562,藝文,
K,10,0763,公園,
K,03,1106,梅南東,
K,03,1107,梅南西,
K,09,0563,新崎頂,
K,10,0764,隆興,
K,10,0765,山下,
K,10,0766,後湖,
K,10,0767,仁愛,
K,17,0904,竹木,
K,01,0203,聯大,
K,02,1108,大埔北,
K,02,1109,大埔南,
K,07,0632,新二湖,
K,07,0633,新鴨南,
K,10,0768,正興,
K,10,0769,顯會,
K,10,0770,義民,
K,10,0771,和平,
K,01,0204,袍澤,
K,01,0205,明駝,
K,11,0564,大潭,
K,11,0565,新潭內,
K,05,0634,竹森,
K,15,0905,義和西,
K,15,0906,栗林北,
K,15,0907,栗林南,
K,15,0908,新開北,
K,15,0909,新開南,
K,09,0566,公園,
K,10,0772,蘆竹,
K,10,0773,自強,
K,10,0774,東庄,
K,06,0636,西湖,
K,06,0637,育英,
K,06,0638,八櫃,
K,07,0635,新高埔,
K,15,0910,百壽,
K,09,0567,延平,
K,09,0568,龍天,
K,09,0959,新博愛,
K,06,0639,伯公坑,
K,07,0640,槺榔埔,
K,07,0641,新五湖,
K,02,1110,石頭坑,
K,02,1111,南勢林坑,
K,09,0570,龍鳳西,
K,09,0571,龍鳳東,
K,09,0572,新山佳,
K,13,0775,北下林坪,
K,13,0776,南下林坪,
K,13,0777,九份寮,
K,13,0778,雙石,
K,01,0157,水流娘,
K,01,0159,文新,
K,01,0169,為公,
K,01,0106,文山,
K,01,0156,恭敬,
K,01,0155,勝利,
K,01,0170,大倫,
K,01,0179,南勢,
K,01,0178,大坪,
K,01,0177,上南,
K,01,0171,嘉福,
K,01,0176,長春,
K,01,0180,維新,
K,01,0105,福麗,
K,01,0107,西山,
K,01,0104,嘉盛,
K,01,0108,福星,
K,01,0100,苗栗,
K,01,0101,社寮岡,
K,01,0109,芒埔,
K,01,0158,福星,田寮
K,01,0103,維祥,內麻
K,01,0111,南勢坑,下南勢坑
K,01,0110,南勢坑,上南勢坑
K,01,0102,維祥,維祥
K,02,0366,泰田,
K,02,0369,田心,
K,02,0367,社柑,
K,02,0371,新復,
K,02,0372,中山,
K,02,0368,田中,
K,02,0373,中苗,
K,02,0364,中正,
K,02,0360,苑北,
K,02,0358,苑西,
K,02,0359,苑南,
K,02,0361,苑中,
K,02,0362,新興,
K,02,0363,福田,
K,02,0365,房北,
K,02,0389,火炎山,
K,02,0387,啟心,
K,02,0388,上館,
K,02,0390,慈護,
K,02,0392,十股,
K,02,0393,蕉埔,
K,02,0391,致民,
K,02,0380,新復東,
K,02,0377,文山,
K,02,0370,鎮安,
K,02,0374,玉田,
K,02,0375,玉山,
K,02,0379,新復南,
K,02,0378,新復北,
K,02,0376,玉豐,
K,02,0316,石頭坑,新厝子
K,02,0305,苑裡坑,苑裡坑
K,02,0304,瓦磘,
K,02,0308,貓盂,貓盂
K,02,0307,貓盂,客庄
K,02,0315,石頭坑,石頭坑
K,02,0306,苑裡坑,水柳坡
K,02,0310,舊社,
K,02,0303,苑裡,海口
K,02,0309,田寮,
K,02,0301,苑裡,苑裡
K,02,0300,苑裡,北勢
K,02,0302,苑裡,西勢
K,02,0312,大埔,青埔
K,02,0313,大埔,大埔
K,02,0317,南勢林,
K,02,0356,房南,
K,02,0357,苑東,
K,02,0355,西海,
K,02,0354,苑港,
K,02,0320,山柑,山柑
K,02,0318,社苓,公館子
K,02,0319,社苓,社苓
K,02,0322,房裡,
K,02,0314,芎蕉坑,
K,02,0311,山腳,
K,02,0321,山柑,山柑尾
K,03,0351,平元,
K,03,0350,竹林,
K,03,0381,白沙,
K,03,0352,海濱,
K,03,0347,通西,
K,03,0349,通北,
K,03,0353,南華,
K,03,0348,通南,
K,03,0394,保安林,
K,03,0386,通平,
K,03,0396,內湖西,
K,03,0395,內湖東,
K,03,0383,內島,
K,03,0382,白東,
K,03,0385,通灣,
K,03,0384,雲天,
K,03,0346,通東,
K,03,0343,五里牌,五里牌
K,03,0341,五里牌,隘口寮
K,03,0331,圳頭,
K,03,0334,通霄,
K,03,0340,南勢,
K,03,0326,通霄灣,
K,03,0324,內湖島,
K,03,0339,大坪頂,
K,03,0342,五里牌,番子寮
K,03,0344,五里牌,羊寮
K,03,0345,五里牌,五福
K,03,0323,白沙屯,
K,03,0338,福興,
K,03,0327,北勢窩,
K,03,0337,南和,
K,03,0333,番社,
K,03,0329,楓樹窩,
K,03,0335,梅樹腳,
K,03,0325,新埔,
K,03,0336,土城,
K,03,0332,北勢,
K,03,0328,烏眉坑,
K,03,0330,內湖,
K,04,0166,館明,
K,04,0165,館陽,
K,04,0167,館福,
K,04,0174,台蠶,
K,04,0168,福南,
K,04,0164,館學,
K,04,0116,麻齊寮,
K,04,0113,福基,
K,04,0123,北河,
K,04,0122,南河,
K,04,0118,鶴子岡,
K,04,0112,公館,
K,04,0117,五谷岡,
K,04,0120,中小義,
K,04,0161,齊佳,
K,04,0160,新岡,
K,04,0163,館聖,
K,04,0162,館興,
K,04,0119,石圍墻,
K,04,0115,大坑,
K,04,0114,出礦坑,
K,04,0121,尖山,
K,05,0623,樟樹,
K,05,0627,天神,
K,05,0621,樟樹東,
K,05,0622,樟樹西,
K,05,0625,西崗,
K,05,0626,客屬,
K,05,0624,福安,
K,05,0628,東崗,
K,05,0609,雙峰,
K,05,0601,七十份,中平
K,05,0128,芎蕉灣,
K,05,0125,三座厝,
K,05,0127,七十份,
K,05,0132,九湖,
K,05,0126,中心埔,
K,05,0602,中心埔,中興小段
K,05,0133,竹圍,
K,05,0129,樟樹林,
K,05,0134,銅鑼,銅鑼工業區
K,05,0606,朝陽,
K,05,0605,朝東,
K,05,0608,東田洋,
K,05,0607,福興,
K,05,0604,西田洋,
K,05,0130,新雞隆,
K,05,0124,銅鑼,
K,05,0603,朝西,
K,05,0131,老雞隆,
K,06,0619,鯉魚,
K,06,0620,上城,
K,06,0618,聖王,
K,06,0610,雙湖,
K,06,0140,魚藤坪,
K,06,0611,五榖,
K,06,0613,重河,
K,06,0612,中心,
K,06,0139,拐子湖,
K,06,0135,三叉,
K,06,0137,雙連潭,
K,06,0138,鯉魚潭,
K,06,0136,雙草湖,
K,06,0615,水美,
K,06,0616,僑成,
K,06,0614,八股,
K,07,0144,四湖,
K,07,0145,五湖,
K,07,0146,高埔,
K,07,0141,鴨母坑,
K,07,0617,湖東,
K,07,0142,二湖,
K,07,0143,三湖,
K,08,0181,南窩坪,
K,08,0150,老田寮,
K,08,0149,仁隆,
K,08,0151,枋寮坑,
K,08,0147,頭屋,
K,08,0172,頭屋,一
K,08,0173,頭屋,二
K,08,0148,外獅潭,
K,08,0153,二岡坪,天花湖
K,08,0154,二岡坪,南球
K,08,0175,南窩,
K,08,0152,二岡坪,二岡坪
K,09,0504,公義,
K,09,0509,中正,
K,09,0511,成功,
K,09,0510,東平,
K,09,0505,天聲,
K,09,0506,龍山,
K,09,0508,竹興,
K,09,0507,后厝,
K,09,0524,立達,
K,09,0523,南科,
K,09,0532,頂科,
K,09,0531,頂埔,
K,09,0513,新生,
K,09,0512,文化,
K,09,0515,仁德,
K,09,0514,慈裕,
K,09,0407,鹽館前,鹽館前
K,09,0408,鹽館前,大厝
K,09,0409,鹽館前,山子坪
K,09,0417,口公館,
K,09,0415,大埔,頂大埔
K,09,0416,大埔,中大埔
K,09,0410,營盤邊,營盤邊
K,09,0411,營盤邊,山寮
K,09,0405,海口,海口
K,09,0406,海口,港子墘
K,09,0414,山佳,
K,09,0413,中興,
K,09,0419,公館子,
K,09,0412,龍鳳,
K,09,0420,竹圍,
K,09,0501,崎工,
K,09,0502,中興,中興
K,09,0503,中興,博愛
K,09,0402,竹南,二
K,09,0401,竹南,一
K,09,0400,竹南,
K,09,0403,竹南,三
K,09,0418,崎頂,
K,09,0404,中港,
K,10,0729,太陽,
K,10,0728,親民,
K,10,0727,慶華,
K,10,0730,六合,
K,10,0731,大化,
K,10,0732,斗煥,
K,10,0726,信德,
K,10,0720,德義,
K,10,0722,湳湖,
K,10,0721,興埔,
K,10,0725,文正,
K,10,0724,流東,
K,10,0723,觀音,
K,10,0747,水源,
K,10,0746,上興,
K,10,0745,下興,
K,10,0753,信義,
K,10,0749,藤坪,
K,10,0748,合興,
K,10,0744,新興,
K,10,0740,東門,
K,10,0734,僑善,
K,10,0733,雙喜,
K,10,0743,尖下,
K,10,0742,廣興,
K,10,0741,尖山,
K,10,0421,頭份,頭份
K,10,0427,頭份,土牛口
K,10,0422,頭份,一
K,10,0424,頭份,三
K,10,0423,頭份,二
K,10,0444,東興,
K,10,0435,蟠桃,忠孝
K,10,0426,頭份,土牛
K,10,0432,蟠桃,蟠桃
K,10,0431,田寮,三
K,10,0434,蟠桃,山下
K,10,0433,蟠桃,後庄
K,10,0447,頭份,工業區
K,10,0425,頭份,四
K,10,0428,田寮,
K,10,0430,田寮,二
K,10,0429,田寮,一
K,10,0703,中華,
K,10,0701,東民,
K,10,0445,尖山下,
K,10,0436,蘆竹湳,蘆竹湳
K,10,0446,濫坑,
K,10,0718,成功,
K,10,0719,中央,
K,10,0705,永貞,
K,10,0702,民族,
K,10,0704,華夏,
K,10,0442,珊珠湖,水流東
K,10,0443,珊珠湖,九芎林
K,10,0440,興隆,上埔
K,10,0439,興隆,興隆
K,10,0437,蘆竹湳,流水潭
K,10,0700,斗換坪,新華
K,10,0441,珊珠湖,珊珠瑚
K,10,0438,斗煥坪,
K,11,0453,大桃坪,
K,11,0448,造橋,
K,11,0516,平安,
K,11,0449,淡文湖,
K,11,0451,牛欄湖,
K,11,0452,赤崎子,
K,11,0450,潭內,
K,11,0520,龍昇,
K,11,0525,大西,
K,11,0526,劍潭,
K,11,0517,東興,
K,11,0518,西坑,
K,11,0519,平興,
K,12,0500,龍北,
K,12,0521,頂東,
K,12,0498,龍西,
K,12,0499,龍南,
K,12,0522,新興,
K,12,0528,龍社,
K,12,0530,合興,
K,12,0529,龍坑,
K,12,0527,龍港,
K,12,0497,龍東,
K,12,0463,新港,埔頂
K,12,0473,過港,
K,12,0462,新港,校寄埧
K,12,0461,新港,後壁厝
K,12,0460,新港,東西
K,12,0466,外埔,
K,12,0456,後龍,大庄
K,12,0455,後龍,田心子
K,12,0472,灣瓦,
K,12,0454,後龍,後龍
K,12,0457,後龍,柳樹灣
K,12,0464,苦苓腳,
K,12,0468,公司寮,公司寮
K,12,0469,公司寮,南社
K,12,0470,烏眉,
K,12,0476,後龍底,
K,12,0465,大山腳,
K,12,0471,頭湖,
K,12,0474,崎頂,
K,12,0459,新港,社腳
K,12,0467,水尾子,
K,12,0458,二張犁,
K,12,0475,十班坑,
K,13,0479,銅鑼圈,大銅鑼圈
K,13,0480,銅鑼圈,小銅鑼圈
K,13,0478,內灣,
K,13,0477,三灣,
K,13,0485,永和山,
K,13,0483,大河底,
K,13,0482,北埔,
K,13,0714,上坪,
K,13,0713,灣中,
K,13,0712,灣銅,
K,13,0715,中山,
K,13,0484,大坪林,
K,13,0486,下林坪,
K,13,0481,崁頂寮,
K,14,0750,向天湖,
K,14,0751,神桌山,
K,14,0752,仙山,
K,14,0492,田尾,
K,14,0495,蓬萊,
K,14,0491,四灣,
K,14,0490,大南埔,
K,14,0489,員林,
K,14,0493,北獅里興,獅頭驛
K,14,0487,南庄,南庄
K,14,0488,南庄,大屋坑
K,14,0494,北獅里興,北獅里興
K,14,0737,加里山,
K,14,0738,大湳,
K,14,0736,石壁,
K,14,0735,橫屏背,
K,14,0717,庄西,
K,14,0739,小東河,
K,14,0496,風美,
K,14,0711,樂山,
K,14,0716,庄東,
K,15,0098,義和,
K,15,0093,大窩,
K,15,0097,南昌,
K,15,0091,水尾坪,
K,15,0092,水頭寮,
K,15,0003,興榮,
K,15,0032,靜湖,
K,15,0001,大湖,
K,15,0002,南湖,
K,15,0033,新湖,
K,15,0031,富興,
K,15,0036,大寮,
K,15,0034,明湖,
K,15,0035,東湖,
K,16,0043,豐田,
K,16,0042,西坪,
K,16,0045,山下,
K,16,0044,苗豐,
K,16,0007,上新,
K,16,0008,大坪林,
K,16,0004,卓蘭,
K,16,0005,新厝,
K,16,0006,老庄,
K,16,0046,新灣,
K,16,0081,水廠,
K,16,0080,上庄,
K,16,0089,酸柑湖,
K,16,0090,大埔園,
K,16,0079,明德,
K,16,0048,東盛,
K,16,0047,內灣,
K,16,0078,神明,
K,16,0077,蔗埔,
K,16,0082,新庄,
K,16,0086,十八股,
K,16,0087,大坪頂,
K,16,0088,埔尾,
K,16,0083,新榮,
K,16,0084,河北街,
K,16,0085,橫坑,
K,17,0013,獅潭,永興
K,17,0016,獅潭,大東勢
K,17,0010,八角林,
K,17,0011,獅潭,和興
K,17,0014,獅潭,三洽坑
K,17,0015,獅潭,十九份
K,17,0009,桂竹林,
K,17,0040,新豐,
K,17,0012,獅潭,新店
K,17,0037,百壽,
K,17,0038,仙山,
K,17,0039,豊林,
K,18,0072,龍山,
K,18,0071,東洗水,
K,18,0070,北坑,
K,18,0073,打比厝,
K,18,0076,北坑北,
K,18,0075,盡尾,
K,18,0074,洗水,
K,18,0069,加里,
K,18,0030,雪見,
K,18,0022,橫龍山,
K,18,0024,細道邦,
K,18,0029,荻岡,
K,18,0049,觀霧,
K,18,0050,雪旺,
K,18,0020,惠安,
K,18,0041,樂安,
K,18,0023,高熊,
K,18,0026,麻必浩,
K,18,0028,梅園,
K,18,0018,南洗水,
K,18,0025,士林,
K,18,0019,圓墩,
K,18,0027,象鼻,
K,18,0021,八卦力,
K,18,0017,清安,
K,18,0060,火石,
K,18,0055,高嶺,
K,18,0054,佳仁,
K,18,0057,班山,
K,18,0056,加利,
K,18,0052,曙光,
K,18,0068,馬凹,
K,18,0053,榛山,
K,18,0051,馬達拉,
K,18,0058,能甲,
K,18,0065,老松,
K,18,0064,中雪,
K,18,0067,拾丸,
K,18,0066,南坑,
K,18,0061,西勢,
K,18,0059,江澤,
K,18,0063,復興,
K,18,0062,東陽,
K,09,0537,博愛,
K,09,0538,溪南,
K,09,0541,大同,
K,09,0542,廣源,
K,12,0533,龍頂,
K,12,0534,龍椅,
K,12,0535,龍富,
K,12,0536,光華,
K,12,0539,秀水,
K,12,0540,砂崙湖,
K,01,0184,北苗,
K,01,0185,玉清,
K,04,0186,中義,
K,04,0187,義民,
K,08,0182,孔聖,
K,09,0573,龍佳,
K,13,0779,新內灣,
K,06,0642,十六份,
K,06,0643,雙潭,
K,06,0644,新三叉,
K,06,0645,龍騰,
K,04,0206,福東,
K,09,0574,港墘,
K,09,0575,維新,
K,09,0576,光復,
K,09,0577,環市,
K,10,0780,中興,
K,01,0207,富域,
K,13,0781,北銅鏡,
K,05,0646,雙峰山,
K,03,1112,湖內,
K,16,0911,景山,
K,08,0208,新二岡坪,
K,08,0209,新頭屋,
K,05,0647,中興,
K,04,0210,鶴崗,
K,01,0211,縣府,
K,01,0212,中苗,
K,01,0213,新福麗,
K,16,0912,草寮,
K,03,1113,下坪,
K,03,1114,水尾,
K,07,0649,楓櫥,
K,06,0648,新雙湖,
K,07,0649,楓櫥,
K,01,0214,文昌,
K,01,0215,南苗,
K,01,0216,三山,
L,01,0001,豐原,
L,01,0002,大湳,
L,01,0010,烏牛欄,烏牛欄
L,01,0011,烏牛欄,田心子
L,01,0008,社皮,
L,01,0007,鐮子坑口,
L,01,0183,鐮村,
L,01,0184,鳳山,
L,01,0185,豐新,
L,01,0004,上南坑,
L,01,0173,聯合,
L,01,0174,葫蘆墩,
L,01,0175,豐陽,
L,01,0176,南田,
L,01,0178,南嵩,
L,01,0003,下南坑,
L,01,0181,復興,
L,01,0006,翁子,
L,01,0005,圳寮,
L,01,0009,朴子口,
L,01,0012,車路墘,車路墘
L,01,0013,車路墘,溝子墘
L,01,0192,三和,
L,01,0087,中陽,
L,01,0086,向陽,
L,01,0085,北陽,
L,01,0089,博愛,
L,01,0088,陽明,
L,01,0094,安康,
L,01,0093,南陽,
L,01,0091,豐東,
L,01,0092,綠山,
L,01,0180,新綠山,
L,01,0090,東陽,
L,01,0179,新東陽,
L,01,0182,朝陽,
L,01,0095,南村,
L,01,0100,豐中,
L,01,0103,豐洲,
L,01,0101,龍宮,
L,01,0098,大順,
L,01,0099,大仁,
L,01,0097,東湳,
L,01,0096,慈興,
L,01,0102,西湳,
L,01,0112,豐南,
L,01,0122,柑宅,
L,01,0123,豐田,
L,01,0124,鎮宮,
L,01,0125,福德,
L,01,0126,市政,
L,01,0127,育仁,
L,01,0128,合作,
L,01,0137,成功,
L,01,0146,水源,
L,01,0177,新水源,
L,01,0147,豐村,
L,01,0148,永豐,
L,01,0149,翁明,
L,01,0163,建成,
L,01,0164,一心,
L,01,0165,五汴,
L,01,0166,豐社,
L,01,0161,下街,
L,01,0162,豐圳,
L,01,0159,三豐,
L,01,0167,豐年,
L,01,0168,萬年,
L,01,0169,福興,
L,01,0170,順豐,
L,01,0171,萬順,
L,01,0172,師範,
L,01,0191,三陽,
L,02,0700,東勢,東勢
L,02,0701,東勢,上新
L,02,0702,東勢,下新
L,02,0704,東勢,中嵙
L,02,0703,東勢,石角
L,02,0710,新伯公,新伯公
L,02,0713,新伯公,番社
L,02,0711,新伯公,上城
L,02,0712,新伯公,下城
L,02,0714,大茅埔,
L,02,0705,校栗埔,上校栗埔
L,02,0706,校栗埔,下校栗埔
L,02,0707,石圍墻,石圍墻
L,02,0708,石圍墻,埤頭山
L,02,0709,石壁坑,
L,02,0761,互助,
L,02,0762,合作,
L,02,0763,新盛,
L,02,0764,興林,
L,02,0780,詒新,
L,02,0781,保民,
L,02,0779,詒福,
L,02,0782,慶安,
L,02,0787,羊崎,
L,02,0789,新成,
L,02,0788,和興,
L,02,0791,福興,
L,02,0790,高簡,
L,02,0848,新互助,
L,02,0849,新合作,
L,02,0850,泰昌,
L,02,0851,文昌,
L,02,0852,六合,
L,02,0853,義渡,
L,02,0854,仙師,
L,02,0855,東安,
L,02,0856,復興,
L,02,0857,延平,
L,02,0858,民誠,
L,02,0859,興隆,
L,02,0860,下新,
L,02,0861,東新,
L,02,0862,中山,
L,03,0205,社尾,社尾
L,03,0206,社尾,溪埔
L,03,0202,山,頂山
L,03,0203,山,下山
L,03,0212,頂店,
L,03,0207,橫圳,
L,03,0208,番子寮,
L,03,0209,外水尾,
L,03,0211,六塊厝,
L,03,0210,後厝子,
L,03,0227,甲民,
L,03,0228,甲全,
L,03,0224,甲嘉,
L,03,0225,甲惠,
L,03,0226,甲農,
L,03,0213,九張犁,九張犁
L,03,0214,九張犁,六股
L,03,0215,日南,
L,03,0217,日南社,
L,03,0216,五里牌,
L,03,0221,雙寮,
L,03,0218,頂後厝子,
L,03,0219,銅安厝,
L,03,0222,西勢,
L,03,0223,船頭埔,
L,03,0220,新庄子,
L,03,0229,幼獅,
L,03,0230,朝陽,
L,03,0232,順天,
L,03,0231,孔門,
L,03,0234,薰風,
L,03,0233,平安,
L,03,0237,岷山,
L,03,0236,新美,
L,03,0235,光明,
L,03,0241,武曲,
L,03,0238,文武,
L,03,0240,和平,
L,03,0239,雁門,
L,03,0276,中山,
L,03,0277,幸福,
L,03,0278,南社,
L,03,0279,太白,
L,03,0280,日新,
L,03,0281,黎明,
L,03,0282,孟春,
L,03,0283,臨江,
L,03,0284,九張,
L,03,0285,新興,
L,03,0287,義水,
L,03,0288,義和,
L,03,0289,武陵,
L,03,0290,文曲,
L,03,0291,文安,
L,03,0292,福順,
L,03,0293,福德,
L,03,0294,福安,
L,03,0295,劍井,
L,03,0296,永信,
L,03,0297,金華,
L,03,0298,致用,
L,03,0299,文化,
L,03,0300,德化,
L,03,0301,賢仁,
L,03,0303,奉仁,
L,03,0302,奉化,
L,04,0400,清水,清水
L,04,0401,清水,西勢
L,04,0414,社口,社口
L,04,0402,銀聯,
L,04,0407,海濱,
L,04,0408,海濱,臨港
L,04,0403,榔,
L,04,0422,裕嘉,
L,04,0410,武秀,
L,04,0406,秀水,秀水
L,04,0415,四塊厝,
L,04,0416,田寮,田寮
L,04,0418,田寮,下湳子
L,04,0417,田寮,橋頭
L,04,0423,吳厝,吳厝
L,04,0424,吳厝,橋頭寮
L,04,0404,大突寮,大突寮
L,04,0405,大突寮,十塊寮
L,04,0419,楊厝寮,楊厝寮
L,04,0420,楊厝寮,海風
L,04,0421,三田,
L,04,0411,三塊厝,三塊厝
L,04,0413,三塊厝,頂湳子
L,04,0412,三塊厝,菁埔
L,04,0409,高美,
L,04,0488,西寧,
L,04,0489,光華,
L,04,0491,新興,
L,04,0490,紫雲,
L,04,0492,鰲峰,
L,04,0487,中興,
L,05,0425,沙鹿,沙鹿
L,05,0426,沙鹿,斗抵
L,05,0427,沙鹿,潭子墘
L,05,0432,竹林,竹林
L,05,0433,竹林,份
L,05,0429,北勢坑,北勢坑
L,05,0430,北勢坑,六路厝
L,05,0435,南勢坑,南勢坑
L,05,0436,南勢坑,埔子
L,05,0437,西勢寮,
L,05,0428,鹿寮,
L,05,0434,公,
L,05,0431,六埔,
L,06,0438,梧棲,
L,06,0442,南簡,
L,06,0452,永安,
L,06,0440,民生,
L,06,0447,和平,
L,06,0443,大庄,大庄
L,06,0444,大庄,火燒橋
L,06,0448,三民,
L,06,0450,民權,
L,06,0449,民族,
L,06,0446,信義,
L,06,0445,仁愛,
L,06,0441,忠孝,
L,06,0451,鴨母寮,鴨母寮
L,06,0483,西建,
L,06,0486,文化,
L,06,0480,港口,
L,06,0481,頂寮,
L,06,0485,安仁,
L,06,0484,東建,
L,06,0482,下寮,
L,06,0502,港加,
L,07,0017,圳堵,
L,07,0018,新庄子,
L,07,0020,大社,
L,07,0021,三角子,
L,07,0024,下溪洲,后寮
L,07,0025,下溪洲,後壁厝
L,07,0014,神岡,
L,07,0015,山皮,
L,07,0022,社南,
L,07,0019,社口,
L,07,0016,北庄,
L,07,0023,建國,
L,07,0135,順濟,
L,07,0136,神林,
L,07,0134,神圳,
L,07,0131,福隆,
L,07,0130,圳前,
L,07,0129,望寮,
L,07,0133,林厝,
L,07,0132,厚生,
L,07,0160,神洲,
L,08,0036,牛稠坑,
L,08,0028,牛稠坑,七星
L,08,0032,圳寮,
L,08,0026,后里,
L,08,0027,后里,后里
L,08,0029,屯子,
L,08,0030,中和,
L,08,0031,舊社,
L,08,0042,金城,
L,08,0034,月眉,
L,08,0035,月眉,月眉
L,08,0033,四塊厝,
L,08,0038,中社,
L,08,0039,公館,
L,08,0040,新店,
L,08,0041,里城,
L,08,0037,七塊厝,
L,08,0150,義里,
L,08,0151,后義,
L,08,0152,泉州,
L,08,0153,后豐,
L,08,0154,后興,
L,08,0155,廣興,
L,08,0156,文明,
L,08,0157,文德,
L,08,0158,公安,
L,08,0189,平安,
L,08,0186,墩北,
L,08,0190,墩南,
L,08,0187,民富,
L,08,0188,文化,
L,09,0043,大雅,
L,09,0058,四德,
L,09,0053,西員寶,
L,09,0055,馬岡,
L,09,0052,花眉,
L,09,0050,六張犁,
L,09,0044,埔子墘,
L,09,0051,十三寮,
L,09,0049,四塊厝,
L,09,0057,三和,
L,09,0047,上員林,
L,09,0048,下員林,
L,09,0056,上楓,
L,09,0054,橫山,
L,09,0045,上橫山,
L,09,0046,下橫山,
L,09,0059,自立,
L,09,0060,自強,
L,09,0117,大明,
L,09,0121,四維,
L,09,0119,中山,
L,09,0114,民生,
L,09,0115,大榮,
L,09,0120,雅潭,
L,09,0116,學雅,
L,09,0118,永興,
L,10,0061,潭子,
L,10,0065,瓦？子,
L,10,0067,頭家厝,
L,10,0062,甘蔗崙,
L,10,0064,東員寶,
L,10,0068,大埔厝,大埔厝
L,10,0069,大埔厝,牛埔子
L,10,0063,校栗林,
L,10,0066,茄荎角,
L,10,0070,聚興,
L,10,0071,聚興,新興
L,10,0113,甘潭,
L,10,0107,石牌,
L,10,0104,潭北,
L,10,0110,聖宮,
L,10,0106,潭陽,
L,10,0108,潭興,
L,10,0109,復興,
L,10,0111,大新,
L,10,0105,潭秀,
L,10,0138,栗林,
L,10,0139,祥和,
L,10,0140,安和,
L,10,0141,潭富,
L,10,0142,工區,
L,10,0143,興華,
L,10,0144,僑忠,
L,10,0145,華泰,
L,10,0901,嘉仁,
L,10,0902,嘉豐,
L,11,0715,新社,新社
L,11,0717,新社,山頂
L,11,0716,新社,食水嵙
L,11,0718,新社,復盛
L,11,0724,水底寮,上水底寮
L,11,0725,水底寮,下水底寮
L,11,0728,永居湖,
L,11,0722,大南,大南
L,11,0723,大南,番社嶺
L,11,0719,七分,七分
L,11,0720,七分,十分
L,11,0721,七分,水井子
L,11,0727,馬力埔,
L,11,0726,鳥銃頭,
L,11,0730,三友部,
L,11,0729,二櫃,
L,11,0828,食水嵙,
L,11,0829,中正,
L,11,0830,糖？,
L,11,0831,新安,
L,11,0832,國校,
L,11,0833,新農,
L,11,0834,新中,
L,11,0835,復盛,
L,11,0836,月湖,
L,12,0731,石岡,石岡
L,12,0733,石岡,九房厝
L,12,0732,石岡,金星面
L,12,0734,仙塘坪,
L,12,0735,社寮角,社寮角
L,12,0736,社寮角,梅子樹
L,12,0737,土牛,土牛
L,12,0739,土牛,崁子下
L,12,0738,土牛,南眉
L,12,0773,廣興,
L,12,0770,萬安,
L,12,0772,金星,
L,12,0769,岡尾,
L,12,0771,長庚,
L,12,0774,萬興,
L,12,0775,梅子,
L,12,0776,國校,
L,12,0777,德興,
L,12,0837,新岡尾,
L,12,0838,新萬安,
L,12,0839,新長庚,
L,12,0840,新金星,
L,12,0841,新廣興,
L,12,0842,新萬興,
L,12,0843,新梅子,
L,12,0844,新國校,
L,12,0845,新德興,
L,12,0847,南眉,
L,12,0846,崁子下,
L,13,0244,磁,
L,13,0247,馬鳴埔,
L,13,0248,土城,
L,13,0242,六分,
L,13,0249,子,
L,13,0245,大甲東,
L,13,0243,鐵砧山,
L,13,0246,內水尾,
L,13,0304,永豐,
L,13,0305,新六分,
L,13,0306,永吉,
L,13,0307,新磁,
L,13,0308,大同,
L,13,0309,二崁,
L,13,0310,三崁,
L,13,0314,上土城,
L,13,0315,下土城,
L,14,0266,福興,
L,14,0262,中庄,
L,14,0263,南庄,
L,14,0264,南埔,
L,14,0260,牛埔,
L,14,0258,龜,
L,14,0259,溪洲,
L,14,0265,東勢尾,
L,14,0261,三塊厝,
L,14,0273,安地,
L,14,0271,安行,
L,14,0272,安農,
L,14,0274,安重,
L,14,0270,安實,
L,14,0275,安劃,
L,14,0267,松子,
L,14,0250,頂大安,
L,14,0251,下大安,
L,14,0252,三十甲,
L,14,0253,北汕,
L,14,0257,田心子,
L,14,0254,海墘厝,海墘厝
L,14,0255,海墘厝,大安港
L,14,0256,海墘厝,溫寮
L,14,0286,松雅,
L,14,0311,福東,
L,14,0312,南勢厝,
L,14,0313,東安,
L,15,0600,烏日,
L,15,0603,學田,
L,15,0604,,頂
L,15,0605,,下
L,15,0607,重建,
L,15,0606,五張,
L,15,0609,蘆竹湳,
L,15,0608,阿密哩,
L,15,0602,頭前厝,
L,15,0601,九張,
L,15,0610,溪心壩,
L,15,0612,同安厝,
L,15,0611,喀哩,
L,15,0647,溪南東,
L,15,0648,溪南西,
L,15,0652,螺潭,
L,15,0653,北里,
L,15,0668,九如,
L,15,0669,九德,
L,15,0670,中華,
L,15,0671,自立,
L,15,0672,仁德,
L,15,0673,信義,
L,15,0674,興祥,
L,15,0691,三民,
L,15,0692,自治,
L,15,0693,光日,
L,15,0694,湖日,
L,15,0695,山頂,
L,15,0696,成功嶺,
L,15,0697,便行,
L,15,0698,中山,
L,15,1112,高鐵,
L,15,1113,站南,
L,15,1114,三和,
L,15,1115,榮和,
L,15,1116,榮泉,
L,15,1117,長壽,
L,15,1143,新榮和,
L,15,1140,新高鐵,
L,15,1141,新站南,
L,15,1142,新三和,
L,15,1144,新榮泉,
L,15,1145,新長壽,
L,16,0454,追分,
L,16,0462,文昌,
L,16,0457,溪洲,
L,16,0459,社,社
L,16,0460,社,山子頂
L,16,0458,王田,
L,16,0453,大肚,
L,16,0455,井子頭,井子頭
L,16,0456,井子頭,蔗
L,16,0461,汴子頭,山子腳
L,16,0493,台紙,
L,16,0494,山陽,
L,16,0495,榮華,
L,16,0496,頂街,
L,16,0497,福利,
L,16,0498,自治,
L,16,0499,大東,
L,16,0500,仁德,
L,16,0501,萬陵,
L,16,0503,中蔗,
L,16,0505,慶順,
L,16,0504,自強,
L,16,0506,遊園,
L,16,0507,瑞井,
L,17,0463,龍井,竹坑
L,17,0471,龍目井,水師寮
L,17,0472,龍目井,水裡社
L,17,0470,龍目井,龍目井
L,17,0477,龍田,
L,17,0475,竹泉,
L,17,0476,茄投,
L,17,0468,福麗,
L,17,0478,中山,
L,17,0469,龍津,
L,17,0473,三德,
L,17,0467,山,
L,17,0474,忠和,
L,17,0465,新庄子,新庄子
L,17,0466,新庄子,南寮
L,17,0479,田水,
L,17,0508,東園,
L,17,0509,遊園南,
L,17,0510,永順,
L,17,0511,新庄,
L,17,0512,新興,
L,17,0513,新東,
L,18,0613,霧峰,霧峰
L,18,0614,霧峰,北溝
L,18,0615,霧峰,坑口
L,18,0620,萬斗六,
L,18,0621,萬斗六,六股
L,18,0617,丁台,丁台
L,18,0618,丁台,南勢
L,18,0619,吳厝,
L,18,0616,柳樹湳,
L,18,0073,天時,
L,18,0074,地利,
L,18,0075,人和,
L,18,0076,峰東,
L,18,0077,峰西,
L,18,0078,峰南,
L,18,0079,峰北,
L,18,0654,北勢,
L,18,0699,北柳,
L,18,1119,萬豐,
L,18,1118,峰谷,
L,18,1120,豐正,
L,18,1121,文化,
L,18,1122,吉峰,
L,18,1123,錦州,
L,18,1124,中正,
L,18,1125,育德,
L,18,1126,新生,
L,19,0622,太平,
L,19,0623,三汴,
L,19,0624,番子路,
L,19,0625,頭汴坑,
L,19,0626,車籠埔,車籠埔
L,19,0627,車籠埔,黃竹坑
L,19,0083,平欣,
L,19,0080,宜欣,
L,19,0081,欣欣,
L,19,0082,瑞欣,
L,19,0638,忠平,
L,19,0639,孝平,
L,19,0640,仁平,
L,19,0641,愛平,
L,19,0642,信平,
L,19,0643,義平,
L,19,0644,和平,
L,19,0645,福平,
L,19,0646,壽平,
L,19,0651,中邑,
L,19,0675,光隆,
L,19,0677,永成,
L,19,0678,福星,
L,19,0679,長億,
L,19,0680,福德,
L,19,0681,永新,
L,19,0682,合利,
L,19,0683,永豐,
L,19,0900,福利,
L,19,1300,光華,
L,19,1301,麗園,
L,19,1302,長安,
L,19,1303,萬福,
L,19,1304,光明,
L,19,1305,坪林,
L,19,1306,洪厝,
L,19,1307,吉祥,
L,19,1308,中華,
L,19,1309,勤益,
L,19,1310,大源,
L,19,1311,中山,
L,19,1312,內湖,
L,19,1313,茶寮,
L,19,1314,福隆,
L,19,1315,頂坪,
L,19,1316,興隆,
L,19,1317,光興,
L,19,1318,廣隆,
L,19,1319,七星,
L,19,1320,永隆,
L,19,1321,新德隆,
L,19,1322,溪洲,
L,19,1323,東興,
L,19,1325,東和,
L,19,1324,東平,
L,20,0629,內新,
L,20,0630,涼傘樹,
L,20,0628,大里,
L,20,0632,詹厝園,
L,20,0635,中興,
L,20,0631,大突寮,
L,20,0633,草湖,
L,20,0634,塗城,
L,20,0636,番子寮,
L,20,0637,番子寮,健仁
L,20,0649,新仁,
L,20,0650,新義,
L,20,0655,長春,
L,20,0656,東湖,
L,20,0657,南湖,
L,20,0658,成功,
L,20,0659,金城,
L,20,0660,仁化,
L,20,0661,武德,
L,20,0662,東城,
L,20,0663,向學,
L,20,0664,瑞城,
L,20,0665,北新,
L,20,0666,東榮,
L,20,0667,東興,
L,20,0676,鳳凰,
L,20,0684,立仁,
L,20,0685,公教,
L,20,0686,日新,
L,20,0687,大忠,
L,20,0688,大孝,
L,20,0689,大仁,
L,20,0690,大義,
L,20,1100,喬城,
L,20,1101,吉隆,
L,20,1102,崇光,
L,20,1103,西榮,
L,20,1104,合信,
L,20,1105,華城,
L,20,1106,立新,
L,20,1107,福大,
L,20,1108,新光,
L,20,1109,益民,
L,20,1110,大元,
L,20,1111,國中,
L,20,1132,仁美,
L,20,1131,仁城,
L,20,1130,美群,
L,20,1128,光正,
L,20,1133,振坤,
L,20,1129,練武,
L,20,1127,健民,
L,20,1134,新甲,
L,20,1135,德芳,
L,20,1136,福興,
L,20,1137,大衛,
L,20,1138,樹王,
L,20,1139,萬安,
L,20,1146,大峰,
L,21,0740,南勢,
L,21,0759,埋伏坪社,
L,21,0755,雙崎,
L,21,0757,達觀,
L,21,0758,雪山,
L,21,0741,博愛,
L,21,0742,谷關,
L,21,0756,白毛,
L,21,0760,黑田,
L,21,0744,青山,
L,21,0745,佳陽,
L,21,0743,達見,
L,21,0746,梨山,
L,21,0754,福壽山,
L,21,0747,松茂,
L,21,0752,思源,
L,21,0749,志良,
L,21,0751,七家灣,
L,21,0748,環山,
L,21,0750,勝光,
L,21,0753,武陵,
L,21,0768,松盧,
L,21,0767,松嶺,
L,21,0765,七卡,
L,21,0766,桃山,
L,21,0778,龍谷,
L,21,0784,鞍馬山,
L,21,0785,新山,
L,21,0786,佳保,
L,21,0783,小雪山,
L,21,0792,自由,
L,21,0793,後山寮,
L,21,0794,苗圃,
L,21,0795,阿冷,
L,21,0796,光明,
L,21,0797,劍山,
L,21,0798,釜碗,
L,21,0799,壩新,
L,21,0800,三錐,
L,21,0801,大雪山,
L,21,0802,裡冷,
L,21,0803,沙蓮溪,
L,21,0804,天輪,
L,21,0805,東卯,
L,21,0806,鞍馬溪,
L,21,0807,火石,
L,21,0808,唐呂,
L,21,0809,十文溪,
L,21,0810,西川,
L,21,0811,天池,
L,21,0812,七棟寮,
L,21,0813,百川,
L,21,0814,出雲山,
L,21,0815,達盤,
L,21,0816,大木,
L,21,0817,仁壽,
L,21,0818,興隆,
L,21,0819,四季,
L,21,0820,池有,
L,21,0821,羅葉尾,
L,21,0822,有勝,
L,21,0823,南湖,
L,21,0824,中央,
L,21,0825,羅閑,
L,21,0826,無明,
L,21,0827,捫山,
L,21,0863,育苗,
L,20,1147,西湖北,
L,19,1326,新坪,
L,19,1327,樹孝,
L,20,1148,西湖南,
L,10,0903,東寶一,
L,10,0904,東寶二,
L,07,0193,大富,
L,07,0194,岸裡,
L,17,0514,東海,
L,17,0515,遊園北,
L,17,0516,南寮,
L,17,0517,藝術,
L,17,0518,遠東,
L,14,0316,安中,
L,14,0317,頂庄,
L,14,0318,中海,
L,19,1328,新高,
L,10,0906,東寶三,
L,10,0907,東寶五,
L,18,1151,南勢西,
L,05,0520,中清,
L,05,0519,西勢,
L,05,0521,明德,
L,05,0522,公館北,
L,05,0523,公館南,
L,07,0195,大社東,
L,19,1329,石苓湖,
L,18,1149,舊正西,
L,18,1150,南勢東,
L,14,0322,南安,
L,02,0878,吊神山,
L,11,0876,龍安,
L,11,0877,崑山,
L,12,0879,八寶圳,
L,21,0864,崑崙,
L,21,0865,中坑,
L,21,0866,橫流溪,
L,21,0867,東卯溪,
L,21,0868,稍來,
L,21,0869,白鹿,
L,21,0870,裡冷溪,
L,21,0871,八仙山,
L,21,0872,雪山坑,
L,21,0873,摩天嶺,
L,21,0874,烏石坑,
L,21,0875,觀音溪,
L,20,1152,舊街,
L,20,1153,福德,
L,03,0320,順帆,
L,03,0321,渭水,
L,19,1330,德興,
L,07,0196,大洲,
L,18,1154,丁台一,
L,18,1155,丁台二,
L,18,1156,丁台三,
L,10,0908,東寶六,
L,10,0909,東寶七,
L,04,0525,楊厝,
L,04,0524,海風,
L,04,0526,吳厝北,
L,04,0527,吳厝南,
L,14,0323,新南埔,
L,04,0528,市鎮北,
L,06,0529,市鎮南,
L,19,1331,豐中,
L,19,1332,育賢,
L,19,1333,新興,
L,21,0880,合歡溪,
L,04,0530,甲南,
L,04,0531,頂湳,
L,04,0532,菁埔北,
L,04,0533,菁埔南,
L,04,0534,臨海,
L,04,0535,朝天,
L,04,0536,高美東,
L,04,0537,高美南,
L,01,0199,福陽,
L,07,0197,前寮,
L,07,0198,神工,
L,07,1500,十五庄,
L,07,1501,豐洲北,
L,13,0324,水美,
L,13,0325,甲東,
L,13,0326,東泰,
L,13,0327,新城,
L,10,0910,家興,
L,10,0911,頭張,
L,10,0912,中興,
L,10,0913,頭家,
L,10,0914,家福,
L,10,0915,中山,
L,09,0905,科雅,
L,18,1157,新六股,
L,18,1158,農試所,
L,18,1159,舊正東,
L,18,1160,桐林,
L,18,1161,霧工,
L,18,1162,南柳,
L,18,1163,北柳南,
L,18,1164,新厝,
L,19,1334,塔湖,
L,19,1335,皇帝筍坑,
L,19,1336,振興,
L,19,1337,新福,
L,21,0881,白毛山,
L,21,0882,長興,
L,18,1165,五福,
L,18,1166,新埔,
L,18,1167,四德,
L,03,0329,西岐,
L,13,0328,大東,
M,01,0001,南投,
M,01,0002,牛運堀,
M,01,0003,三塊厝,
M,01,0004,茄苳腳,
M,01,0005,包尾,
M,01,0013,營盤口,
M,01,0015,內轆,
M,01,0007,半山,
M,01,0010,小半山,
M,01,0009,林子,南崗
M,01,0011,草尾嶺,
M,01,0012,軍功寮,
M,01,0006,東施厝坪,
M,01,0018,西施厝坪,西施厝坪
M,01,0019,西施厝坪,樟普寮
M,01,0014,光復,
M,01,0017,光輝,
M,01,0016,大埤,
M,01,0020,新生,
M,01,0047,南山,
M,01,0046,大崗,
M,01,0048,嘉和,
M,01,0049,內新,
M,01,0056,內興,
M,01,0051,光華,
M,01,0052,光榮,
M,01,0054,光興,
M,01,0053,光明,
M,01,0050,光大,
M,01,0055,新？,
M,02,0203,埔里,東門
M,02,0204,埔里,北門
M,02,0201,埔里,梅子腳
M,02,0202,埔里,茄苳腳
M,02,0205,埔里,信義
M,02,0279,埔里,五十甲
M,02,0200,埔里,埔里
M,02,0285,埔里,中華
M,02,0206,大肚城,
M,02,0207,枇杷城,
M,02,0208,珠子山,
M,02,0209,桃米坑,
M,02,0210,生蕃空,
M,02,0211,烏牛欄,
M,02,0212,房里,
M,02,0215,水尾,
M,02,0213,牛相觸,
M,02,0214,牛眠山,
M,02,0216,福興,
M,02,0217,史港坑,
M,02,0218,小埔社,
M,02,0219,大湳,
M,02,0220,水頭,
M,02,0222,西塔山,
M,02,0221,關刀山,
M,02,0278,南光,
M,02,0282,光明,
M,02,0284,和平,
M,02,0283,南興,
M,02,0280,仁愛,
M,02,0281,光榮,
M,02,0290,忠孝,
M,02,0291,忠心,
M,02,0292,忠言,
M,02,0293,忠貞,
M,02,0294,忠良,
M,02,0295,忠信,
M,02,0296,忠義,
M,02,0297,忠實,
M,03,0100,草屯,
M,03,0103,中興,
M,03,0102,山腳,
M,03,0118,匏子寮,
M,03,0116,月眉厝,
M,03,0106,北投埔,
M,03,0114,上林,
M,03,0104,牛屎崎,
M,03,0115,頂茄荖,
M,03,0107,番子田,
M,03,0111,新光,
M,03,0110,南埔,
M,03,0105,坪頂,
M,03,0108,雙冬,雙冬
M,03,0109,雙冬,平林
M,03,0112,北勢湳,
M,03,0113,光華,
M,03,0117,和平,
M,03,0122,新興,
M,03,0121,日新,
M,03,0123,北投,
M,03,0124,新厝,
M,03,0125,建興,
M,03,0126,虎山,
M,03,0127,府西,
M,03,0128,永安,
M,03,0129,御史,
M,03,0130,僑光,
M,03,0131,將軍,
M,04,0405,竹山,
M,04,0406,竹圍子,竹圍子
M,04,0407,竹圍子,况
M,04,0408,竹圍子,下坪
M,04,0421,埔心子,
M,04,0417,豬頭棕,
M,04,0412,下崁,車店子
M,04,0409,下崁,枋寮子
M,04,0410,下崁,柯子坑
M,04,0411,下崁,和溪厝
M,04,0414,江西林,江西林
M,04,0415,江西林,東埔蚋
M,04,0416,江西林,籐湖
M,04,0427,筍子林,筍子林
M,04,0428,筍子林,鹿子坑
M,04,0423,社寮,
M,04,0424,後埔子,後埔子
M,04,0426,後埔子,水車
M,04,0425,後埔子,溪洲子
M,04,0434,鯉魚尾,
M,04,0433,田子,
M,04,0431,山坪頂,
M,04,0429,勞水坑,
M,04,0430,桶頭,
M,04,0432,福興,
M,04,0418,大坑,大坑
M,04,0419,大坑,頂林
M,04,0420,大坑,中心崙
M,04,0422,大鞍,
M,04,0413,香員腳,
M,04,0401,中正,
M,04,0400,中山,
M,04,0402,雲林,
M,04,0403,菩提,
M,04,0404,埔頭,
M,04,0446,圓山,
M,04,0447,番子田,
M,04,0448,坪林,
M,04,0449,嶺頂,
M,04,0453,延和,
M,04,0452,安定,
M,04,0451,吉祥,
M,04,0450,延祥,
M,04,0454,鹿山,
M,04,0455,圳頭,
M,04,0458,延平,
M,04,0456,延吉,
M,04,0457,成功,
M,04,0460,桂林,
M,04,0459,桂北,
M,04,0462,仁德,
M,04,0475,大統,
M,04,0476,仙公,
M,04,0461,秀林,
M,05,0501,集集,雞籠山
M,05,0502,柴橋頭,柴橋頭
M,05,0504,柴橋頭,吳厝
M,05,0505,柴橋頭,北勢坑
M,05,0503,柴橋頭,洞角
M,05,0507,隘寮,
M,06,0026,名間,
M,06,0027,濁水,
M,06,0021,番子寮,
M,06,0022,下新厝,
M,06,0024,田子,
M,06,0023,新街,
M,06,0025,大庄,
M,06,0028,炭寮,
M,06,0029,皮子寮,
M,06,0030,赤水,
M,06,0031,弓鞋,
M,06,0032,松柏坑,
M,06,0033,頂新厝,
M,06,0034,下,
M,07,0435,鹿谷,鹿谷
M,07,0436,鹿谷,新寮
M,07,0445,初鄉,
M,07,0440,車寮,車寮
M,07,0441,車寮,內湖
M,07,0437,小半天,
M,07,0438,內樹皮,
M,07,0439,大水堀,
M,07,0444,坪子頂,
M,07,0442,番子寮,
M,07,0443,大丘園,
M,07,0471,彰雅,
M,07,0470,仁義,
M,07,0472,鹿彰,
M,07,0473,興產,
M,07,0469,新和,
M,07,0474,廣興,
M,08,0040,中寮,
M,08,0037,鄉親寮,
M,08,0035,八杞仙,
M,08,0036,後寮,
M,08,0041,二重溪,
M,08,0042,分水寮,
M,08,0043,龍眼林,
M,08,0044,先驅,
M,08,0045,清水,
M,08,0038,永樂,
M,08,0039,福山,
M,09,0223,魚池,
M,09,0226,司馬按,
M,09,0225,大林,
M,09,0224,長寮,
M,09,0227,木屐,
M,09,0228,加道坑,
M,09,0229,鹿篙,
M,09,0230,新城,
M,09,0231,山楂腳,
M,09,0234,蓮華池,
M,09,0232,茅埔,
M,09,0233,貓,
M,09,0235,水社,
M,09,0236,頭社,
M,09,0237,銃櫃,
M,09,0238,大雁,
M,10,0239,國姓,
M,10,0240,龜子頭,
M,10,0241,柑子林,
M,10,0242,墘溝,
M,10,0243,水長流,
M,10,0247,大坪,
M,10,0248,埔源,
M,10,0246,五棚坑,
M,10,0244,北港溪,
M,10,0245,北山坑,
M,10,0250,南港,
M,10,0249,廣源,
M,11,0508,社子,
M,11,0512,拔社埔,
M,11,0509,郡坑,
M,11,0511,龜子頭,
M,11,0510,牛轀轆,
M,11,0529,水里,
M,11,0528,新城,
M,11,0531,鉅工,
M,11,0530,城中,
M,11,0533,永豐,
M,11,0534,南湖,
M,11,0532,南光,
M,12,0513,信義,
M,12,0515,內茅埔,
M,12,0514,人倫,
M,12,0519,人和,
M,12,0522,雙龍,
M,12,0527,東龍,
M,12,0521,青雲,
M,12,0520,潭南,
M,12,0524,望美,
M,12,0523,東埔,
M,12,0526,地利,
M,12,0525,沙里仙,
M,12,0516,明德,
M,12,0517,豐丘,
M,12,0518,羅娜,
M,03,0165,草鞋墩,
M,12,0535,同富,
M,13,0266,守城大山,
M,13,0253,紅香,
M,13,0254,發祥,
M,13,0255,瑞岩,
M,13,0256,翠巒,
M,13,0257,望洋,
M,13,0258,曲冰,
M,13,0259,武界,
M,13,0272,過坑,
M,13,0267,霧社,
M,13,0271,東眼山,
M,13,0264,眉溪,
M,13,0263,合歡溪,
M,13,0270,春陽,
M,13,0269,幼獅,
M,13,0268,大同,
M,13,0276,清流,
M,13,0275,松岡,
M,13,0252,靜觀,
M,13,0274,平靜,
M,13,0251,蘆山,
M,13,0273,萬大,
M,13,0265,眉原,
M,13,0261,中原,
M,13,0260,泉南,
M,13,0262,華岡,
M,13,0277,守城,
M,13,0286,惠蓀,
M,13,0289,惠東,
M,13,0287,惠南,
M,13,0288,惠中,
M,13,0299,翠峰,
M,13,0298,武令,
M,13,0300,天池,
M,06,0057,吳厝,
M,06,0058,名山,
M,06,0060,名松,
M,06,0061,南雅,
M,06,0062,小崎,
M,06,0059,名水,
M,07,0468,瑞田,
M,03,0134,富寮,
M,03,0133,富仁,
M,03,0132,富功,
M,05,0556,玉映,
M,05,0553,廣明,
M,05,0554,八張,
M,05,0555,文昌,
M,05,0557,營子,
M,03,0136,新埔,
M,03,0135,青宅,
M,07,0467,秀峰,
M,07,0463,溪頭,
M,07,0464,溪坪,
M,07,0465,鳳凰,
M,07,0466,田底,
M,05,0559,環山,
M,05,0560,和平,
M,05,0561,中溝,
M,05,0562,山腳,
M,05,0563,林興,
M,05,0564,龍泉,
M,11,0558,北埔,
M,12,0550,玉山,
M,12,0544,阿里,
M,12,0549,鞍部,
M,12,0551,樂樂,
M,12,0552,八通,
M,03,0137,北投埔,復興
M,10,0302,石門,
M,10,0303,中興,
M,10,0304,成功,
M,10,0305,龜溝,
M,10,0306,福龜,
M,12,0539,坪瀨,
M,12,0540,風斗,
M,12,0541,愛國,
M,12,0542,牛稠,
M,12,0543,亞杉,
M,09,0307,東池,
M,12,0545,和社,
M,12,0546,松山,
M,12,0547,神木,
M,12,0548,桐林,
M,12,0565,北山,
M,12,0566,巴奈伊,
M,12,0567,大水窟,
M,12,0568,達芬,
M,09,0308,中池,
M,09,0309,內池,
M,09,0310,興池,
M,09,0311,新興,
M,09,0312,明潭,
M,02,0313,獅仔頭,
M,02,0314,乾溪,
M,13,0301,奧萬大,
M,13,0315,鳶峰,
M,13,0316,南山溪,
M,13,0317,鬼仔坑,
M,13,0318,楓仔林,
M,13,0319,本部溪,
M,13,0320,大尖山,
M,13,0321,太魯閣,
M,13,0322,奇萊,
M,13,0323,雲海,
M,13,0324,能高北,
M,13,0325,能高南,
M,13,0326,奧北,
M,13,0328,奧東,
M,13,0330,奧南,
M,13,0331,奧西,
M,13,0327,松風嶺,
M,13,0329,檜林,
M,13,0332,萬峰,
M,13,0333,栗源,
M,13,0334,清水溪,
M,13,0335,栗栖溪,
M,13,0336,香杉林,
M,13,0337,卓社山,
M,13,0338,楊岸溪,
M,13,0339,尾敏山,
M,13,0340,尾敏溪,
M,13,0341,基隆山,
M,13,0342,九仙溪,
M,13,0343,帖比倫,
M,13,0344,三錐山,
M,13,0345,卯木山,
M,13,0346,碧綠,
M,13,0347,西合歡,
M,13,0348,松雪,
M,04,0477,杉林溪,
M,04,0478,烏松坑,
M,03,0138,隘寮,
M,11,0536,玉峰,
M,11,0537,坪林,
M,11,0538,興隆,
M,12,0569,東巒,
M,12,0570,大郡,
M,12,0571,無雙,
M,12,0572,駒盆,
M,12,0573,巒大北,
M,12,0574,巒大南,
M,12,0575,治卯東,
M,12,0576,治卯西,
M,12,0577,治卯南,
M,12,0578,治卯北,
M,12,0579,望鄉東,
M,12,0580,望鄉西,
M,12,0581,十八層,
M,12,0582,郡東,
M,12,0583,卓社,
M,12,0584,北丹大,
M,12,0585,卡社北,
M,12,0586,卡社南,
M,12,0587,六順山,
M,12,0588,丹大,
M,12,0589,天南,
M,12,0590,丹巒,
M,12,0591,三分所,
M,12,0592,石公,
M,09,0349,水社尾,
M,09,0350,溪源,
M,03,0139,祥和,
M,03,0140,溪洲,
M,03,0141,屯園,
M,03,0142,頂崁,
M,03,0143,中原,
M,03,0144,溪底,
M,03,0145,北勢,
M,03,0146,茄荖山,
M,03,0147,同德,
M,03,0148,新永安,
M,03,0149,新御史,
M,03,0150,新僑光,
M,03,0151,新富功,
M,03,0152,新富仁,
M,03,0153,新富寮,
M,03,0154,頂園,
M,03,0155,新豐,
M,03,0156,大堀,
M,02,0351,北環,
M,02,0352,北澤,
M,01,0703,建興,
M,01,0702,永興,
M,01,0701,福興,
M,01,0704,華新,
M,03,0164,保安,
M,02,0358,八股,
M,02,0359,大瑪璘,
M,02,0360,愛蘭,
M,02,0361,九芎林,
M,02,0362,中峰,
M,02,0363,安湳,
M,02,0364,榮光,
M,02,0365,鯉魚潭,
M,02,0366,虎子山,
M,02,0367,犁頭尖,
M,02,0368,文頭股,
M,02,0369,寶湖窟,
M,02,0370,慈恩,
M,02,0374,梅林,
M,02,0373,八德,
M,02,0372,竹圍,
M,02,0357,雙吉,
M,02,0356,紅瓦厝,
M,02,0355,籃城,
M,02,0354,民生,
M,02,0353,育英,
M,04,0492,枋平,
M,04,0491,安平,
M,04,0490,東興,
M,04,0489,東鄉,
M,04,0488,沙東,
M,04,0487,平正,
M,04,0486,照鏡,
M,04,0485,延正,
M,04,0484,保生,
M,04,0483,溪尾,
M,04,0482,和興,
M,04,0481,溫水,
M,04,0480,南雲,
M,04,0479,社崇,
M,01,0063,營南,
M,01,0064,福溪,
M,01,0065,福順,
M,01,0066,福德,
M,01,0067,福助,
M,01,0068,南勢,
M,01,0069,南鄉,
M,01,0070,千秋,
M,01,0076,軍功,
M,08,0071,長安,
M,08,0072,永昌,
M,08,0073,愛鄉,
M,08,0074,義民,
M,08,0075,仙鹿,
M,08,0077,永芳,
M,10,0371,水波流,
M,06,0078,車頭,
M,06,0079,名竹,
M,06,0080,同源,
M,04,0494,中州,
M,04,0493,紫南,
M,04,0497,中崎,
M,04,0495,中和,
M,04,0496,前山,
M,06,0081,新北,
M,06,0082,新南,
M,06,0083,田寮,
M,06,0084,萬丹,
M,06,0085,東仁,
M,06,0086,仁和,
M,03,0163,新屋,
M,03,0162,新虎山,
M,03,0158,平西,
M,03,0159,平東,
M,03,0157,新雙冬,
M,03,0160,土城,
M,03,0161,龍德,
M,12,0593,農富坪,
M,06,0087,東新厝,
M,06,0088,新厝,
M,06,0089,過坑,
M,06,0090,崁頂,
M,06,0091,埔中,
M,06,0092,南松嶺,
M,06,0093,北松嶺,
M,06,0094,新民,
M,06,0095,外埔,
M,02,0375,虎仔耳,
M,06,0096,虎子坑,
M,06,0097,新光,
M,06,0098,北田子,
M,06,0099,南田子,
M,06,0700,竹圍,
M,03,0166,玉峰,
M,06,0708,北大庄,
M,06,0709,南大庄,
M,06,0705,新下,
M,06,0706,新赤水,
M,06,0707,出林虎,
M,04,0498,桂南,
M,04,0499,獅頭,
M,09,0376,鹿寮坑,
M,09,0377,五城,
M,09,0378,阿里眉,
M,09,0379,武登,
M,09,0380,頂社,
M,09,0381,火培坑,
M,09,0382,金龍,
M,09,0383,中明,
M,09,0384,乾溪,
M,09,0385,圓山,
M,09,0386,北旦,
M,09,0387,朝霧,
M,09,0388,番仔田,
M,09,0389,向上,
M,09,0390,竹湖,
M,09,0391,葫蘆崙,
M,11,0595,風空,
M,11,0596,車埕,
M,11,0597,新興,
M,11,0598,明潭,
M,11,0599,民和,
M,11,0600,新山,
M,11,0601,上安,
M,05,0594,大山,
M,06,0710,新大庄,
M,07,0900,頂堀,
M,01,0711,永新,
M,01,0712,新豐,
M,01,0713,成功,
M,03,0168,明賢,
M,03,0167,炎峰,
M,13,0393,東高山段,
M,13,0394,嗎加拉路段,
M,13,0395,白狗南山段,
M,13,0396,尾敏溪南段,
M,13,0397,尾敏山南段,
M,13,0398,眉原山段,
M,09,0392,青龍,
M,02,0399,四角城,
M,02,1100,牛眠,
M,02,1101,牛尾,
M,02,1102,內埔,
M,02,1103,坑內,
M,02,1104,玉門關,
M,02,1105,南平,
M,02,1106,共勵,
M,02,1107,姐妹,
M,02,1108,虎頭山,
M,02,1109,蜈蚣崙,
M,02,1110,凌霄,
M,03,0169,復興,
M,01,0714,新小半山,
M,01,0715,新草尾嶺,
M,12,0602,觀高,
M,09,1111,魚池尖,
M,09,1112,有水,
M,09,1113,公林,
M,09,1114,巴士朗,
M,09,1115,向天,
M,09,1116,內加道,
M,10,1117,福斗,
M,10,1118,昌榮,
M,10,1119,崁斗,
M,10,1120,種瓜,
M,10,1121,小冷坑,
M,10,1122,大冷坑,
M,10,1123,頭溪,
M,10,1124,大石,
M,10,1125,北原,
M,10,1126,阿冷坑,
M,10,1127,黑樹林,
M,10,1128,雙福,
M,10,1129,仙洞指,
M,10,1130,風吹下,
M,13,1131,卓社,
M,13,1132,卡度,
M,13,1133,石盤坑,
M,13,1134,南山,
M,13,1135,南東眼山,
M,13,1136,北東眼山,
M,13,1137,梅松,
M,13,1138,翠華,
M,13,1139,小出,
M,13,1140,木蘭,
M,07,0901,隆鳳,
M,03,0170,九九峰,
M,03,0171,豐崙,
M,03,0172,金瓜寮坑,
M,03,0173,雙龍坑,
M,04,0902,德興,
M,07,0903,新鹿谷,
M,03,0174,碧峰,
M,03,0175,北投堡,
M,01,0720,首區,
M,01,0718,鳳山,
M,01,0719,樟普寮,
M,06,0716,三崙,
M,06,0717,新弓鞋,
M,02,1141,新生,
M,02,1142,溪南,
M,02,1143,南村,
M,02,1144,坪仔頂,
M,02,1153,珠格,
M,02,1154,水源,
M,02,1155,大坪頂,
M,02,1156,三條崙,
M,09,1157,平和,
M,13,1145,賽德克,
M,13,1146,屯原,
M,13,1147,碧湖,
M,13,1148,高峰,
M,13,1149,松林,
M,13,1150,親愛,
M,13,1151,法治,
M,13,1152,扎邦,
M,08,0721,爽文,
M,04,0904,鯉魚,
M,03,0177,水汴頭,
M,03,0176,加老,
M,11,0611,頂崁,
M,11,0612,新車埕,
M,12,0613,崁脚寮,
M,12,0603,卡社西,
M,12,0604,潭南東,
M,12,0605,龍嶺,
M,12,0606,合流,
M,12,0607,人和西,
M,12,0608,三十甲,
M,12,0609,庫斯,
M,12,0610,彩虹,
M,07,0905,新初鄉,
M,03,0178,南坪,
M,01,0722,牛運堀,文林
M,02,1158,東潤,
M,02,1159,東埔,
M,02,1160,麒麟,
M,09,1161,內凹仔,
M,05,0614,南隘寮,
M,05,0615,田寮,
M,07,0906,頂城,
M,07,0907,石城,
M,07,0908,新內湖,
M,03,0179,新南坪,
M,02,1162,中峰,湳興
M,03,0180,新南埔,
M,11,0616,新民和,
M,04,0911,延豐,
M,04,0912,瑞山,
M,07,0909,文昌,
M,07,0910,中湖,
M,01,0723,新豐,新豐
M,04,0913,田東,
M,04,0914,文田,
M,04,0915,大林,
M,03,0181,富頂,
M,09,1163,香茶,
M,11,0617,新玉峰,
M,11,0618,下城,
M,02,1164,史港,
M,03,0182,新雙龍,
M,03,0183,中潭,
M,05,0619,北隘寮,
M,07,0919,瑞達,
M,07,0920,東照,
M,07,0921,清秀,
M,09,1165,田頭社,
M,03,0184,山茶,
M,11,0620,鹿寮,
M,04,0916,坪頂,
M,04,0917,新勞水坑,
M,04,0918,新桶頭,
M,04,0922,新福興,
M,04,0923,鯉南,
M,04,0924,大坪,
M,10,1166,北山,
M,03,0185,府西,府西
M,03,0186,草屯,敦和
M,04,0925,新大坑,
M,08,0725,樟平,
M,02,1168,大雁頂,
M,01,0724,光興,營北
M,01,0726,藍田,
M,02,1168,桃源,
M,08,0727,新二重溪,
M,11,0621,新上安,
M,02,1169,新福興,
M,11,0622,新郡坑,
M,07,0926,茅埔,
M,01,0729,旺來,
N,01,0012,彰化,西門
N,01,0013,南郭,南郭
N,01,0014,南郭,坑子內
N,01,0017,西勢子,西勢子
N,01,0018,西勢子,過溝子
N,01,0023,阿夷,阿夷
N,01,0026,阿夷,柴坑子
N,01,0024,阿夷,茄苳腳
N,01,0025,阿夷,寶솜
N,01,0019,牛稠子,牛稠子
N,01,0020,牛稠子,中庄子
N,01,0022,牛稠子,山腳
N,01,0021,牛稠子,下솜
N,01,0015,西門口,
N,01,0016,大埔,
N,01,0035,莿桐,
N,01,0034,快官,
N,01,0027,大竹,大竹
N,01,0028,大竹,安溪寮
N,01,0029,渡船頭,渡船頭
N,01,0030,渡船頭,山寮
N,01,0031,番社口,番社口
N,01,0032,番社口,牛埔子
N,01,0033,田中央,
N,01,0011,延和,
N,01,0010,延平,
N,01,0009,南興,
N,01,0001,三民,
N,01,0002,成功,
N,01,0003,中華,
N,01,0004,民生,
N,01,0005,中山,
N,01,0006,孔門,
N,01,0007,民族,
N,01,0008,民權,
N,01,0066,彰興,
N,01,0078,萬興,
N,01,0079,香山,
N,01,0080,台鳳,
N,01,0081,廣鳳,
N,01,0082,聯興,
N,01,0090,福元,
N,01,0091,福山,
N,01,0092,福竹,
N,01,0093,三村,
N,01,0094,聖安,
N,01,0095,竹中,
N,02,0303,鹿港,菜市頭
N,02,0302,鹿港,大有口
N,02,0301,鹿港,和興
N,02,0304,鹿港,新興
N,02,0319,顏厝,顏厝
N,02,0305,東昇,
N,02,0316,海埔厝,海埔厝
N,02,0317,海埔厝,洋子厝
N,02,0308,永安,
N,02,0309,永福,
N,02,0307,頂厝,崙子頂
N,02,0312,頂番婆,
N,02,0313,草港中,
N,02,0314,草港尾,
N,02,0310,南勢,
N,02,0311,振興,
N,02,0320,溝墘,
N,02,0323,草港,
N,02,0375,頂和,
N,02,0322,崙海,
N,02,0321,鹿海,
N,02,0376,鹿德,
N,02,0377,鹿興,
N,02,0378,鹿和,
N,02,0379,鹿盛,
N,02,0380,鹿福,
N,02,0381,龍山,
N,02,0384,郭厝,
N,02,0385,玉順,
N,02,0386,埔崙,
N,02,0387,順興,
N,02,0388,景福,
N,02,0389,洛津,
N,02,0390,新宮,
N,02,0391,東石,
N,02,0392,文開,
N,02,0393,上林,
N,02,0394,鹿鳴,
N,02,0395,鹿草,
N,02,0396,鹿鳳,
N,02,0397,鹿犁,
N,02,0398,鹿雅,
N,02,0406,崙尾,
N,02,0407,鹿昇,
N,02,0408,鹿安,
N,02,0409,鹽埕,
N,02,0410,鹽埔,
N,02,0411,海埔,
N,02,0412,洋厝,
N,03,0207,頭前寮,
N,03,0209,月眉,
N,03,0208,大霞田,
N,03,0213,嘉菍,嘉菍
N,03,0214,嘉菍,詔安厝
N,03,0215,柑子井,柑子井
N,03,0216,柑子井,竹子腳
N,03,0217,新庄子,
N,03,0218,中寮,中寮
N,03,0219,中寮,竹圍子
N,03,0220,塗厝厝,塗厝厝
N,03,0221,塗厝厝,嘉寶潭
N,03,0205,竹營,
N,03,0200,和東,
N,03,0201,和西,
N,03,0202,和南,
N,03,0203,和北,
N,03,0204,和中,
N,03,0212,仁愛,
N,03,0211,仁和,
N,03,0247,大霞,
N,03,0249,大雅,
N,03,0248,大榮,
N,03,0246,大嘉,
N,03,0250,和興,
N,03,0253,新賢,
N,03,0254,新發,
N,03,0255,新盛,
N,03,0256,嘉安,
N,03,0257,嘉詔,
N,03,0258,嘉慶,
N,03,0262,忠孝,
N,03,0263,忠明,
N,03,0269,和群,
N,03,0268,柑竹,
N,03,0273,中圍,
N,03,0274,糖友,
N,04,0800,東北斗,
N,04,0803,螺陽,
N,04,0859,光復,
N,04,0860,中華,
N,04,0861,螺青,
N,04,0866,大安,
N,04,0862,新政,
N,04,0864,大松,
N,04,0865,舜耕,
N,04,0867,中寮,
N,04,0868,裕後,
N,04,0869,三和,
N,04,0863,三民,
N,04,0870,文昌,
N,04,0871,北工,
N,05,0500,員林,
N,05,0503,東山,
N,05,0501,東瓦삜厝,
N,05,0507,萬年,
N,05,0508,大饒,
N,05,0528,田中央,田中央
N,05,0529,田中央,溝皂
N,05,0502,三塊厝,
N,05,0506,番子崙,
N,05,0504,湖水坑,
N,05,0505,柴頭井,
N,05,0531,三條圳,十七份
N,05,0509,地政,
N,05,0510,仁愛,
N,05,0511,三和,
N,05,0512,三條,
N,05,0518,豐年,
N,05,0519,明倫,
N,05,0516,民生,
N,05,0517,益民,
N,05,0514,中山,
N,05,0532,惠來,
N,05,0515,黎明,
N,05,0513,溝皂,
N,05,0523,三橋,
N,05,0520,南興,
N,05,0527,莒光,
N,05,0522,大埔,
N,05,0521,源潭,
N,05,0608,西東,
N,05,0609,南東,
N,05,0610,員東,
N,05,0611,中州,
N,05,0614,林厝,
N,05,0612,百果山,
N,05,0613,員水,
N,05,0615,崙雅,
N,05,0618,鎮興,
N,05,0619,新員水,
N,05,0620,新崙雅,
N,05,0621,新西東,
N,05,0622,新南東,
N,05,0633,新中州,
N,05,0634,水源,
N,05,0635,新林厝,
N,05,0623,橋愛,
N,05,0624,三多,
N,05,0625,僑信,
N,05,0631,三義,
N,05,0632,惠安,
N,05,0629,至善,
N,05,0630,新生,
N,05,0626,和平,
N,05,0627,惠農,
N,05,0628,靜修,
N,05,0637,復興,
N,05,0638,南潭,
N,05,0636,圳南,
N,05,0639,東北,
N,06,0534,頂寮,
N,06,0540,大突,北勢尾
N,06,0546,西勢厝,新厝館
N,06,0549,阿媽厝,阿媽厝
N,06,0550,阿媽厝,三塊厝
N,06,0537,三塊厝,
N,06,0547,四塊厝,四塊厝
N,06,0548,四塊厝,巫厝
N,06,0533,溪湖,
N,06,0538,河東,
N,09,0261,復興,
N,09,0264,西興,
N,09,0265,宏濱,
N,10,0232,新港,
N,10,0236,溪底,
N,10,0234,埤子墘,埤子墘
N,10,0235,埤子墘,汴頭
N,10,0233,泉州厝,
N,10,0238,泉州,
N,10,0239,伸東,
N,10,0240,伸南,
N,10,0241,伸中,
N,10,0237,伸港,
N,10,0243,伸光,
N,10,0244,伸榮,
N,10,0242,伸仁,
N,10,0245,伸海,
N,10,0251,全興,
N,10,0260,伸興,
N,10,0266,伸同,
N,10,0267,伸股,
N,11,0337,福興,
N,11,0327,中興,
N,11,0328,永豐,
N,11,0331,橋頭,
N,11,0324,新生,
N,11,0326,洪堀寮,秀水厝
N,11,0342,鎮平,鎮平
N,11,0347,菜園角,菜園角
N,11,0348,菜園角,西勢
N,11,0336,文昌,
N,11,0335,秀安,
N,11,0339,管嶼厝,麥嶼厝
N,11,0340,管嶼厝,粘厝
N,11,0334,元興,
N,11,0330,三元,
N,11,0332,外中,
N,11,0343,外埔,
N,11,0344,番社,
N,11,0329,大興,
N,11,0333,三豐,
N,11,0345,大崙,
N,11,0383,福橋,
N,11,0382,福龍,
N,11,0399,福園,
N,11,0400,福鹿,
N,11,0401,福新,
N,11,0402,福南,
N,11,0403,福寶,
N,11,0404,福金,
N,11,0405,福安,
N,12,0038,馬興,
N,12,0043,曾厝,
N,12,0044,下崙,
N,12,0042,埔崙,
N,12,0039,馬鳴,
N,12,0037,復興,
N,12,0040,西興,
N,12,0045,合興,
N,12,0046,金興,
N,12,0036,秀水,
N,12,0047,陜西,
N,12,0041,東興,
N,13,0049,花壇,花壇
N,13,0050,花壇,中庄
N,13,0051,花壇,金屯
N,13,0053,口庄,口庄
N,13,0054,口庄,崙子頂
N,13,0059,白沙坑,
N,13,0055,橋子頭,橋子頭
N,13,0057,橋子頭,灣子口
N,13,0056,橋子頭,內庄
N,13,0058,三家春,
N,13,0048,花壇,
N,13,0052,口庄,
N,13,0070,橋頭,
N,13,0071,長沙,
N,13,0072,學前,
N,13,0073,華南,
N,13,0074,南口,
N,13,0075,明德,
N,13,0076,中正,
N,13,0077,燕霧,
N,13,0083,新內庄,
N,13,0084,新灣子口,
N,13,0085,新中庄,
N,13,0086,新三家春,
N,13,0087,新金墩,
N,13,0088,溪北,
N,13,0089,溪南,
N,14,0060,芬園,
N,14,0061,舊社,
N,14,0062,社口,
N,14,0063,縣庄,
N,14,0064,同安寮,
N,14,0069,茄荖,
N,14,0068,嘉北,
N,14,0067,嘉興,
N,15,0559,蓮花池,蓮花池
N,15,0560,蓮花池,港尾
N,15,0561,黃厝,黃厝
N,15,0562,黃厝,犁頭厝
N,15,0554,埤子頭,
N,15,0553,過溝,
N,15,0552,擺塘,
N,15,0551,大村,
N,15,0555,茄苳林,
N,15,0557,大崙,大崙
N,15,0558,大崙,小三角潭
N,06,1203,平和,
N,06,1207,弘農,
N,06,1206,湖西,
N,06,1205,湖南,
N,06,1202,福安,
N,06,1201,光華,
N,06,1204,大竹,
N,06,1200,光平,
N,06,1211,東溪,
N,06,1210,湖東,
N,06,1208,東寮,
N,06,1209,大溪,
N,06,1213,中山,
N,06,1214,忠覺,
N,06,1212,西溪,
N,06,1215,鳳山,
N,06,1216,西寮,
N,06,1217,大發,
N,06,1218,北勢,
N,06,1219,田中,
N,06,1220,頂庄,
N,06,1221,大庭,
N,06,1222,庭忠,
N,06,1223,湳底,
N,06,1233,中興,
N,06,1234,河興,
N,06,1231,鎮安,
N,06,1230,西安,
N,06,1232,顯光,
N,06,1240,湖北,
N,06,1241,中東,
N,07,0739,田中,
N,07,0703,卓乃潭,
N,07,0704,普興,
N,07,0705,內灣,
N,07,0702,大紅毛社,
N,07,0706,大平,
N,07,0707,內三塊厝,
N,07,0709,外三塊厝,
N,07,0708,大新,
N,07,0725,大社,
N,07,0729,新工,
N,07,0730,中興,
N,07,0731,中新,
N,07,0733,中德,
N,07,0734,中賢,
N,07,0732,中央,
N,07,0737,新民,
N,07,0738,大安,
N,07,0736,中正,
N,07,0735,中山,
N,07,0740,中南,
N,07,0741,香山,
N,07,0742,復興,
N,07,0757,民光,
N,07,0758,崁頂,
N,07,0759,太平,
N,07,0760,文武,
N,07,0761,東源,
N,07,0765,新太平,
N,08,1000,二林,
N,08,1008,香田,
N,08,1012,後厝,
N,08,1020,偉糖,
N,08,1001,犁頭厝,
N,08,1010,廣興,
N,08,1009,中西,
N,08,1014,山寮,
N,08,1007,外竹,
N,08,1013,竹圍子,
N,08,1022,外蘆竹塘,
N,08,1016,丈八斗,
N,08,1005,뮸삜,
N,08,1002,大排沙,
N,08,1015,挖子,
N,08,1004,萬興,萬興
N,08,1003,萬興,柳子溝
N,08,1021,興糖,
N,08,1011,萬合,
N,08,1006,舊趙甲,
N,08,1017,塗子崙,塗子崙
N,08,1019,塗子崙,詹厝子
N,08,1018,塗子崙,外崙子腳
N,08,1025,復興,
N,08,1023,新興,
N,08,1024,天和,
N,08,1068,新生,
N,08,1076,儒明,
N,08,1078,儒雅,
N,08,1077,儒生,
N,08,1080,儒芳,
N,08,1079,儒香,
N,08,1081,儒林,
N,08,1082,儒田,
N,08,1083,儒德,
N,08,1084,儒興,
N,08,1088,社興,
N,08,1093,舊社,
N,09,0222,線西,線西
N,09,0223,線西,寓埔
N,09,0224,下菍,
N,09,0227,重興,
N,09,0226,重光,
N,09,0225,重振,
N,09,0230,中興,
N,09,0229,德興,
N,09,0228,建興,
N,09,0231,西海,
N,09,0252,富貴,
N,09,0259,線興,
N,15,0556,加錫,
N,15,0601,美港,
N,15,0602,上美,
N,15,0603,村上,
N,15,0604,南勢,
N,15,0605,大庄,
N,15,0606,大田,
N,15,0607,貢旗,
N,15,0640,江夏,
N,15,0641,福興,
N,15,0642,慶安,
N,15,0643,鎮安,
N,15,0644,平和,
N,16,0369,솜子,
N,16,0361,南港,南港
N,16,0362,南港,菜堂
N,16,0349,光明,
N,16,0352,永昌,
N,16,0351,東榮,
N,16,0353,南興,
N,16,0372,三省,
N,16,0358,浸水,浸水
N,16,0357,浸水,朴鼎金
N,16,0350,和平,
N,16,0354,永興,
N,16,0359,石埤腳,
N,16,0364,牛埔厝,牛埔厝
N,16,0365,牛埔厝,番同埔
N,16,0367,瓦삜,瓦삜
N,16,0368,瓦삜,西勢湖
N,16,0355,成功,
N,16,0370,大義,
N,16,0371,新水,
N,16,0373,義和,
N,16,0374,石埤,
N,17,0574,瓦삜厝,
N,17,0571,太平,
N,17,0573,大溝尾,
N,17,0563,埔心,埔心
N,17,0564,埔心,油車店
N,17,0572,舊舘館,
N,17,0565,埤霞,埤霞
N,17,0566,埤霞,菜寮
N,17,0567,梧鳳,梧鳳
N,17,0568,梧鳳,二重湳
N,17,0569,羅厝,羅厝
N,17,0570,羅厝,芎蕉腳
N,17,1225,東門,
N,17,1224,義民,
N,17,1228,新舘館,
N,17,1226,新興,
N,17,1229,霖鳳,
N,17,1227,霖興,
N,17,1235,瓦窯北,
N,17,1236,瓦窯中,
N,17,1237,瓦窯南,
N,17,1239,太平東,
N,17,1238,太平西,
N,18,0590,竹子腳,竹子腳
N,18,0591,竹子腳,福興
N,18,0592,獨鰲,獨鰲
N,18,0593,獨鰲,崙子尾
N,18,0577,湳港西,
N,18,0578,崙子,
N,18,0576,陳厝厝,
N,18,0588,五汴頭,五汴頭
N,18,0585,同安宅,同安宅
N,18,0587,同安宅,四塊厝
N,18,0586,同安宅,湳墘
N,18,0579,永福,
N,18,0583,港新,
N,18,0582,浮圳,
N,18,0581,東寧,
N,18,0580,永興,
N,18,0597,永北,
N,18,0598,永南,
N,18,0596,永安,
N,18,0599,永泰,
N,18,0594,永中,
N,18,0595,永發,
N,18,0600,永豐,
N,18,0616,永昌,
N,18,0617,永美,
N,19,0710,社頭,
N,19,0715,湳雅,
N,19,0712,崙雅,
N,19,0711,石頭公,
N,19,0714,舊社,
N,19,0716,枋橋頭,
N,19,0713,許厝寮,
N,19,0718,湳底,新厝子
N,19,0728,社張,
N,19,0726,湳東,
N,19,0727,湳西,
N,19,0743,東興,
N,19,0744,新社,
N,19,0745,社興,
N,19,0746,廣興,
N,19,0747,社中,
N,19,0748,保黎,
N,19,0749,映山,
N,19,0750,仁雅,
N,19,0751,里仁,
N,19,0762,山清,
N,19,0763,埤清,
N,19,0764,仁美,
N,19,0766,新山清,
N,19,0767,新埤清,
N,19,0768,橋頭,
N,19,0769,社石,
N,19,0770,山腳,
N,20,0720,二水,
N,20,0722,十五,
N,20,0721,鼻子頭,
N,20,0724,過圳,
N,20,0723,大丘園,
N,20,0752,伍伯,
N,20,0754,文聖,
N,20,0755,裕民,
N,20,0753,光明,
N,20,0756,修仁,
N,21,0804,田尾,
N,21,0813,鎮平,
N,21,0806,溪子頂,溪子頂
N,21,0807,溪子頂,十張菍
N,21,0808,溪子頂,三十張菍
N,21,0805,饒平厝,
N,21,0810,打簾,打簾
N,21,0811,打簾,柳樹湳
N,21,0812,曾厝崙,
N,21,0809,海豐崙,
N,21,0816,和平,
N,21,0815,福新,
N,21,0817,福德,
N,21,0872,慶豐,
N,21,0873,新豐,
N,21,0874,三豐,
N,21,0875,頂豐,
N,21,0876,田豐,
N,21,0877,仁豐,
N,21,0890,吉心,
N,21,0892,田崙,
N,21,0891,民生,
N,21,0893,芳富,
N,21,0894,芳平,
N,22,0818,埤頭,
N,22,0827,三塊厝,
N,22,0829,連交厝,
N,22,0826,周厝崙,
N,22,0820,崙子,崙子
N,22,0821,崙子,十三甲
N,22,0825,路口厝,
N,22,0828,新庄子,
N,22,0823,大湖厝,
N,22,0819,小埔心,
N,22,0834,芙朝,
N,22,0833,光華,
N,22,0832,埔東,
N,22,0831,元埔,
N,22,0836,嘉和,
N,22,0835,振興,
N,22,0853,中和,
N,22,0852,東和,
N,22,0879,新庄,
N,22,0880,崙南,
N,22,0881,平原,
N,22,0882,稻香,
N,22,0883,合興,
N,22,0884,永豐,
N,23,1029,沙山,
N,23,1032,頂솜子,
N,23,1031,埤腳,
N,23,1033,後寮,
N,23,1035,新街,
N,23,1034,溝子墘,
N,23,1030,路上厝,
N,23,1027,漢寶園,
N,23,1026,草湖,
N,23,1028,王功,
N,23,1036,漢興,
N,23,1037,路興,
N,23,1038,上林,
N,23,1067,裕津,
N,23,1075,永興,
N,23,1085,芳平,
N,23,1086,芳新,
N,23,1087,芳寶,
N,23,1089,芳榮,
N,23,1090,芳義,
N,23,1091,芳成,
N,23,1092,芳仁,
N,23,1094,芳林,
N,23,1095,芳興,
N,23,1096,芳頂,
N,23,1097,芳崎,
N,23,1098,芳信,
N,23,1099,芳寮,
N,23,1100,芳街,
N,23,1101,芳山,
N,23,1102,芳苑,
N,23,1103,芳埤,
N,23,1104,芳墘,
N,24,1039,大城,
N,24,1052,西港,
N,24,1051,下山腳,
N,24,1046,外五間寮,
N,24,1045,山寮,
N,24,1054,臺西,
N,24,1055,潭墘,
N,24,1048,尤厝,
N,24,1040,楓港,
N,24,1041,新光,
N,24,1042,永光,
N,24,1049,進糖,
N,24,1047,三塊厝,
N,24,1050,頂山腳,
N,24,1043,臺山,
N,24,1057,美豐,
N,24,1056,上豐,
N,24,1058,上富,
N,24,1074,尤仕,
N,24,1072,城潭,
N,24,1069,建山,
N,24,1073,上興,
N,24,1071,和寮,
N,24,1070,三林,
N,24,1105,東城,
N,24,1107,西城,
N,24,1106,中城,
N,25,1063,永基,
N,25,1066,永安,
N,25,1064,竹林,
N,25,1065,長安,
N,25,1059,竹塘,
N,25,1060,新田,
N,25,1061,五庄子,
N,25,1062,面前厝,
N,25,1108,竹政,
N,25,1109,竹崙,
N,25,1110,戴厝,
N,25,1111,廣福,
N,26,0849,潮洋厝,
N,26,0847,新興,
N,26,0844,西畔,
N,26,0845,圳寮,
N,26,0842,下霸,
N,26,0839,下水埔,
N,26,0848,過溪子,
N,26,0841,溪墘厝,
N,26,0837,溪州,溪州
N,26,0838,溪州,瓦厝
N,26,0840,舊眉,
N,26,0851,湄洲,
N,26,0850,瓦厝,
N,26,0854,忠孝,
N,26,0855,仁愛,
N,26,0856,信義,
N,26,0857,和平,
N,26,0858,八德,
N,26,0885,登山,
N,26,0886,育善,
N,26,0887,復興,
N,26,0888,進樂,
N,26,0889,更新,
N,17,1242,仁華,
N,01,0096,古寶,
N,01,0097,泰和,
N,01,0098,茄苳,
N,03,0275,竹園,
N,09,0271,十五張犁,
N,09,0272,頂犁,
N,15,0645,茄苳,
N,15,0646,鎮北,
N,15,0647,慈祥,
N,07,0771,大崙,
N,21,0895,芳圃,
N,23,1112,芳功,
N,23,1113,福海,
N,06,0535,田中央,
N,01,0101,金馬,
N,01,0102,古夷,
N,01,0103,彰泰,
N,14,0099,竹林,
N,14,0100,民族,
N,03,0276,中寮北,
N,15,0648,大西,
N,15,0649,源聖,
N,15,0650,新興,
N,07,0772,興酪,
N,17,1243,五通,
N,21,0896,舜民,
N,23,1114,芳草,
N,13,0106,福岩,
N,13,0107,灣東,
N,13,0108,三家,
N,14,0104,忠孝,
N,14,0105,清水,
N,03,0277,福馬,
N,02,0413,崑崙,
N,05,0651,新萬年,
N,05,0652,香山,
N,05,0653,大明,
N,05,0654,饒明,
N,19,0773,新雅,
N,21,0897,田平,
N,23,1115,芳合,
N,17,1244,二重,
N,23,1116,芳北,
N,08,1117,原斗,
N,23,1116,芳北,
N,01,0111,鳳山,
N,01,0112,安溪,
N,01,0113,桃源,
N,13,0114,南白沙坑,
N,13,0115,福德,
N,13,0116,北白沙坑,
N,13,0117,北口,
N,14,0109,新芬園,
N,14,0110,新縣庄,
N,04,0898,後溪,
N,04,0899,中圳,
N,04,0900,七星,
N,04,0901,新生,
N,02,0414,山崙,
N,02,0420,鹿崙,
N,02,0421,鹿洋,
N,11,0415,社尾,
N,11,0416,浮景,
N,11,0417,新社,
N,11,0418,新厝,
N,11,0419,新溝,
N,17,1245,油車,
N,17,1246,梧鳳,
N,05,0655,中央,
N,05,0665,員南,
N,05,0666,出水,
N,18,0656,新崙子,
N,18,0657,五汴,
N,18,0658,興寧,
N,18,0659,港西,
N,18,0660,四芳,
N,18,0661,福中,
N,18,0662,竹子,
N,18,0663,同安,
N,18,0664,湳墘,
N,01,0118,線東,
N,01,0119,平和,
N,01,0120,磚磘,
N,10,0280,伸新,
N,10,0281,新興,
N,10,0282,福安,
N,10,0283,福新,
N,10,0284,福泉,
N,04,0902,大新,
N,04,0903,興農,
N,06,1247,三興,
N,08,1118,華崙,
N,02,0422,建國,
N,02,0423,鹿東,
N,02,0424,鹿工,
N,20,0779,新過圳,
N,20,0777,水林,
N,20,0778,新十五,
N,19,0774,月眉,
N,19,0776,社林,
N,07,0775,田林,
N,05,0667,大峰,
N,05,0668,中東,
N,05,0669,員草,
N,05,0670,湖水,
N,01,0121,竹巷,
N,01,0122,新快官,
N,01,0123,石牌,
N,23,1119,建平,
N,23,1120,新湖,
N,23,1121,建新,
N,19,0780,新厝,
N,04,0904,東螺,
N,26,0905,中西,
N,26,0906,西斗,
N,10,0285,興安,
N,10,0286,永慶,
N,03,0287,湖潭,
N,05,0671,新東山,
N,15,0672,黃厝,
N,01,0124,福田,
N,14,0125,新舊社,
N,14,0126,圳墘,
N,14,0127,溪頭,
N,11,0425,管厝,
N,11,0426,粘厝,
N,08,1122,草漢,
N,08,1123,崙腳,
N,17,1250,羅厝,
N,06,1248,媽厝,
N,06,1249,新厝,
N,26,0907,成功,
N,26,0908,柑園,
N,26,0909,新西畔,
N,07,0781,新興,
N,07,0782,新外三,
N,07,0783,高鐵,
N,19,0784,高鐵社頭,
N,17,1251,芎蕉,
N,17,1252,新南,
N,08,1124,崙仔腳,
N,01,0131,東芳,
N,01,0132,新莿桐,
N,14,0128,德興,
N,14,0129,富山,
N,14,0130,楓坑,
N,15,0673,新埤子頭,
N,15,0674,犁頭厝,
N,02,0427,學子,
N,02,0428,永興,
N,09,0290,頂庄,
N,15,0673,新埤子頭,
N,15,0674,犁頭厝,
N,07,0785,中州,
N,26,0910,新下霸,
N,26,0911,綠筍,
N,02,0429,永樂,
N,03,0288,和厝,
N,03,0289,嘉寶,
N,14,0133,同安,
N,14,0134,中崙,
N,16,1253,新東榮,
N,07,0786,三民,
N,08,1125,詹厝,
N,08,1126,東勢,
N,08,1127,大永,
N,23,1122,草漢,
N,23,1123,崙腳,
N,21,0912,海豐,
N,22,0913,埔尾,
N,06,1254,富貴,
N,10,0291,定興,
N,16,1255,新永昌,
N,10,0292,泰平,
N,11,0430,新橋,
N,12,0137,福安,
N,14,0135,彰崙,
N,14,0136,大德,
N,08,1128,梅芳,
N,08,1129,新萬合,
N,08,1130,豐田,
N,16,1256,永明,
N,03,0278,福澤,
N,03,0279,順天,
N,22,0914,和豐,
N,22,0915,新埤頭,
N,22,0917,彰興,
N,22,0918,沙崙,
N,22,0919,豐崙,
N,22,0920,山寮,
N,04,0916,光中,
N,10,0293,蚵寮,
N,10,0294,曾家,
N,08,1131,北挖仔,
N,08,1132,西庄,
N,08,1133,柳子溝,
N,18,0675,五常,
N,18,0676,永社,
N,16,1257,新光明,
N,16,1258,大區園,
N,12,0138,新東興,
N,12,0139,秀中,
N,08,1134,興南,
N,08,1135,鎮安,
N,23,1136,草二,
N,20,0790,和興,
N,18,0677,圳寧,
N,16,1259,光明北,
N,03,0295,調興,
N,20,0791,新鼻子頭,
N,08,1137,趙甲,
N,23,1138,草湖南,
N,23,1139,文津,
N,23,1140,新崙,
N,18,0678,東興,
N,16,1260,埔鹽北,
N,16,1261,永平,
N,12,0140,秀安,
N,22,0921,溪底,
N,22,0922,新崙子,
N,22,0923,埔心,
N,22,0924,大湖,
N,22,0925,十三甲,
N,22,0926,竹圍,
N,22,0927,崙腳,
N,26,0928,農家,
N,26,0929,大同,
N,26,0930,榮光,
N,20,0792,惠園,
N,23,1141,草湖北,
N,23,1142,文津北,
N,23,1143,新王功,
N,23,1144,新漢寶,
N,08,1145,二林中科,
N,03,0296,犁盛,
N,18,0679,崙美,
N,12,0141,秀福,
N,16,1262,出水,
N,19,0789,武東,
N,20,0793,八堡圳,
N,26,0931,庄北,
N,26,0932,新湄洲,
N,05,0680,三潭,
N,12,0142,新西興,
O,01,0001,東門,一
O,01,0122,新雅,
O,01,0039,青草湖,
O,01,0108,新興,一
O,01,0008,親仁,二
O,01,0045,客雅,
O,01,0047,中山,一
O,01,0049,中山,三
O,01,0048,中山,二
O,01,0006,榮光,三
O,01,0031,科園,科園
O,01,0027,赤土崎,
O,01,0070,海山罟,
O,01,0012,民主,
O,01,0056,舊社,
O,01,0036,南門,四
O,01,0075,楊寮,南油車港
O,01,0029,金山面,
O,01,0131,隆恩,
O,01,0111,竹港,
O,01,0017,東明,
O,01,0007,親仁,一
O,01,0092,民主,一
O,01,0038,新興,
O,01,0005,榮光,二
O,01,0065,舊港,
O,01,0104,光鎮,
O,01,0018,光復,
O,01,0130,千甲,
O,01,0143,高翠,
O,01,0117,海濱,
O,01,0080,仁愛,
O,01,0076,浸水,
O,01,0139,介壽,
O,01,0030,柴梳山,
O,01,0023,二十張犁,二十張
O,01,0083,唐高,
O,01,0149,明湖,
O,01,0079,忠孝,
O,01,0068,香山坑,
O,01,0174,海埔,
O,01,0057,湳雅,
O,01,0089,復興,
O,01,0035,南門,三
O,01,0162,香雅,
O,01,0176,風空,
O,01,0109,朝山,一
O,01,0055,自由,
O,01,0004,榮光,一
O,01,0147,南湖,
O,01,0116,西濱,
O,01,0118,港北,
O,01,0123,富山,
O,01,0062,油車港,
O,01,0103,育賢,
O,01,0099,科學,一
O,01,0015,東光,
O,01,0090,光武,
O,01,0059,榔,
O,01,0034,南門,二
O,01,0173,南港,
O,01,0167,青山,
O,01,0051,崙子,
O,01,0011,光華,
O,01,0148,雅溪,
O,01,0084,中興,
O,01,0129,南華,
O,01,0115,中寮,
O,01,0067,牛埔,
O,01,0066,香山,
O,01,0009,中央,
O,01,0124,港南,
O,01,0098,朝山,
O,01,0161,樹下,
O,01,0156,師院,
O,01,0175,科技,
O,01,0043,聚吉,
O,01,0069,茄苳湖,
O,01,0028,埔頂,
O,01,0163,茄苳,
O,01,0081,信義,
O,01,0077,榮新,榮新
O,01,0071,鹽水港,
O,01,0159,中隘段,
O,01,0073,虎子山,
O,01,0121,古賢,
O,01,0133,溪橋,
O,01,0169,鹽水,
O,01,0113,康樂,
O,01,0145,古峰,
O,01,0002,東門,二
O,01,0037,竹蓮,
O,01,0040,西門,一
O,01,0106,曲溪,
O,01,0141,大學,
O,01,0144,高峰,
O,01,0132,水源,
O,01,0010,復中,
O,01,0032,科園,龍山
O,01,0052,武陵,
O,01,0085,三姓,
O,01,0096,大庄,
O,01,0102,建華,
O,01,0157,南興段,
O,01,0127,虎林,
O,01,0168,長興,
O,01,0060,十塊寮,十塊寮
O,01,0150,美城,
O,01,0100,科學,二
O,01,0120,筧橋,
O,01,0013,東山,一
O,01,0140,仙水,
O,01,0088,長春,
O,01,0171,麗園,
O,01,0142,仙宮,
O,01,0154,力行,
O,01,0095,香美,
O,01,0126,新航,
O,01,0158,內湖段,
O,01,0151,東香,
O,01,0050,民富,
O,01,0165,大湖,
O,01,0153,香村,
O,01,0086,新莊,
O,01,0042,西門,三
O,01,0094,香中,
O,01,0053,福林,
O,01,0110,康朗,
O,01,0064,吉羊崙,
O,01,0044,中雅,
O,01,0019,成功,
O,01,0078,榮新,北區
O,01,0072,南隘,
O,01,0160,見樂段,
O,01,0135,金山,
O,01,0155,醫專,
O,01,0114,南寮,
O,01,0146,翠湖,
O,01,0164,延壽,
O,01,0082,和平,
O,01,0170,五福,
O,01,0134,前溪,
O,01,0041,西門,二
O,01,0003,東門,三
O,01,0093,香濱,
O,01,0105,柴橋,
O,01,0138,東橋,
O,01,0107,成德,
O,01,0054,樹林頭,
O,01,0016,中華,
O,01,0119,東濱,
O,01,0087,關東,
O,01,0014,東山,二
O,01,0097,美山,
O,01,0152,柑林,
O,01,0125,華江,
O,01,0172,湖港,
O,01,0166,海山,
O,01,0046,北門,
O,01,0128,虎山,
O,01,0101,科學,三
O,01,0061,十塊寮,蟹子埔
O,01,0091,國道,
O,01,0112,新港,
O,01,0058,苦苓腳,
O,01,0063,沙崙,
O,01,0033,南門,一
O,01,0177,南勢,
O,01,0178,台肥,
O,01,0179,金雅,
O,01,0180,士林,
P,01,0005,保長廍,保長廍
P,01,0006,保長廍,虎尾溪
P,01,0007,保長廍,后庄子
P,01,0008,大北勢,大北勢
P,01,0009,大北勢,甲六埤
P,01,0010,大北勢,林子頭
P,01,0011,九老爺,
P,01,0001,斗六,
P,01,0002,海豐崙,海豐崙
P,01,0003,海豐崙,朱丹灣
P,01,0019,林子頭,林子頭
P,01,0020,林子頭,番子溝
P,01,0021,菜公,
P,01,0055,重光,
P,01,0056,黃厝,
P,01,0022,內林,
P,01,0023,石榴班,
P,01,0025,咬狗,
P,01,0012,大潭,大潭
P,01,0013,大潭,社口
P,01,0014,溝子埧,溝子埧
P,01,0016,溝子埧,柴裡
P,01,0015,溝子埧,瓦厝子
P,01,0017,大崙,大崙
P,01,0018,大崙,茄苳腳
P,01,0004,竹圍子,
P,01,0024,光復,
P,01,0057,榴北,
P,01,0061,公正,
P,01,0060,林頭,
P,01,0062,光明,
P,01,0063,科一,
P,01,0065,秦寮,
P,01,0066,溪洲,
P,01,0067,後庄,
P,01,0068,保庄,
P,01,0069,正心,
P,01,0070,虎溪,
P,01,0071,西平,
P,01,0074,三平,
P,01,0076,科二,
P,01,0077,嘉東,
P,01,0084,梅林東,
P,01,0085,梅林西,
P,01,0079,石農,
P,01,0080,中興,
P,01,0081,石榴,
P,01,0082,榴中,
P,01,0083,牛埔,
P,01,0075,科加,
P,01,0078,北環,
P,01,0088,八德,
P,01,0089,大竹圍,
P,01,0090,竹頭,
P,01,0091,重光東,
P,01,0092,梅南,
P,02,0207,舊社,
P,02,0211,阿丹,
P,02,0220,五間厝,
P,02,0200,東仁,
P,02,0206,興國,
P,02,0212,溫厝角,
P,02,0213,新庄,新庄
P,02,0214,新庄,將軍崙
P,02,0215,田頭,
P,02,0216,田頭,重建
P,02,0219,小東,
P,02,0217,大東,大東
P,02,0218,大東,新崙
P,02,0202,南昌,
P,02,0204,中天,
P,02,0201,西岐,
P,02,0209,石龜溪,
P,02,0210,南勢,
P,02,0208,林子,
P,02,0203,北銘,
P,02,0205,建國,
P,02,0230,中興,
P,02,0231,明昌,
P,02,0232,僑真,
P,02,0234,文安,
P,02,0235,新光,
P,02,0236,東明,
P,02,0237,義德,
P,02,0238,四維,
P,03,0400,虎尾,
P,03,0401,埒內,
P,03,0402,廉使,
P,03,0403,竹圍子,
P,03,0404,北溪厝,
P,03,0405,大屯子,
P,03,0406,牛埔子,
P,03,0407,三合,
P,03,0408,湳子,
P,03,0409,蕃薯,
P,03,0410,平和厝,
P,03,0411,過溪子,
P,03,0412,惠來厝,
P,03,0413,安慶,
P,03,0476,永合,
P,03,0489,延平,
P,03,0497,立仁,
P,03,0501,五間,
P,03,0500,八德,
P,03,0498,忠孝,
P,03,0496,新吉,
P,03,0499,工專,
P,03,0502,墾地,
P,03,0503,北平,
P,03,0507,德興,
P,03,0506,公安,
P,03,0505,明正,
P,03,0504,博愛,
P,03,0508,仁愛,
P,03,0509,東興,
P,03,0510,信義,
P,03,0511,虎新,
P,03,0512,同心,
P,03,0513,弘道,
P,03,0514,光明,
P,03,0515,新屯,
P,03,0517,泰安,
P,03,0522,興安,
P,03,0518,大學,
P,03,0519,高北,
P,03,0520,高南,
P,04,0306,吳厝,
P,04,0307,下湳,
P,04,0304,三塊厝,三塊厝
P,04,0305,三塊厝,鹿場
P,04,0300,西螺,
P,04,0301,茄苳,
P,04,0302,新宅,
P,04,0310,社口,
P,04,0311,埔心,
P,04,0303,埤頭垻,
P,04,0308,頂湳,
P,04,0309,新社,
P,04,0362,東南,
P,04,0363,興西,
P,04,0364,漢北,
P,04,0365,漢南,
P,04,0366,埔北,
P,04,0367,埔東,
P,04,0368,埔西,
P,04,0369,社東,
P,04,0370,社西,
P,04,0385,西中,
P,05,0414,土庫,
P,05,0415,過港,
P,05,0416,新興,
P,05,0417,糞箕湖,
P,05,0418,埤腳,
P,05,0419,石廟子,
P,05,0420,大荖,
P,05,0424,奮起,
P,05,0458,興新,
P,05,0457,綺湖,
P,05,0456,新埤腳,
P,05,0455,秀潭,
P,05,0472,復興,
P,05,0421,崙內,
P,05,0422,馬公厝,
P,05,0423,新庄子,
P,05,0475,菜園,
P,05,0471,文化,
P,05,0473,光復,
P,05,0474,越港,
P,05,0484,港興,
P,05,0490,竹寮,
P,05,0492,新南,
P,05,0491,新北,
P,05,0494,崙前,
P,05,0516,崙埤,
P,06,0600,北港,
P,06,0601,新街,
P,06,0602,後溝子,後溝子
P,06,0603,後溝子,府番
P,06,0604,草湖,
P,06,0605,溝皂,
P,06,0606,番子溝,
P,06,0607,好收,
P,06,0608,樹子腳,
P,06,0609,扶朝家,
P,06,0679,府番,
P,06,0693,扶朝,
P,06,0715,大北,
P,06,0719,仁和,
P,06,0718,聖母,
P,06,0720,廟東,
P,06,0721,廟西,
P,06,0723,南陽,
P,06,0722,大同,
P,06,0739,三仙,
P,06,0746,乾元,
P,06,0757,福德,
P,07,0026,古坑,古坑
P,07,0027,古坑,湳子
P,07,0035,崁頭厝,
P,07,0036,麻園,
P,07,0037,崁腳,
P,07,0038,大湖底,
P,07,0039,苦苓腳,
P,07,0040,樟湖,
P,07,0041,草嶺,
P,07,0058,東和,
P,07,0030,水碓,
P,07,0031,高厝林子頭,
P,07,0032,溪邊厝,
P,07,0033,新庄,
P,07,0034,棋盤厝,
P,07,0028,東興,
P,07,0029,西華,
P,07,0059,東陽,
P,07,0064,青山,
P,07,0093,棋盤,
P,07,0094,新光,
P,07,0087,石坑,
P,08,0225,埤頭,
P,08,0226,茄苳腳,
P,08,0227,蘆竹巷,
P,08,0228,豐田,
P,08,0229,西鎮,
P,08,0221,大埤,
P,08,0222,舊庄,
P,08,0223,田子林,
P,08,0224,埔羌崙,
P,08,0233,松竹,
P,09,0044,樹子腳,
P,09,0046,麻園,
P,09,0047,湖子內,
P,09,0048,新庄子,
P,09,0042,莿桐,
P,09,0043,番子,
P,09,0045,大埔尾,
P,09,0072,中園,
P,09,0073,大美,
P,09,0086,埔子,
P,10,0049,林內,
P,10,0053,九芎林,
P,10,0054,烏塗子,
P,10,0051,成功,
P,10,0050,新興,
P,10,0052,中山,
P,11,0312,二崙,
P,11,0315,惠來厝,
P,11,0316,八角亭,
P,11,0317,大義崙,
P,11,0313,田尾,
P,11,0314,三塊厝,
P,11,0323,新庄子,新庄子
P,11,0324,新庄子,大北園
P,11,0325,永定厝,
P,11,0318,油車,
P,11,0319,番社,
P,11,0320,大庄,
P,11,0322,港後,
P,11,0321,公館,
P,11,0351,三和,
P,11,0382,崙東,
P,11,0381,崙西,
P,11,0383,崙南,
P,11,0380,崙北,
P,11,0384,來惠,
P,12,0326,崙背,
P,12,0328,五塊厝,
P,12,0329,阿勸,
P,12,0330,大有,
P,12,0334,崩溝寮,
P,12,0345,豐草,
P,12,0332,草湖,
P,12,0333,舊庄,
P,12,0331,貓兒干,
P,12,0344,成功,
P,12,0343,永安,
P,12,0350,大豐,
P,12,0353,港尾,
P,12,0352,東興,
P,12,0354,福興,
P,12,0358,中厝,
P,12,0372,有勸,
P,12,0373,東玄,
P,12,0379,西榮,
P,12,0378,南榮,
P,12,0377,天后,
P,12,0375,順天,
P,12,0374,面前厝,
P,12,0376,中勸,
P,13,0335,麥寮,
P,13,0336,興化厝,
P,13,0337,沙崙後,
P,13,0341,許厝寮,許厝寮
P,13,0342,許厝寮,後安寮
P,13,0338,施厝寮,
P,13,0339,雷厝,
P,13,0340,橋頭,
P,13,0346,山寮,
P,13,0349,安西,
P,13,0348,圳寮,
P,13,0347,福安,
P,13,0357,永吉,
P,13,0355,興忠,
P,13,0356,崙南,
P,13,0359,中山,
P,13,0360,豐安,
P,13,0361,豐興,
P,13,0371,興寮,
P,13,1126,六輕,
P,13,1120,新中,
P,13,1122,光大,
P,13,1121,泰順,
P,13,1123,成德,
P,13,1124,拱範,
P,14,0425,東勢厝,
P,14,0429,牛埔頭,
P,14,0430,程海厝,
P,14,0431,路利潭,
P,14,0432,下許厝寮,
P,14,0433,番子寮,
P,14,0434,同安厝,
P,14,0435,月眉,
P,14,0426,東北,
P,14,0427,東南,
P,14,0428,嘉隆,
P,14,0470,昌南,
P,14,0480,程海,
P,14,0479,圳頭,
P,14,0478,港底,
P,14,0477,東安,
P,14,0485,馬山,
P,14,1001,明倫,
P,14,1002,媽埔,
P,14,1105,西寮,
P,14,1109,四美,
P,14,1113,和平,
P,14,1108,西安,
P,14,1115,龍潭,
P,14,1114,安南,
P,14,1116,東西,
P,14,1117,仁愛,
P,14,1128,新北,
P,14,1129,同北,
P,15,0436,埔姜崙,
P,15,0437,馬鳴山,
P,15,0438,龍岩,
P,15,0439,潮洋厝,
P,15,0459,忠興,
P,15,0462,埔崙,
P,15,0460,忠東,
P,15,0461,褒忠,
P,15,0467,龍林,
P,15,0464,新湖,
P,15,0466,六勝,
P,15,0463,田洋,
P,15,0465,三湖,
P,15,0468,馬鳴,
P,15,0493,王厝,
P,15,0495,龍王,
P,15,0521,北興,
P,16,0440,海口,
P,16,0441,溪頂,
P,16,0444,五塊寮,
P,16,0445,十張犂,
P,16,0446,山寮,
P,16,0486,普令厝,
P,16,0448,五條港,
P,16,0449,崙子頂,
P,16,0450,火燒牛稠,
P,16,0451,新興,
P,16,0452,蚊港,
P,16,0453,台興,
P,16,0469,三姓,
P,16,0481,成功,
P,16,0482,泉州,
P,16,0483,光華,
P,16,0488,五港,
P,16,0487,萬厝,
P,16,1004,尚德,
P,16,1003,明德,
P,16,1107,旭安,
P,16,1106,光明,
P,16,1112,萬東,
P,16,1110,和豐,
P,16,1111,公館,
P,16,1118,五榔,
P,16,1119,崙西,
P,16,1127,五華,
P,16,1125,崙中,
P,16,1130,港西,
P,17,0610,元長,
P,17,0621,後湖,
P,17,0619,山子內,
P,17,0622,五塊寮,
P,17,0623,潭內,
P,17,0617,龍岩厝,
P,17,0613,下寮,
P,17,0614,頂寮,
P,17,0612,客子厝,
P,17,0626,長北,
P,17,0611,長南,
P,17,0624,興茂,
P,17,0625,中坑,
P,17,0627,中湖,
P,17,0615,內寮,
P,17,0620,鹿寮,
P,17,0628,長興,
P,17,0685,潭墘,
P,17,0683,部子,
P,17,0681,東庄,
P,17,0684,崙子,
P,17,0680,仁德,
P,17,0682,瓦？,
P,17,0703,山茂,
P,17,0704,青山,
P,17,0702,三和,
P,17,0710,信義,
P,17,0714,新吉,
P,17,0748,鹿南,
P,17,0749,鹿北,
P,17,0750,義天,
P,17,0751,極明,
P,17,0756,北湖,
P,17,0754,西湖,
P,17,0755,東湖,
P,18,0629,四湖,
P,18,0634,溪底,
P,18,0632,鹿場,
P,18,0630,蔡厝,
P,18,0631,下寮,
P,18,0633,羊稠厝,
P,18,0639,內湖,
P,18,0641,飛沙,飛沙
P,18,0642,飛沙,三姓寮
P,18,0635,溪尾,
P,18,0636,溪尾,新溪
P,18,0643,林厝寮,
P,18,0644,三崙,
P,18,0640,箔子寮,
P,18,0637,三條崙,
P,18,0638,三條崙,溪崙
P,18,0688,湖東,
P,18,0689,關聖,
P,18,0690,國中,
P,18,0697,三姓,
P,18,0695,魚寮,
P,18,0694,東光,
P,18,0696,建陽,
P,18,0698,飛湖,
P,18,0709,和平,
P,18,0727,溪南,
P,18,0726,安慶,
P,18,0728,北安,
P,18,0731,保安,
P,18,0735,新興,
P,18,0736,南光,
P,18,0738,廣溝,
P,18,0740,洋北,
P,18,0742,西頂,
P,18,0741,建華,
P,18,0725,四工,
P,18,0758,箔港,
P,18,0763,頂鹿,
P,18,0764,福安,
P,18,0765,西鹿,
P,18,0768,順天,
P,19,0651,下湖口,
P,19,0652,水井,
P,19,0653,椬梧,
P,19,0645,口湖,
P,19,0647,外埔,
P,19,0646,下崙,
P,19,0648,新港,
P,19,0649,蚵寮,
P,19,0650,牛尿港,
P,19,0654,謝厝寮,
P,19,0655,後厝,
P,19,0657,新湖,
P,19,0656,崇文,
P,19,0686,安南,
P,19,0687,安北,
P,19,0692,開元,
P,19,0699,順寮,
P,19,0700,崙北,
P,19,0712,埔潭,
P,19,0711,埔北,
P,19,0713,沙崙,
P,19,0732,뷋北,
P,19,0737,林投,
P,19,0724,口工,
P,19,0743,北興,
P,19,0759,崙港,
P,19,0766,拔拉,
P,19,0772,外傘頂,
P,20,0668,舊子埔,
P,20,0667,頂蔦松,
P,20,0672,松北,
P,20,0658,水林,
P,20,0677,水南,
P,20,0659,土間厝,
P,20,0660,春牛埔,
P,20,0661,車巷口,
P,20,0662,牛挑灣,
P,20,0663,萬興,
P,20,0666,大溝,
P,20,0664,尖山,
P,20,0665,食水堀,
P,20,0669,蕃薯厝,
P,20,0678,後寮,
P,20,0670,溪墘厝,
P,20,0676,土厝,
P,20,0674,大山,
P,20,0675,順興,
P,20,0671,蕃薯,
P,20,0673,興南,
P,20,0691,大興,
P,20,0701,溪墘,
P,20,0707,水北,
P,20,0708,埔尾,
P,20,0706,東陽,
P,20,0705,燦林,
P,20,0717,西井,
P,20,0716,蘇秦,
P,20,0729,灣東,
P,20,0730,灣西,
P,20,0734,西興,
P,20,0733,東興,
P,20,0744,南興,
P,20,0745,中興,
P,20,0747,水東,
P,20,0752,松東,
P,20,0753,松西,
P,20,0761,水中,
P,20,0762,都統,
P,20,0760,春埔,
P,20,0767,海豐,
P,20,0769,瓊埔,
P,20,0770,天保,
P,20,0771,塭底,
P,06,0778,福茂,
P,20,0773,牛埔,
P,06,0774,三王,
P,06,0775,三義,
P,06,0776,頂庄,
P,06,0777,大庄,
P,09,0095,埔北,
P,09,0096,埔南,
P,09,0097,和平,
P,09,0098,南安,
P,04,0386,茄西,
P,16,1132,崙豐,
P,06,0779,新南,
P,06,0780,新北,
P,06,0781,復興,
P,06,0782,聖平,
P,04,0387,市仔頭,
P,04,0388,大同,
P,04,0389,新街,
P,04,0390,振興,
P,09,0099,饒平,
P,09,0100,四合,
P,16,1133,蚊興,
P,07,0101,尖山坑,
P,03,0523,五福,
P,02,0239,大同,
P,19,0783,梧北,
P,01,0106,府文,
P,11,0394,新港後,
P,11,0392,湳仔,
P,11,0393,新田尾,
P,11,0396,慈仁,
P,03,0525,大庄,
P,11,0395,新油車,
P,03,0524,福德,
P,04,0391,新吳厝,
P,10,0105,進興,
P,02,0240,泰安,
P,09,0102,湖內,
P,09,0103,五華,
P,09,0104,東興,
P,13,1135,吉安,
P,13,1134,順天,
P,07,0107,建德,
P,03,0526,內安,
P,03,0527,中科,
P,01,0120,自強,
P,01,0121,建成,
P,06,0785,新東,
P,01,0122,半路,
P,01,0123,十三,
P,01,0124,長安,
P,10,0108,芎蕉,
P,10,0109,重興,
P,10,0110,烏塗,
P,10,0111,仁愛,
P,10,0112,頂庄,
P,10,0114,永昌,
P,10,0115,長興,
P,10,0116,九芎,
P,10,0117,芎林,
P,10,0118,九芎南,
P,10,0119,湖本,
P,10,0125,烏麻,
P,07,0113,棋東,
P,03,0528,埒堀,
P,12,1139,麥豐,
P,14,1137,新美,
P,16,1138,萬興,
P,06,0787,劉厝,
P,03,0529,廉使南,
P,03,0530,廉使北,
P,02,0245,重光,
P,07,0126,麻園庄,
P,07,0127,下麻園,
P,07,0128,永昌,
P,07,0129,永光,
P,07,0130,永興,
P,10,0131,寶隆,
P,04,1202,埤頭,
P,04,1203,廣興,
P,13,1136,新吉,
P,13,1139,麥豐,
P,01,0132,崙南,
P,07,0133,田心,
P,07,0134,水碓東,
P,07,0135,水碓西,
P,08,0246,尚義,
P,04,1204,廣福,
P,11,1205,義賢,
P,01,0136,明德,
P,01,0137,新溪洲,
P,01,0138,萬年西,
P,01,0139,萬年東,
P,02,0248,東德,
P,02,0247,新崙,
P,03,0533,過溪,
P,11,1206,永定,
P,06,0788,番溝,
P,18,0790,東海豐,
P,18,0791,新下寮,
P,18,0792,新蔡厝,
P,20,0789,豐德,
P,20,0784,王厝,
P,13,1140,楊厝,
P,10,0140,湖山寮,
P,15,0534,有才,
P,01,0141,貞寮,
P,01,0142,劉厝,
P,07,0143,高林南,
P,07,0144,高林北,
P,07,0145,荷苞,
P,03,0535,興南,
P,03,0536,中溪,
P,03,0537,下溪,
P,12,1207,新貓兒干,
P,12,1208,新草湖,
P,12,1209,洲仔,
P,01,0146,新虎溪,
P,01,0147
0147,水尾口,
P,13,1141,後安,
P,08,0249,鎮平,
P,08,0250,怡然,
P,01,0148,雲林溪,
P,01,0149,龍潭,
P,01,0150,秀才,
P,01,0151,崙北,
P,07,0152,大湖口,
P,07,0153,南昌,
P,08,0251,嘉興,
P,13,1142,麥中,
P,03,0538,龍安,
P,03,0539,堀頭,
P,01,0154,科工,
P,01,0155,崙仔,
P,01,0156,長平,
P,01,0157,溝垻,
P,01,0158,咬狗北,
P,01,0159,咬狗庄,
P,01,0160,湖山,
P,08,0252,大德,
P,08,0253,妮姑庵,
P,08,0254,興安,
P,03,0540,新墾地,
P,03,0541,路墘,
P,04,1210,漢光,
P,02,0255,新林子,
P,08,0256,磚仔窯,
P,01,0161,石牛溪,
P,07,0162,湳子,
P,07,0163,新園,
P,07,0164,棋山,
P,03,0542,芳草,
P,03,0543,竹安,
P,13,1145,泰盛,
P,13,1146,光南,
P,13,1143,鎮南,
P,13,1144,豐津,
P,06,0793,新西,
P,06,0794,同仁,
P,19,0783,梧北,
P,19,0795,新北興,
P,01,0165,埤口,
P,07,0166,水碓新,
P,07,0169,下崁腳,
P,07,0170,中洲,
P,01,0167,斗六一,
P,01,0168,鎮西,
P,07,0171,新生,
P,13,1147,新麥寮,
P,03,0531,大屯,
P,11,1211,新西,
P,19,0796,港北,
P,06,0797,武德,
P,06,0798,太平,
P,02,0257,五福,
P,08,0258,三結,
P,08,0259,北和,
P,08,0260,南和,
P,02,0261,新東,
P,19,0800,順天,
P,18,0799,埔南,
P,06,0802,北辰,
P,06,0803,公園,
P,19,0801,金湖,
P,19,0801,金湖,
P,01,0173,斗六二,
P,01,0174,斗六三,
P,02,0242,埤麻,
P,02,0243,溝心,
P,02,0244,新安,
P,11,1200,四番地,
P,11,1201,荷苞嶼,
P,06,0786,口庄,
P,07,0172,頂新庄,
P,02,0241,太興,
Q,02,0211,菜埔,
Q,02,0366,菜埔,永和
Q,02,0201,下竹圍,
Q,02,0202,下竹圍,竹圍
Q,02,0387,下竹圍,佳禾
Q,02,0216,吳竹子腳,
Q,02,0217,吳竹子腳,德家
Q,02,0218,新庄,
Q,02,0219,新庄,新庄
Q,02,0220,新庄,農牧
Q,02,0221,新庄,重劃
Q,02,0390,新庄,大館
Q,02,0223,牛挑灣,
Q,02,0224,牛挑灣,松梅
Q,02,0225,牛挑灣,松華
Q,02,0226,南勢竹,
Q,02,0227,南勢竹,南竹
Q,02,0203,大槺榔,
Q,02,0204,大槺榔,大鄉
Q,02,0205,大槺榔,大葛
Q,02,0388,大槺榔,大溝
Q,02,0206,小槺榔,
Q,02,0207,小槺榔,仁和
Q,02,0208,小槺榔,槺榔
Q,02,0209,雙溪口,
Q,02,0210,雙溪口,雙溪
Q,02,0214,鴨母寮,
Q,02,0215,鴨母寮,竹村
Q,02,0389,鴨母寮,東安
Q,02,0212,崁前,
Q,02,0362,崁前,崁前
Q,02,0213,崁後,
Q,02,0363,崁後,南崁
Q,02,0364,崁後,北崁
Q,02,0222,龜子港,
Q,02,0365,龜子港,順安
Q,02,0351,安福,
Q,02,0353,平和,
Q,02,0352,中正,
Q,02,0354,文化,
Q,02,0349,內厝,
Q,02,0357,永和,
Q,02,0358,德安,
Q,02,0355,鎮安,
Q,02,0356,鎮南,
Q,02,0350,文明,
Q,02,0348,朴工,
Q,02,0397,嘉朴,
Q,02,1406,新寮,
Q,03,0228,布袋,
Q,03,0229,內田,
Q,03,0231,前東港,
Q,03,0240,新塭,
Q,03,1428,新塭,好美
Q,03,0238,過溝,
Q,03,1409,過溝,過溝
Q,03,0232,崩山,
Q,03,0370,崩山,崩山
Q,03,0239,溪墘,
Q,03,0368,溪墘,溪墘
Q,03,0237,貴舍,
Q,03,1408,貴舍,貴舍
Q,03,1417,貴舍,半月
Q,03,0230,考試潭,
Q,03,0369,考試潭,考試
Q,03,1410,考試潭,鹿寮
Q,03,1416,考試潭,鹿安
Q,03,0233,菜舖,
Q,03,0234,菜舖,菜舖
Q,03,0367,菜舖,新吉
Q,03,0235,樹林頭,
Q,03,0236,樹林頭,樹林
Q,03,1407,樹林頭,林頭
Q,03,0386,新生,
Q,03,1400,見龍,
Q,03,0399,新厝,
Q,03,1401,中興,
Q,03,1402,景山,
Q,03,1403,永安,
Q,03,1405,建興,
Q,03,1430,九江,
Q,03,1431,布鹽,
Q,03,1429,復興,
Q,03,1432,龍江,
Q,03,1434,振寮,
Q,03,1435,保安宮,
Q,03,1433,鹿寮,
Q,03,1436,嘉塭,
Q,03,1437,新南,
Q,03,1438,新民,
Q,03,1439,魍港,
Q,03,1440,東岑,
Q,03,1441,江山,
Q,03,1442,上江山,
Q,04,0570,西林,
Q,04,0411,甘蔗崙,
Q,04,0412,甘蔗崙,甘蔗崙
Q,04,0575,明和,
Q,04,0599,明和,明和
Q,04,0419,排子路,
Q,04,0420,排子路,排子路
Q,04,0401,潭底,
Q,04,0402,潭底,潭底
Q,04,0572,新興,
Q,04,0595,新興,新興
Q,04,0574,平林,
Q,04,0573,吉林,
Q,04,0571,東林,
Q,04,0403,中林,
Q,04,0404,中林,中林
Q,04,0405,頂員林,
Q,04,0417,下埤頭,
Q,04,0418,下埤頭,下埤頭
Q,04,0576,明華,
Q,04,0429,湖子,
Q,04,0406,大湖,
Q,04,0407,大湖,湖北
Q,04,0427,橋子頭,
Q,04,0428,橋子頭,橋子頭
Q,04,0415,中坑,
Q,04,0416,中坑,中坑
Q,04,0600,米斗,
Q,04,0601,香山,
Q,04,0602,田寮,
Q,04,0603,中興,
Q,04,0408,大埔美,
Q,04,0409,大埔美,過溪
Q,04,0410,大埔美,大美
Q,04,0413,林子前,
Q,04,0414,林子前,三和
Q,04,0610,水頭,
Q,04,0430,林頭,
Q,04,0431,林頭,林頭
Q,04,0425,內林,
Q,04,0426,內林,內林
Q,04,0423,溝背,
Q,04,0424,溝背,溝背
Q,04,0421,三角,
Q,04,0422,三角,三角
Q,04,0432,北勢,
Q,04,0433,北勢,北勢
Q,05,0457,頭橋,
Q,05,0458,頭橋,工業
Q,05,0587,興南,
Q,05,0588,金興,
Q,05,0589,世興,
Q,05,0465,林子尾,
Q,05,0466,林子尾,重建
Q,05,0470,塗樓,
Q,05,0471,塗樓,塗樓
Q,05,0586,福樂,
Q,05,0584,福南,
Q,05,0469,大丘園,
Q,05,0456,新庄子,
Q,05,0449,鴨母,鴨母
Q,05,0450,鴨母,雙福
Q,05,0578,鴨母,文隆
Q,05,0583,民文,
Q,05,0582,福安,
Q,05,0611,民農,
Q,05,0461,松子腳,
Q,05,0462,松子腳,松腳
Q,05,0606,後山子,
Q,05,0607,牛頭崙,
Q,05,0463,陳厝寮,
Q,05,0464,陳厝寮,三興
Q,05,0467,葉子寮,
Q,05,0604,大坑,
Q,05,0605,東興,
Q,05,0468,北勢子,
Q,05,0581,北斗,
Q,05,0459,大崎腳,
Q,05,0460,大崎腳,大崎腳
Q,05,0451,崙子頂,
Q,05,0564,建國,
Q,05,0565,東榮,
Q,05,0435,東勢湖,
Q,05,0452,好收,好收
Q,05,0453,好收,竹圍後
Q,05,0446,田中央,
Q,05,0447,田中央,田中央
Q,05,0434,民雄,
Q,05,0568,民北,
Q,05,0566,民南,
Q,05,0567,中樂,
Q,05,0472,竹子腳,
Q,05,0473,竹子腳,竹子腳
Q,05,0580,竹子腳,西昌
Q,05,0448,牛稠溪,
Q,05,0613,福興,
Q,05,0438,雙援,
Q,05,0439,雙援,何厝
Q,05,0454,頂寮,
Q,05,0455,頂寮,頂寮
Q,05,0594,頂寮,中廣
Q,05,0436,番子,
Q,05,0437,番子,番子
Q,05,0569,西安,
Q,05,0445,江厝店,
Q,05,0577,江厝店,興中
Q,05,0585,義興,
Q,05,0612,民興,
Q,05,0444,牛斗山,
Q,05,0440,菁埔,菁埔
Q,05,0442,菁埔,菁埤
Q,05,0441,菁埔,社溝
Q,05,0443,菁埔,中和
Q,05,0474,山中,
Q,05,0475,民工,
Q,05,0608,五榖王,
Q,06,0476,溪口,
Q,06,0477,溪口,溪口
Q,06,0478,溪口,溪明
Q,06,0590,溪口,後港
Q,06,0596,溪東,
Q,06,0597,溪西,
Q,06,0488,游厝,
Q,06,0557,游厝,游東
Q,06,0558,游厝,游西
Q,06,0498,三疊溪,
Q,06,0499,三疊溪,疊溪
Q,06,0492,厝子,
Q,06,0493,厝子,厝子
Q,06,0494,厝子,下厝
Q,06,0486,上崙,
Q,06,0487,上崙,妙崙
Q,06,0591,上崙,柳二
Q,06,0495,本廳,
Q,06,0496,本廳,本厝
Q,06,0497,本廳,本廳
Q,06,0484,崙尾,美北
Q,06,0483,崙尾,美南
Q,06,0482,崙尾,天赦
Q,06,0481,崙尾,崙尾
Q,06,0485,崙尾,美東
Q,06,0489,柳子溝,
Q,06,0490,柳子溝,柳溝
Q,06,0491,柳子溝,南靖厝
Q,06,0592,柳子溝,柳一
Q,06,0479,頂坪,
Q,06,0480,頂坪,下坪
Q,06,0598,坪頂,
Q,06,0500,柴林腳,
Q,06,0501,柴林腳,柴林
Q,07,0521,崙子,
Q,07,0522,崙子,崙子
Q,07,0552,舊南港,
Q,07,0553,舊南港,南港
Q,07,0554,大客,
Q,07,0555,大客,頂客
Q,07,0556,大客,大客
Q,07,0512,中洋子,
Q,07,0514,中洋子,中洋
Q,07,0513,中洋子重劃,
Q,07,0536,番婆,
Q,07,0537,番婆,安和
Q,07,0515,三間厝,
Q,07,0516,三間厝重劃,
Q,07,0519,大崙,
Q,07,0520,大崙,大崙
Q,07,0528,板頭厝,
Q,07,0529,板頭厝,板頭
Q,07,0507,後庄,
Q,07,0508,後庄,後庄
Q,07,0548,月眉潭,
Q,07,0550,月眉潭,月潭
Q,07,0551,月眉潭,眉潭
Q,07,0549,月眉潭,月眉
Q,07,0538,溪北,
Q,07,0539,溪北,溪北
Q,07,0502,新港,
Q,07,0504,新港,宮前
Q,07,0505,新港,宮後
Q,07,0506,新港,大興
Q,07,0503,新港,福德
Q,07,0561,港東,
Q,07,0562,港西,
Q,07,0563,公園,
Q,07,0609,新東,
Q,07,0540,古民,
Q,07,0541,古民,新民
Q,07,0542,古民,中庄
Q,07,0560,永福,
Q,07,0559,永祿,
Q,07,0509,菜公厝,
Q,07,0510,菜公厝,菜公
Q,07,0511,菜公厝,咬竹
Q,07,0523,埤子頭,
Q,07,0524,埤子頭,埤子頭
Q,07,0525,埤子頭,埤子
Q,07,0535,埤頭,菜園
Q,07,0533,埤頭,埤頭
Q,07,0534,埤頭,共和
Q,07,0543,潭子墘,
Q,07,0544,潭子墘,潭大
Q,07,0545,潭子墘,潭子
Q,07,0530,大潭,
Q,07,0531,大潭,大潭
Q,07,0532,大潭,北潭
Q,07,0579,大潭,精忠
Q,07,0517,後底湖,
Q,07,0518,後底湖,後底湖
Q,07,0526,西庄,
Q,07,0527,西庄,西庄
Q,07,0546,海豊子,
Q,07,0547,海豊子,海豐
Q,07,0593,中工,
Q,08,0241,六腳,
Q,08,0244,六腳,六嘉
Q,08,0242,六腳,六南
Q,08,0252,後崩山,
Q,08,0253,後崩山,崩山
Q,08,0391,後崩山,後崩山
Q,08,0245,更寮,
Q,08,0243,更寮,更寮
Q,08,0256,下雙溪,
Q,08,0257,下雙溪,兩溪
Q,08,0254,竹子腳,
Q,08,0255,竹子腳,竹嘉
Q,08,0246,林內,
Q,08,0248,林內,古林
Q,08,0247,林內,林內
Q,08,0260,蒜頭,
Q,08,0261,蒜頭,蒜頭
Q,08,0262,蒜頭,蒜東
Q,08,0271,雙涵,
Q,08,0272,雙涵,雙涵
Q,08,0265,三姓寮,
Q,08,0267,三姓寮,三義
Q,08,0266,三姓寮,三姓
Q,08,0263,大塗師,
Q,08,0264,大塗師,塗師
Q,08,0268,港尾寮,
Q,08,0270,港尾寮,豐美
Q,08,0269,港尾寮,港美
Q,08,0275,六斗尾,
Q,08,0276,六斗尾,六斗
Q,08,0273,溪墘厝,
Q,08,0274,溪墘厝,正義
Q,08,0249,潭子墘,
Q,08,0250,潭子墘,潭墘
Q,08,0251,潭子墘,北潭
Q,08,0258,灣內,
Q,08,0259,灣內,灣內
Q,08,0279,崙子,
Q,08,0280,崙子,崙陽
Q,08,0277,蘇厝寮,
Q,08,0278,蘇厝寮,蘇厝
Q,08,1423,中庄,
Q,08,1425,牛埔,
Q,08,1424,六興,
Q,08,1426,灣北,
Q,08,1427,灣南,
Q,09,0281,頂東石,
Q,09,0398,頂東石,黎明
Q,09,0311,塭港,
Q,09,0309,型厝寮,
Q,09,0285,山寮,
Q,09,0287,屯子頭,
Q,09,0288,海埔,
Q,09,0396,海埔,海埔
Q,09,0286,三塊厝,
Q,09,0395,三塊厝,三家
Q,09,0283,港墘厝,
Q,09,0393,港墘厝,龍港
Q,09,0284,頂厝子,
Q,09,0394,頂厝子,頂厝
Q,09,0282,副瀨,
Q,09,0392,副瀨,副瀨
Q,09,0314,下揖子寮,
Q,09,0315,下揖子寮,下揖
Q,09,0312,頂揖子寮,
Q,09,0313,頂揖子寮,頂揖
Q,09,0291,溪子下,
Q,09,0292,溪子下,溪子下
Q,09,1413,溪子下,福安
Q,09,0306,蚶子寮,
Q,09,0307,蚶子寮,蚶子寮
Q,09,1415,蚶子寮,文蚶
Q,09,0305,鰲鼓,
Q,09,1414,鰲鼓,鰲鼓
Q,09,0296,港墘,
Q,09,0297,港墘,港墘
Q,09,0302,下蔦松,
Q,09,0376,下蔦松,蔦松
Q,09,0310,湖底,
Q,09,0371,湖底,湖底
Q,09,0300,圍子內,
Q,09,0303,雙連潭,
Q,09,0374,塭連潭,連潭
Q,09,0298,洲子,
Q,09,0373,洲仔,洲仔
Q,09,0289,栗子崙,
Q,09,1411,栗子崙,西崙
Q,09,1418,栗子崙,後埔
Q,09,1420,栗子崙,東崙
Q,09,1419,栗子崙,中洲
Q,09,0293,中  洲,
Q,09,0308,走賊宅,
Q,09,1412,走賊宅,走宅
Q,09,0290,塭子,
Q,09,0294,後埔,
Q,09,0295,掌潭,
Q,09,0375,圍潭,圍潭
Q,10,0316,義竹,
Q,10,0317,義竹,義竹
Q,10,0333,角帶圍,
Q,10,0334,角帶圍,帶圍
Q,10,0327,頭竹圍,
Q,10,0328,頭竹圍,頭竹
Q,10,0359,頭竹圍,竹圍
Q,10,0330,東後寮,
Q,10,0331,東後寮,東光
Q,10,0332,東後寮,東後寮
Q,10,0377,東後寮,東榮
Q,10,0378,東後寮,光榮
Q,10,0346,溪洲,
Q,10,0347,溪洲,上溪洲
Q,10,0385,溪洲,溪洲
Q,10,0380,溪洲,上溪
Q,10,0341,過路子,
Q,10,0361,過路子,過路
Q,10,0345,五間厝,
Q,10,0381,五間厝,五厝
Q,10,1422,五間厝,中厝
Q,10,1421,五間厝,祥和
Q,10,0318,新庄,
Q,10,0319,新庄,新庄
Q,10,0342,芉子寮,
Q,10,0343,西後寮,
Q,10,0379,西後寮,西榮
Q,10,0344,西後寮,西後寮
Q,10,0329,牛稠底,
Q,10,0360,牛稠底,新富
Q,10,0325,埤子頭,
Q,10,0326,埤子頭,埤前
Q,10,0335,新店,
Q,10,0336,新店,新店
Q,10,0323,安溪寮,
Q,10,0324,安溪寮,平溪
Q,10,0320,龍蛟潭,
Q,10,0321,龍蛟潭,龍蛟
Q,10,0322,龍蛟潭,工業
Q,10,0337,北港子,
Q,10,0338,北港子,北華
Q,10,0339,後鎮,
Q,10,0340,後鎮,後鎮
Q,10,0382,六桂,
Q,10,0383,傳芳,
Q,10,0384,岸腳,
Q,11,0700,鹿草,
Q,11,0701,鹿草,鹿東
Q,11,0702,鹿草,鹿草
Q,11,0703,鹿草,西井
Q,11,0735,竹子腳,
Q,11,0736,竹子腳,松竹
Q,11,0704,山子腳,
Q,11,0705,山子腳,山腳
Q,11,0717,後堀,
Q,11,0836,後堀,後堀
Q,11,0706,三角子,
Q,11,0840,三角子,三角
Q,11,0839,三角子,角堀
Q,11,0841,三角子,中寮
Q,11,0709,下潭,
Q,11,0710,下潭,下潭
Q,11,0835,下潭,光潭
Q,11,0860,下潭,雲龍
Q,11,0718,馬稠後,
Q,11,0719,馬稠後,豐稠
Q,11,0728,麻豆店,
Q,11,0729,麻豆店,下麻
Q,11,0711,後庄子,
Q,11,0712,後庄子,後庄
Q,11,0730,後寮,
Q,11,0731,後寮,後寮
Q,11,0723,下半天,
Q,11,0724,下半天,半天
Q,11,0725,下半天,下半天
Q,11,0707,海豐,
Q,11,0708,海豐,海豐
Q,11,0720,中寮,
Q,11,0721,中寮,重寮
Q,11,0722,中寮,中寮
Q,11,0726,頂潭,
Q,11,0727,頂潭,頂潭
Q,11,0732,施厝寮,
Q,11,0733,施厝寮,施家
Q,11,0734,施厝寮,施厝
Q,11,0713,龜佛山,
Q,11,0716,龜佛山,龜山
Q,11,0715,龜佛山,竹山
Q,11,0714,龜佛山,重劃
Q,11,0897,鹿西,
Q,11,0898,鹿南,
Q,11,0896,鹿北,
Q,12,0737,太保,
Q,12,0739,太保,太保
Q,12,0738,太保重劃,
Q,12,0842,嘉保,
Q,12,0846,祥和,
Q,12,0847,後庄,
Q,12,0743,新埤,
Q,12,0744,新埤,新埤
Q,12,0747,溪南,
Q,12,0748,溪南,溪南
Q,12,0771,白鴿厝,
Q,12,0773,白鴿厝,白鴿
Q,12,0774,白鴿厝,白鴿厝
Q,12,0772,白鴿厝,白鴿厝重劃
Q,12,0740,東勢寮,
Q,12,0742,東勢寮,東勢
Q,12,0754,崙子頂,
Q,12,0756,崙子頂,崙頂
Q,12,0755,崙子頂,崙子頂重劃
Q,12,0752,茄苳腳,
Q,12,0753,茄苳腳,春珠
Q,12,0848,南珠,
Q,12,0777,埔心,
Q,12,0778,埔心,埔心
Q,12,0749,後潭,
Q,12,0750,後潭,後潭
Q,12,0751,後潭,下庄
Q,12,0849,龍潭,
Q,12,0850,民福,
Q,12,0745,田尾,
Q,12,0746,田尾,田尾
Q,12,0757,頂港子墘,
Q,12,0758,頂港子墘,頂港
Q,12,0759,頂港子墘,安仁
Q,12,0775,梅子厝,
Q,12,0776,梅子厝,梅厝
Q,12,0851,梅花,
Q,12,0767,管事厝,
Q,12,0770,管事厝,管厝
Q,12,0769,管事厝,港尾
Q,12,0764,埤麻腳,
Q,12,0766,埤麻腳,埤鄉
Q,12,0765,埤麻腳重劃,
Q,12,0760,水虞厝,
Q,12,0854,東新,
Q,12,0855,北新,
Q,12,0856,嘉新,
Q,12,0857,南新,
Q,12,0858,麻寮,
Q,12,0859,嘉太,
Q,12,0762,過溝,
Q,12,0763,過溝,過溝
Q,12,0761,過溝,工業
Q,12,0892,太頂珠,
Q,13,0789,柳子林,
Q,13,0790,柳子林,柳林
Q,13,0781,崎子頭,
Q,13,0782,崎子頭,崎子頭
Q,13,0783,十一指厝,
Q,13,0785,十一指厝,龍德
Q,13,0784,十一指厝,順興
Q,13,0837,十一指厝,圳西
Q,13,0787,外溪洲,
Q,13,0788,外溪洲,溪洲
Q,13,0779,水上,
Q,13,0780,水上,水上
Q,13,0786,南靖,
Q,13,0838,南靖,南和
Q,13,0804,粗溪,
Q,13,0805,粗溪,粗溪
Q,13,0806,下寮,
Q,13,0807,下寮,下寮
Q,13,0798,巷口,
Q,13,0799,巷口,巷口
Q,13,0808,番子寮,
Q,13,0809,牛稠埔,
Q,13,0810,三界埔,
Q,13,0791,大堀尾,
Q,13,0792,大堀尾,大堀
Q,13,0793,大堀尾,堀尾
Q,13,0794,大堀尾,江竹
Q,13,0800,大崙,
Q,13,0803,大崙,新興
Q,13,0801,大崙,重劃
Q,13,0802,大崙,大崙
Q,13,0795,下塗溝,
Q,13,0797,下塗溝,下塗溝
Q,13,0796,下塗溝,重劃
Q,13,0843,水東,
Q,13,0844,水西,
Q,13,0845,水南,
Q,13,0885,和雲,
Q,13,0886,仁安,
Q,13,0887,柳鄉,
Q,13,0888,柳林,
Q,13,0889,柳新,
Q,13,0890,民生,
Q,13,0891,寬士,
Q,13,0893,北回,
Q,13,0894,三和,
Q,13,0895,下寮新,
Q,14,0811,中埔,
Q,14,0826,龍山腳,
Q,14,0827,石,
Q,14,0829,頂埔,
Q,14,0818,白芒埔,
Q,14,0817,柚子宅,
Q,14,0828,深坑,
Q,14,0830,三層崎,
Q,14,0819,竹頭崎,
Q,14,0831,凍子腳,
Q,14,0832,中崙,
Q,14,0814,塩舘,
Q,14,0816,石頭厝,
Q,14,0822,頂六,赤蘭埔
Q,14,0820,頂六,頂中下街
Q,14,0821,頂六,興化
Q,14,0823,下六,公
Q,14,0824,下六,司公
Q,14,0861,北興,
Q,14,0862,中興,
Q,14,0863,和睦,
Q,14,0864,佳興,
Q,14,0865,光興,
Q,14,0866,和興,
Q,14,0867,和溪,
Q,14,0813,枋樹腳,
Q,14,0812,樹頭埔,
Q,14,0825,社口,
Q,14,0815,灣潭子,
Q,14,0877,和美,
Q,14,0879,大義,
Q,14,0878,忠義,
Q,14,0880,王爺,
Q,14,0881,田寮,
Q,14,0882,金蘭,
Q,14,0883,護生,
Q,14,0884,富收,
Q,14,1700,隆興,
Q,14,1701,吳鳳廟,
Q,14,0899,義仁,
Q,15,0911,獅子頭,
Q,15,0961,桃北,
Q,15,0962,公館,
Q,15,0900,竹崎,
Q,15,0953,真武,
Q,15,0952,公園,
Q,15,0954,和平,
Q,15,0903,緞厝寮,
Q,15,0902,覆金,
Q,15,0909,金獅寮,
Q,15,0914,糞箕湖,
Q,15,0967,頂茄苳,
Q,15,0905,沙坑,
Q,15,0958,復原莊,
Q,15,0959,水坑,
Q,15,0960,木柵寮,
Q,15,0901,瓦厝埔,
Q,15,0913,子科,
Q,15,0912,山子門,
Q,15,0910,番子潭,
Q,15,0908,樟樹坪,
Q,15,0904,鹿麻產,
Q,15,0956,鹿滿,
Q,15,0955,溪心,
Q,15,0906,灣橋,
Q,15,0907,內埔子,
Q,15,0968,永和,
Q,15,0969,烏土堀,
Q,15,0992,灣北,
Q,15,0993,灣中,
Q,15,0994,五間厝,
Q,15,0995,崎腳,
Q,15,0998,昇平,
Q,15,0999,紫雲,
Q,15,0997,內埔,
Q,16,0920,圳頭,
Q,16,0919,大草埔,
Q,16,0918,大半天寮,
Q,16,0923,生毛樹,
Q,16,0924,科子林,
Q,16,0970,石濁溪,
Q,16,0971,冷水坑,
Q,16,0921,大坪,
Q,16,0916,雙溪,
Q,16,0957,雙梅,
Q,16,0925,過山,
Q,16,0926,過山,過山
Q,16,0922,龍眼林,
Q,16,0917,九芎坑,
Q,16,0927,梅東,
Q,16,0928,梅南,
Q,16,0929,梅北,
Q,17,0930,番路,
Q,17,0931,番路,番路
Q,17,0938,下坑,
Q,17,0932,內甕,
Q,17,0933,轆子腳,
Q,17,0934,轆子腳,轆子腳
Q,17,0935,大湖,
Q,17,0937,草山,
Q,17,0936,公田,
Q,17,0972,內腦寮,
Q,17,0973,鹿窟,
Q,17,0974,朝天,
Q,17,0975,石壁腳,
Q,17,0976,永興,
Q,18,0833,大埔,
Q,18,0852,埔北,
Q,18,0853,埔南,
Q,18,0834,柳藤潭,
Q,18,0868,頂坪林,
Q,18,0869,石面桶,
Q,18,0870,馬頭山,
Q,18,0871,石崁頂,
Q,18,0872,水寮,
Q,18,0873,射免潭,
Q,18,0874,沙米箕,
Q,18,0875,王萊坑,
Q,18,0876,溪頭,
Q,19,0948,豊山,
Q,19,0946,來吉,
Q,19,0996,來吉,拉拉吉
Q,19,0939,樂野,
Q,19,0963,樂野,拉拉吾雅
Q,19,0943,特富野,
Q,19,0947,達邦,
Q,19,0941,里佳,
Q,19,0940,山美,
Q,19,0944,南美,
Q,19,0942,新美,
Q,19,0945,茶山,
Q,19,0949,萬歲,
Q,19,0951,福山,
Q,19,0950,十字,
Q,19,0964,塔塔加,
Q,19,0965,水山,
Q,19,0966,霞山,
Q,19,0991,棚機,
Q,19,0989,茶西,
Q,19,0990,山美西,
Q,19,0984,雪峰北,
Q,19,0985,雪峰南,
Q,19,0986,多陽,
Q,19,0987,扶蓉,
Q,19,0988,鱉頭,
Q,19,0983,多林,
Q,19,0982,千人,
Q,19,0981,眠猴,
Q,19,0980,石夢谷,
Q,19,0979,塔山,
Q,19,0978,平遮,
Q,19,0977,阿里山,
Q,02,1443,大德興,
Q,07,0616,潭大,
Q,07,0615,六興,
Q,07,0614,新月眉潭,
Q,02,1444,溪口,
Q,02,1445,仁和,
Q,18,1702,豬稠湖,
Q,17,1000,番仔寮,
Q,02,0200,朴子,
Q,05,0618,豐收,
Q,05,0617,東湖,
Q,14,1704,埔美,
Q,14,1703,埔東,
Q,15,1003,新水坑,
Q,17,1001,石腳桶,
Q,17,1002,崩山仔,
Q,12,1709,埤鄉,
Q,15,1004,三寶山,
Q,14,1705,石子胡,
Q,18,1706,南寮,
Q,18,1707,埔東,
Q,18,1708,草嶺,
Q,13,1710,新大崙,
Q,09,1446,慈安,
Q,09,1447,網寮,
Q,09,1448,新掌潭,
Q,13,1711,靖和,
Q,13,1712,溪洲,
Q,13,1713,溪安,
Q,13,1714,中庄,
Q,13,1715,忠和,
Q,03,1454,過溝新,
Q,13,1716,新番子寮,
Q,13,1717,義興,
Q,17,1005,八掌,
Q,17,1006,外腦寮,
Q,17,1007,隙頂,
Q,17,1017,南下坑,
Q,17,1018,北下坑,
Q,19,1008,達拿巴瓦娜,
Q,19,1009,米斯基亞娜,
Q,19,1010,諾有札,
Q,19,1011,嘎娜烏,
Q,19,1012,烏茲娜,
Q,19,1013,有伊亞娜,
Q,19,1014,貴央,
Q,19,1015,杜突蘇,
Q,19,1016,巴亞發,
Q,09,1455,富安,
Q,09,1456,型厝,
Q,09,1457,塭港新,
Q,09,1458,三塊厝新,
Q,09,1459,屯子頭新,
Q,09,1460,東石,
Q,04,0619,大工一,
Q,04,0620,新大埔美,
Q,04,0621,西結,
Q,05,0622,秀林,
Q,14,1718,安家厝,
Q,14,1719,隆恩,
Q,14,1720,檨仔林,
Q,02,1449,大鄉,
Q,02,1450,大葛,
Q,05,0623,大崎,
Q,05,0624,新庄,
Q,11,1721,後麻,
Q,11,1722,三角,
Q,11,1723,重寮,
Q,11,1724,松山,
Q,07,0625,復興,
Q,07,0626,埤子,
Q,07,0627,新後庄,
Q,07,0628,板頭,
Q,07,0629,水仙,
Q,12,1725,埤麻,
Q,12,1726,新舊埤,
Q,04,0630,大工二,
Q,02,1461,新庄新,
Q,08,1462,竹子腳新,
Q,08,1463,魚寮,
Q,08,1464,港尾寮新,
Q,08,1465,六斗,
Q,14,1730,中庄仔,
Q,10,1466,和順,
Q,13,1728,江堀,
Q,13,1729,粗溪新,
Q,13,1732,龍德,
Q,13,1733,新三界埔,
Q,10,1468,新店新,
Q,10,1467,埤前,
Q,12,1734,安仁,
Q,11,1727,鹿工,
Q,11,1735,下潭新,
Q,11,1736,頂潭新,
Q,11,1737,後寮新,
Q,11,1738,龜佛山新,
Q,10,1469,義竹新,
Q,10,1470,北港子新,
Q,10,1470,幸福後鎮,
Q,05,0631,中菁,
Q,05,0632,中央,
Q,06,0633,疊溪,
Q,11,1739,施厝,
Q,11,1740,山下,
Q,03,1470,貴舍新,
Q,04,0634,中林新,
Q,04,0635,頂員林新,
Q,04,0636,沙崙,
Q,04,0637,頂林頭,
Q,11,1741,鎮平,
R,01,0001,新營,
R,01,0002,王公廟,
R,01,0003,茄苳腳,
R,01,0004,下角帶圍,
R,01,0005,許丑,
R,01,0006,埤寮,
R,01,0007,後鎮,
R,01,0008,土庫,
R,01,0009,卯舍,
R,01,0010,鐵線橋,
R,01,0011,秀才,
R,01,0012,姑爺,
R,01,0013,舊庄,
R,01,0014,太子宮,太子宮
R,01,0015,太子宮,埤子底
R,01,0016,太子宮,竹圍子
R,01,0052,嘉芳,
R,01,0054,茄苳,
R,01,0055,南紙,
R,01,0056,太子,
R,01,0079,新東,
R,01,0084,建國,
R,01,0085,長榮,
R,01,0086,三德,
R,01,0087,王公,
R,01,0088,新生,
R,01,0089,忠政,
R,01,0091,新泰,
R,01,0092,延平,
R,01,0093,濟安,
R,01,0094,真武,
R,01,0095,南興,
R,01,0096,復興,
R,01,0097,新富,
R,01,0098,新榮,
R,01,0099,華城,
R,01,0100,新電,
R,01,0101,新興,
R,01,0102,北紙,
R,01,0103,武賢,
R,01,0104,三民,
R,01,0106,大公,
R,01,0107,民生,
R,01,0108,東興,
R,01,0109,東學,
R,01,0110,大同,
R,01,0111,綠川,
R,01,0112,民族,
R,01,0113,三興,
R,01,0114,民權,
R,01,0115,永生,
R,01,0116,興安,
R,01,0117,興業,
R,01,0118,民治,
R,01,0119,南新,
R,01,0120,育德,
R,01,0122,土安,
R,01,0123,新民,
R,01,0124,新北,
R,02,0017,鹽水,
R,02,0019,番子厝,
R,02,0020,田寮,
R,02,0021,飯店,
R,02,0022,南竹子腳,
R,02,0023,天保厝,
R,02,0024,頭港,
R,02,0026,北竹子腳,菜公堂
R,02,0027,北竹子腳,上帝廟
R,02,0028,溪洲寮,頂溪洲
R,02,0029,溪洲寮,下溪洲
R,02,0031,岸內,蔦松腳
R,02,0032,岸內,汫水港
R,02,0033,下中,下中
R,02,0034,下中,牛稠子
R,02,0035,舊營,舊營
R,02,0036,舊營,後寮
R,02,0037,孫厝寮,孫厝寮
R,02,0038,孫厝寮,番子寮
R,02,0053,竹圍尾,
R,02,0059,下林,
R,02,0060,大埔,
R,02,0061,岸南,
R,02,0062,忠義,
R,02,0067,水秀,
R,02,0068,北門,
R,02,0069,朝琴,
R,02,0070,新岸,
R,02,0071,武廟,
R,02,0072,義稠,
R,02,0074,月港,
R,02,0075,月津,
R,02,0076,後厝,
R,02,0077,南門,
R,02,0078,仁愛,
R,03,0200,永安,
R,03,0201,中興,
R,03,0202,新興,
R,03,0203,長安,
R,03,0204,頂秀祐,
R,03,0205,下秀祐,
R,03,0206,糞箕湖,糞箕湖
R,03,0207,糞箕湖,木屐寮
R,03,0208,崁子頭,
R,03,0209,六重溪,
R,03,0210,關子嶺,
R,03,0211,白水溪,
R,03,0212,海豐厝,
R,03,0213,大排竹,
R,03,0216,竹子門,
R,03,0217,埤子頭,埤子頭
R,03,0218,埤子頭,五汴頭
R,03,0219,馬稠後,
R,03,0249,玉豐,
R,03,0250,詔安,
R,03,0251,蓮潭,一
R,03,0252,內角,
R,03,0253,草店,
R,03,0254,關帝,
R,03,0257,河東,
R,03,0262,保生,
R,03,0272,大桐,
R,03,0281,國泰,
R,03,0288,嶺頂,
R,03,0289,溫泉,
R,03,0290,仙草,
R,04,0039,橋南,
R,04,0040,路東,
R,04,0041,五軍營,
R,04,0042,太康,
R,04,0043,果毅後,
R,04,0044,新厝,
R,04,0045,大腳腿,
R,04,0046,小腳腿,
R,04,0047,山子腳,
R,04,0048,柳營,柳營
R,04,0049,柳營,溫厝
R,04,0050,八老爺,八老爺
R,04,0051,八老爺,半路店
R,04,0057,旭山,
R,04,0058,八翁,
R,04,0063,東昇,
R,04,0064,柳中,
R,04,0065,柳南,
R,04,0066,士林,
R,04,0073,人和,
R,04,0080,雙和,
R,04,0081,平和,
R,04,0082,新厝,北安
R,04,0083,大山,
R,04,0105,代天,
R,04,0121,義士,
R,05,0220,上茄苳,上茄苳
R,05,0221,上茄苳,後壁寮
R,05,0222,土溝,
R,05,0223,下茄苳,
R,05,0224,本協,
R,05,0225,安溪寮,頂寮
R,05,0226,安溪寮,下寮
R,05,0227,烏樹林,
R,05,0228,菁寮,
R,05,0229,崩埤,
R,05,0230,白沙屯,
R,05,0231,長短樹,
R,05,0232,新港東,新港東
R,05,0233,新港東,茄苳子
R,05,0234,竹圍後,
R,05,0263,嘉田,
R,05,0264,嘉安,
R,05,0265,嘉泰,
R,05,0266,嘉民,
R,05,0267,侯伯,
R,05,0268,頭前,
R,05,0269,南海,
R,05,0270,新溝,
R,05,0271,嘉苳,
R,05,0273,頂中,
R,05,0274,福安,
R,05,0275,四安,
R,05,0276,道場,
R,05,0277,頂豐,
R,05,0278,新東,
R,05,0279,竹新,
R,05,0282,魚寮,
R,05,0283,頂平,
R,05,0284,仕安,
R,05,0286,新協,
R,05,0287,烏樹,
R,06,0235,東山,
R,06,0236,大客,大庄
R,06,0237,大客,科里
R,06,0238,大客,枋子林
R,06,0239,許秀才,
R,06,0240,田尾,
R,06,0241,頂窩,
R,06,0242,吉貝耍,
R,06,0243,牛肉崎,
R,06,0244,二重溪,
R,06,0245,番子嶺,
R,06,0246,前大埔,
R,06,0247,崎子頭,
R,06,0248,下南勢,
R,06,0258,東興,
R,06,0259,東正,
R,06,0260,東中,
R,06,0261,東安,
R,06,0280,茄苓九湖,
R,06,0285,頂田,
R,07,0300,麻豆,
R,07,0301,北勢寮,
R,07,0302,大山腳,
R,07,0303,埤頭,
R,07,0304,寮子,
R,07,0305,溝子墘,
R,07,0306,磚子井,
R,07,0307,安業,
R,07,0308,謝厝寮,
R,07,0309,麻豆口,
R,07,0310,海埔,
R,07,0311,港子尾,
R,07,0352,港埔,
R,07,0353,莊禮,
R,07,0354,大埕,
R,07,0355,榖興,
R,07,0356,中興,
R,07,0357,新建,
R,07,0358,興農,
R,07,0359,安正,
R,07,0360,朝天,
R,07,0361,南寮,
R,07,0362,營後,
R,07,0373,油車,
R,07,0374,東角,
R,07,0375,保安,
R,07,0376,晉江,
R,07,0377,巷口,
R,07,0378,龍泉,
R,07,0379,文正,
R,07,0380,五王,
R,07,0381,南勢,
R,07,0382,興國,
R,08,0312,下營,
R,08,0313,茅港尾,
R,08,0314,麻豆寮,
R,08,0315,十六甲,
R,08,0316,大屯寮,
R,08,0367,營中,
R,08,0368,營南,
R,08,0369,營平,
R,08,0370,營安,
R,08,0371,營和,
R,08,0372,營正,
R,08,0389,仁里,
R,08,0390,營前,
R,08,0391,新興,
R,09,0317,六甲,
R,09,0318,七甲,
R,09,0319,二甲,
R,09,0320,水漆林,
R,09,0321,中社,
R,09,0322,港子頭,
R,09,0323,龜子港,
R,09,0324,林鳳營,
R,09,0325,菁埔,
R,09,0326,王爺宮,
R,09,0327,水流東,
R,09,0328,九重橋,
R,09,0329,大丘園,
R,09,0330,南勢坑,
R,09,0363,岩埤,
R,09,0383,保生,
R,09,0384,甲東,
R,09,0385,民族,
R,09,0386,民生,
R,09,0387,忠孝,
R,09,0388,甲南,
R,09,0393,民權,
R,09,0394,水林,
R,10,0331,官田,
R,10,0332,中,
R,10,0333,烏山頭,
R,10,0334,角秀,
R,10,0335,二鎮,
R,10,0336,二鎮,二鎮
R,10,0337,拔子林,
R,10,0338,笨潭,
R,10,0339,三結義,
R,10,0340,番子田,
R,10,0341,雙溪子,
R,10,0342,社子,
R,10,0343,三塊厝,
R,10,0344,番子渡頭,
R,10,0345,南,
R,10,0346,西庄,
R,10,0364,嘉南,
R,10,0365,永安,
R,10,0366,官中,
R,11,0347,大內,
R,11,0348,蒙正,
R,11,0349,頭社,
R,11,0350,嗚頭,
R,11,0351,二重溪,
R,11,0392,環湖,
R,12,0500,佳里,
R,12,0502,子良廟,
R,12,0503,新宅,
R,12,0505,下營,
R,12,0506,番子寮,
R,12,0507,塭子內,
R,12,0555,永昌,
R,12,0556,三協,
R,12,0557,子龍,
R,12,0558,佳化,
R,12,0559,興化,
R,12,0560,禮化,
R,12,0561,民安,
R,12,0562,蚶寮,
R,12,0563,營頂,
R,12,0564,後庄,
R,12,0565,港墘,
R,12,0566,通興,
R,12,0567,龍安,
R,12,0580,龍昌,
R,12,0581,永興,
R,12,0588,六安,
R,12,0589,東勢角,
R,12,0590,北文,
R,12,0591,潭墘,
R,12,0592,忠孝南,
R,12,0593,安西,
R,12,0594,育善,
R,12,0595,佛天,
R,12,0612,仁愛,
R,12,0613,佳果,
R,12,0614,九龍,
R,12,0615,佳南,
R,12,0616,建南,
R,12,0617,廣安,
R,12,0639,文化,
R,12,0642,鎮安,
R,13,0508,西港,
R,13,0509,南海埔,
R,13,0510,中州,
R,13,0511,劉厝,
R,13,0512,下宅子,
R,13,0513,大塭寮,
R,13,0514,後營,
R,13,0515,八分,
R,13,0516,檨子林,
R,13,0568,金砂,
R,13,0618,慶安,
R,13,0619,南海,
R,13,0620,港南,
R,13,0638,双營,
R,14,0517,七股,
R,14,0518,十分塭,
R,14,0519,大寮,
R,14,0520,七十二分,
R,14,0521,頂山子,
R,14,0522,後港,
R,14,0523,樹子腳,
R,14,0524,三股子,
R,14,0525,城子內,
R,14,0526,下山子寮,
R,14,0527,篤加,
R,14,0528,竹子港,
R,14,0529,新生,
R,14,0569,大文,
R,14,0570,三合,
R,14,0571,大埕,
R,14,0572,十一份,
R,14,0573,看坪,
R,14,0574,義合,
R,14,0575,樹林,
R,14,0582,竹橋,
R,14,0583,榔,
R,14,0624,乾成,
R,14,0637,龍山,
R,14,0640,十份,
R,15,0530,將軍,
R,15,0531,將軍,一
R,15,0533,巷口,一
R,15,0534,巷口,二
R,15,0536,漚汪,東甲
R,15,0537,漚汪,北甲
R,15,0538,漚汪,西甲
R,15,0539,漚汪,中甲
R,15,0540,口寮,
R,15,0541,山子腳,
R,15,0542,角帶圍,
R,15,0544,苓子寮,一
R,15,0576,保源,
R,15,0577,嘉昌,
R,15,0578,忠興,
R,15,0621,長榮,
R,15,0622,中社,
R,15,0625,忠昌,
R,15,0626,國中,
R,15,0627,西華,
R,15,0628,西和,
R,15,0629,西湖,
R,16,0546,蚵寮,
R,16,0547,渡子頭,
R,16,0548,溪底寮,二重港
R,16,0549,溪底寮,三寮灣
R,16,0579,雙春,
R,16,0603,仁里,
R,16,0623,中樞,
R,16,0630,舊埕,
R,16,0631,永隆,
R,16,0632,玉港,
R,16,0633,保吉,
R,16,0634,保安,
R,16,0635,鯤江,
R,16,0636,麗湖,
R,17,0550,學甲,
R,17,0551,學甲寮,
R,17,0552,溪洲子寮,
R,17,0553,中洲,
R,17,0554,宅子港,
R,17,0584,草,
R,17,0585,大灣,
R,17,0587,平東,
R,17,0596,普濟,
R,17,0597,興太,
R,17,0598,文衡,
R,17,0599,慈濟,
R,17,0600,集和,
R,17,0601,光明,
R,17,0602,西進,
R,17,0604,興業,
R,17,0605,東陽,
R,17,0606,東興,
R,17,0607,興善,
R,17,0608,仁得,
R,17,0609,欣榮,
R,17,0610,信義,
R,17,0611,育英,
R,18,0700,新化,太子廟
R,18,0701,新化,王公廟
R,18,0702,新化,觀音廟
R,18,0703,唪口,
R,18,0704,北勢,
R,18,0705,洋子,
R,18,0706,竹子腳,
R,18,0707,崙子頂,
R,18,0708,知母義,
R,18,0709,頂山腳,
R,18,0710,大坑尾,
R,18,0711,？拔林,
R,18,0712,礁坑子,
R,18,0762,永新,
R,18,0772,新平,
R,18,0773,新國,
R,18,0774,新太,
R,18,0775,新音,
R,18,0776,新興,
R,18,0777,新水,
R,18,0779,新東,
R,18,0780,新義,
R,18,0781,新安,
R,18,0782,新武,
R,18,0783,新豐,
R,19,0713,善化,
R,19,0714,曾文,
R,19,0715,東勢寮,
R,19,0716,東勢寮,一
R,19,0717,東勢寮,二
R,19,0718,北子店,
R,19,0719,北子店,一
R,19,0720,北子店,二
R,19,0721,茄拔,
R,19,0722,茄拔,一
R,19,0723,茄拔,二
R,19,0724,小新營,
R,19,0725,坐駕,
R,19,0726,六分寮,
R,19,0727,胡厝寮,
R,19,0763,善成,
R,19,0764,善駕,
R,19,0765,善中,
R,19,0766,善文,
R,19,0767,善昌,
R,19,0768,善南,
R,19,0769,善西,
R,19,0790,善進,
R,19,0796,善科,
R,19,0800,善晶,
R,19,0802,善新,
R,20,0728,新市,
R,20,0729,新店,
R,20,0730,社內,
R,20,0731,番子寮,
R,20,0732,三舍,
R,20,0733,道爺,
R,20,0734,看西,
R,20,0735,橋頭,
R,20,0736,大洲,
R,20,0737,港子墘,
R,20,0738,大營,
R,20,0739,大社,
R,20,0740,潭頂,
R,20,0761,永就,
R,20,0770,東大社,
R,20,0771,東潭頂,
R,20,0797,新科,
R,20,0799,新晶,
R,20,0801,營新,
R,20,0803,三民,
R,20,0804,華美,
R,21,0741,安定,
R,21,0742,蘇厝,
R,21,0743,港子尾,
R,21,0744,港口,
R,21,0745,六塊寮,
R,21,0746,管寮,
R,21,0747,海寮,
R,21,0748,新吉,
R,21,0778,中榮,
R,21,0791,蘇林,
R,21,0792,蘇興,
R,21,0793,蘇安,
R,21,0794,保安,
R,21,0795,保加,
R,21,0798,安科,
R,22,0749,山上,
R,22,0750,北勢洲,
R,22,0751,牛稠埔,
R,22,0752,石子崎,
R,22,0753,豐德,
R,22,0784,明北,
R,22,0785,媽祖,
R,22,0786,玉二,
R,22,0787,樹王,
R,22,0788,明南,
R,22,0789,大新,
R,23,1000,玉井,
R,23,1001,鹿陶,
R,23,1003,沙子田,
R,23,1004,三埔,
R,23,1005,芒子芒,
R,23,1006,九層林,
R,23,1007,口宵里,
R,23,1025,玉中,
R,23,1026,玉田,
R,23,1027,玉南,
R,23,1028,玉成,
R,23,1029,玄天,
R,23,1030,佛聖,
R,23,1031,中正,
R,23,1032,福德,
R,23,1033,玉興,
R,23,1034,沙坑,
R,23,1055,坑內,
R,24,1008,楠西,
R,24,1009,密枝,
R,24,1010,灣丘,
R,24,1011,鹿陶洋,
R,24,1012,龜丹,
R,24,1013,？萊宅,
R,24,1021,中興,
R,24,1022,東勢,
R,24,1023,楠中,
R,24,1024,埔尾,
R,24,1035,溫泉,
R,24,1036,出水,
R,24,1037,炭寮,
R,24,1044,二層坪,
R,24,1045,巖仔頂,
R,24,1046,鳳梨園,
R,24,1056,双溪,
R,24,1057,東勢坑,
R,25,1014,南化,
R,25,1015,中坑,
R,25,1016,菁埔寮,
R,25,1017,竹頭崎,
R,25,1018,北寮,
R,25,1019,西阿里關,
R,25,1020,西大丘園,
R,25,1038,雙連,
R,25,1039,平坑,
R,25,1040,龍眼林,
R,25,1041,水井,
R,25,1042,番仔坑,
R,25,1043,鹽水坑,
R,25,1047,石屋,
R,25,1048,大竹坑,
R,25,1049,北勢,
R,25,1050,飯包,
R,25,1051,麒麟,
R,25,1052,大邱,
R,25,1053,圓山,
R,25,1054,古董,
R,26,0754,左鎮,
R,26,0755,菜寮,
R,26,0756,山豹,
R,26,0757,岡子林,
R,26,0758,草山,
R,26,0759,內庄子,
R,26,0760,光和,
R,27,0900,仁德,
R,27,0901,一甲,
R,27,0902,太子廟,
R,27,0903,新田,
R,27,0904,崁腳,
R,27,0905,田厝,
R,27,0906,上崙子,
R,27,0907,港墘,
R,27,0908,中洲,
R,27,0909,牛稠子,
R,27,0910,十三甲,
R,27,0911,車路墘,
R,27,0912,三甲子,
R,27,0913,大甲,
R,27,0914,二橋,
R,27,0953,保安,
R,27,0960,中正,
R,27,0961,仁義,
R,27,0962,鍾厝,
R,27,0963,興安,
R,27,0964,崙尾,
R,27,0965,林頂,
R,27,0966,義林,
R,27,0967,岳王,
R,27,0968,大宅,
R,27,0969,長興,
R,27,0970,土庫,
R,27,0971,太子,
R,27,0972,太乙,
R,27,0973,崙中,
R,27,0974,白崙,
R,27,0975,後壁,
R,27,0976,民安,
R,27,0977,二王,
R,27,0978,德南,
R,27,0979,德崙,
R,27,0980,甘厝,
R,27,0981,虎山,
R,27,0983,城光,
R,27,0985,如意,
R,27,0986,上崙,
R,27,0987,中軍,
R,27,0988,崑崙,
R,27,0989,神農,
R,27,0990,太新,
R,27,0991,正義,
R,27,0992,忠義,
R,27,0993,中清,
R,27,0994,林仔,
R,27,0995,勝利,
R,27,0996,公園,
R,27,0997,健康,
R,27,1200,新工,
R,27,1201,南勢園,
R,27,1202,牛稠,
R,27,1203,二空,
R,28,0915,歸仁南,
R,28,0916,歸仁北,
R,28,0917,崙子頂,
R,28,0918,沙崙,
R,28,0919,大苓,
R,28,0920,林子邊,
R,28,0921,刣豬厝,
R,28,0922,大潭,
R,28,0923,八甲,
R,28,0924,媽祖廟,
R,28,0925,媽祖廟,一
R,28,0926,媽祖廟,二
R,28,0927,媽祖廟,三
R,28,0954,文化,
R,28,0955,清水,
R,28,0956,中山,
R,28,0957,民權,
R,28,0958,大同,
R,28,0959,南興,
R,28,0982,南潭,
R,28,0984,武東,
R,28,0998,成功,
R,28,0999,大成,
R,28,1204,昭德,
R,28,1205,八甲西,
R,28,1206,八甲東,
R,29,0929,新埔,
R,29,0930,五甲,
R,29,0931,深坑子,
R,29,0932,龜洞,
R,29,0933,布袋尾,
R,29,0934,埤子頭,
R,29,0935,下湖,
R,29,0940,北花,
R,29,0941,南花,
R,29,0942,松腳,
R,29,0943,東勢,
R,29,0944,四甲,
R,29,0945,南雄,
R,29,0946,忠孝,
R,29,0947,北勢,
R,29,0948,仁愛,
R,29,0949,香洋,
R,29,0950,山西,
R,29,0951,文衡,
R,29,0952,民生,
R,30,0936,番社,
R,30,0937,中坑子,
R,30,0938,龍船,
R,30,0939,崎頂,
R,31,1100,永康,
R,31,1101,網寮,
R,31,1102,蜈蜞潭,
R,31,1103,蔦松,
R,31,1104,三崁店,
R,31,1105,鹽行,
R,31,1106,六甲頂,
R,31,1107,大灣,
R,31,1108,西勢,
R,31,1109,西勢,一
R,31,1111,王田,
R,31,1112,車行,
R,31,1114,南新,
R,31,1115,南工,
R,31,1116,五王,
R,31,1117,六合,
R,31,1118,兵北,
R,31,1120,信義,
R,31,1121,忠孝,
R,31,1122,仁愛,
R,31,1123,中興,
R,31,1124,成功,
R,31,1125,兵南,
R,31,1126,勝利,
R,31,1128,頂東,
R,31,1129,頂中,
R,31,1130,頂南,
R,31,1131,頂安,
R,31,1132,頂溪,
R,31,1133,頂西,
R,31,1134,鹽東,
R,31,1135,鹽西,
R,31,1136,鹽南,
R,31,1137,鹽北,
R,31,1138,鹽中,
R,31,1139,永信,
R,31,1140,永和,
R,31,1141,永華,
R,31,1142,永仁,
R,31,1143,永興,
R,31,1144,永中,
R,31,1145,東橋,
R,31,1146,二王,
R,31,1147,永二,
R,31,1148,文化,
R,31,1149,建國,
R,31,1150,橋北,
R,31,1151,永大,
R,31,1152,北灣,
R,31,1153,中灣,
R,31,1154,國聖,
R,31,1155,東灣,
R,31,1156,西灣,
R,31,1157,頭前,
R,31,1158,北極,
R,31,1159,南灣,
R,31,1160,東南,
R,31,1161,禹帝,
R,31,1162,鹽埕,
R,31,1163,三村,
R,31,1164,鹽新,
R,31,1165,永保,
R,31,1166,安康,
R,31,1167,正強,
R,31,1168,永強,
R,31,1169,四維,
R,31,1170,自強,
R,31,1171,亞太,
R,31,1172,保生,
R,31,1173,埔園,
R,31,1174,埔北,
R,01,0125,新橋,
R,01,0126,德隆,
R,04,0127,綠隧,
R,04,0128,重溪,
R,04,0129,篤農,
R,07,0395,國中,
R,08,0396,光明,
R,08,0397,信義,
R,09,0396,光明,
R,09,0397,信義,
R,09,0398,和平,
R,09,0399,成功,
R,05,0291,新嘉,
R,06,0292,東河,
R,25,1058,頭份,
R,25,1059,北安,
R,27,1207,車頭,
R,27,1028,文賢,
R,27,1209,和愛,
R,27,1010,二仁,
S,01,0215,赤山,
S,01,0218,文山,
S,01,0219,文英,
S,01,0216,牛潮埔,
S,01,0220,北門,
S,01,0205,新庄子,
S,01,0206,道爺,
S,01,0207,道爺,下菜園
S,01,0210,新甲,
S,01,0208,七老爺,
S,01,0209,七老爺,一甲
S,16,0860,觀音,
S,01,0201,鳳山,大老衙
S,01,0203,鳳山,草店尾
S,01,0202,鳳山,火房口
S,01,0200,鳳山,縣口
S,01,0211,五甲,
S,01,0212,五甲,牛寮
S,01,0217,埤頂,
S,01,0204,竹子,
S,01,0213,灣子頭,
S,01,0214,過埤子,
S,02,0222,鳥松,
S,02,0224,崎子,
S,02,0221,山子,
S,02,0223,夢裡,
S,02,0225,大腳腿,
S,02,0226,坔埔,
S,02,0228,田草埔,
S,02,0227,十九灣,
S,02,0609,夢清,
S,02,0604,長庚,
S,02,0602,鳳松,
S,02,0603,山水,
S,02,0605,圓山,
S,02,0607,青雲,
S,02,0606,大華,
S,02,0608,林內,
S,02,0612,美山,
S,02,0613,美德,
S,02,0614,華美,
S,02,0615,仁美,
S,02,0616,仁和,
S,02,0617,育英,
S,02,0618,育才,
S,02,0619,大同,
S,02,0620,大德,
S,03,0233,灣子內,
S,03,0229,前埔厝,
S,03,0244,大灣,
S,03,0231,蛇子形,
S,03,0235,五塊厝,
S,03,0234,竹子門,
S,03,0237,新庄,
S,03,0243,八卦寮,
S,03,0236,赤山子,
S,03,0232,考潭,
S,03,0242,後庄子,
S,03,0238,仁武,
S,03,0239,仁武,潭底園
S,03,0240,仁武,埤寮子
S,03,0241,仁武,工業區
S,03,0230,烏材林,
S,03,0245,仁春,
S,03,0246,仁德,
S,03,0247,仁營,
S,03,0248,竹後,
S,03,0601,竹園,
S,03,0600,仁新,
S,03,0610,澄清,
S,03,0611,仁雄,
S,03,0621,澄潭,
S,04,0252,大社,
S,04,0253,三奶壇,
S,04,0251,保舍甲,
S,04,0254,林子邊,
S,04,0250,蜈蜞潭,
S,04,0249,牛食坑,
S,04,0259,興工,
S,04,0257,興農,
S,04,0258,翠屏,
S,04,0260,保安,
S,04,0256,大安,
S,04,0255,中里,
S,05,0264,大樹,
S,05,0263,檨子腳,
S,05,0266,九曲堂,
S,05,0265,小坪頂,
S,05,0267,無水寮,
S,05,0262,姑婆寮,
S,05,0261,溪埔,
S,05,0294,永豐,
S,05,0295,中興,
S,05,0296,東隆,
S,05,0298,曹公,
S,05,0297,湖底,
S,05,0300,新興,
S,05,0301,九曲,
S,05,0302,維新,
S,06,0270,山子頂,
S,06,0269,翁公園,
S,06,0272,大寮,
S,06,0273,大寮,芎蕉
S,06,0271,拷潭,
S,06,0274,赤崁,
S,06,0275,赤崁,潮州寮
S,06,0268,磚子,
S,06,0289,會社,
S,06,0290,永芳,
S,06,0291,內厝,
S,06,0293,內湖,
S,06,0292,水源,
S,06,0299,內坑,
S,06,0303,義和,
S,06,0304,義堂,
S,08,0284,林子邊,
S,08,0278,溪州,
S,08,0276,汕尾,
S,08,0283,潭頭,
S,08,0277,中芸,
S,08,0281,王公廟,
S,08,0282,王公廟,苦苓
S,08,0279,港子埔,
S,08,0280,港子埔,中坑門
S,08,0285,林園,
S,08,0288,頂厝,
S,08,0286,鳳芸,
S,08,0287,中汕,
S,09,0001,岡山,
S,09,0002,前峰,
S,09,0003,後協,
S,09,0007,後紅,
S,09,0014,港口崙,
S,09,0010,五甲尾,
S,09,0012,灣子內,
S,09,0006,台上,
S,09,0015,石螺潭,
S,09,0005,街尾崙,
S,09,0013,本洲,
S,09,0008,大寮,
S,09,0011,前峰子,
S,09,0009,子,
S,09,0004,白米,
S,09,0016,程香,
S,09,0019,大公,
S,09,0018,大紅,
S,09,0020,大全,
S,09,0021,文化,
S,09,0017,大勇,
S,09,0022,大仁,
S,09,0023,大智,
S,09,0024,大智,協和
S,09,0095,陽明,
S,09,0094,介壽,
S,09,0093,協榮,
S,09,0096,劉厝,
S,09,0099,富貴,
S,09,0097,成功,
S,09,0098,竹圍,
S,09,0102,嘉興,
S,09,0103,為隨,
S,09,0101,華興,
S,09,0100,華崗,
S,09,0113,下竹圍,
S,10,0026,頂茄萣,
S,10,0025,砂崙,
S,10,0027,崎漏,
S,10,0810,福東,
S,10,0811,福西,
S,10,0809,白雲,
S,10,0812,白砂,
S,10,0813,賜福,
S,10,0814,保萣,
S,10,0815,嘉萣,
S,10,0816,雙萣,
S,10,0817,成功,
S,10,0818,正順,
S,11,0029,竹子港,
S,11,0028,烏樹林,
S,11,0030,舊港口,
S,12,0033,橋子頭,
S,12,0034,仕隆,
S,12,0038,白樹子,
S,12,0035,九甲圍,
S,12,0037,五里林,
S,12,0032,林子頭,
S,12,0031,中崎,
S,12,0106,橋南,
S,12,0107,橋北,
S,12,0104,仕豐,
S,12,0105,仕興,
S,12,0112,仕和,
S,12,0111,興樹,
S,12,0110,建樹,
S,12,0109,德松,
S,12,0108,筆秀,
S,13,0039,梓官,
S,13,0040,大舍甲,
S,13,0042,赤崁,
S,13,0041,茄苳坑,
S,13,0043,頂蚵子寮,
S,13,0114,梓信,
S,13,0115,中崙,
S,13,0116,梓平,
S,13,0117,公,
S,13,0118,梓中,
S,13,0119,梓和,
S,13,0120,梓義,
S,14,0044,田寮,
S,14,0047,牛稠埔,
S,14,0048,狗氳氤,
S,14,0046,水蛙潭,
S,14,0049,打鹿埔,
S,14,0050,古亭坑,
S,14,0045,南安老,
S,15,0056,阿蓮,
S,15,0055,土庫,
S,15,0053,崙子頂,
S,15,0057,九鬮,
S,15,0054,崗山營,
S,15,0051,中路,
S,15,0052,石案潭,
S,15,0801,南蓮,
S,15,0800,北蓮,
S,15,0803,青蓮,
S,15,0802,和蓮,
S,16,0063,路竹,
S,16,0059,一甲,
S,16,0064,大社,
S,16,0065,鴨母寮,
S,16,0068,後鄉,
S,16,0066,三爺埤,
S,16,0062,下社,
S,16,0067,北嶺乾,
S,16,0069,竹滬,
S,16,0060,新園,
S,16,0061,下坑,
S,16,0058,營後,
S,16,0808,保安,
S,16,0807,竹南,
S,16,0806,竹西,
S,16,0804,文北,
S,16,0805,文南,
S,17,0073,援巢中,
S,17,0075,援巢右,
S,17,0074,竹子,
S,17,0077,吊雞林,
S,17,0084,尖山,
S,17,0081,面前埔,
S,17,0078,滾水,
S,17,0079,滾水坪,
S,17,0076,瓊子林,
S,17,0082,中路林,
S,17,0070,千秋寮,
S,17,0080,角宿,
S,17,0072,湖子內,
S,17,0083,鳳山厝,
S,17,0071,深水,
S,18,0087,彌陀,
S,18,0085,鹽埕,
S,18,0088,漯底,
S,18,0086,海尾,
S,19,0091,海埔,
S,19,0092,圍子內,
S,19,0090,湖內,
S,19,0089,大湖,
S,20,0400,旗山,
S,20,0401,北勢,
S,20,0405,旗尾,
S,20,0406,手巾寮,
S,20,0404,碡坑,
S,20,0403,溪洲,
S,20,0402,圓潭子,
S,20,0466,旗南,
S,20,0465,大德,
S,20,0467,太平,
S,20,0464,中華,
S,20,0470,竹峰,
S,20,0469,旗文,
S,20,0468,永和,
S,20,0471,頭林,
S,21,0409,新威,
S,21,0408,土灣,
S,21,0407,六龜,
S,21,0410,新開,
S,21,0411,荖濃,
S,22,0416,腳帛寮,
S,22,0415,中埔,
S,22,0414,觀音亭,
S,22,0418,東勢埔,
S,22,0419,木柵,
S,22,0417,內埔,
S,22,0413,萊子坑,
S,22,0412,溝坪,
S,23,0420,美濃,
S,23,0421,中壇,
S,23,0425,竹頭角,
S,23,0424,龍肚,
S,23,0422,金瓜寮,
S,23,0423,吉洋,
S,23,0459,中興,
S,23,0460,德興,
S,23,0463,清水,
S,23,0462,吉東,
S,23,0461,龍中,
S,24,0430,月眉,
S,24,0429,新庄,
S,24,0428,十張,
S,24,0427,茄苳湖,
S,24,0426,杉林,
S,25,0431,東阿里關,
S,25,0432,東大邱園,
S,25,0472,甲仙,
S,25,0473,公館,
S,26,0433,茂林,
S,26,0434,萬山,
S,26,0435,多納,
S,27,0436,天池,
S,27,0437,檜谷,
S,27,0438,禮觀,
S,27,0439,梅山,
S,27,0440,樟山,
S,27,0441,復興,
S,27,0442,梅蘭,
S,27,0452,美蘭,
S,27,0443,勤和,
S,27,0444,桃源,
S,27,0445,舊社,
S,27,0446,高中,
S,27,0447,馬里,
S,27,0448,藤枝,
S,27,0449,寶山,
S,27,0450,建山,
S,27,0451,樂樂,
S,28,0453,南沙魯,
S,28,0454,瑪雅,
S,28,0455,達卡努瓦,
S,28,0456,古墨樂,
S,28,0457,瀰富羅,
S,28,0458,瀰漓扎實,
S,09,0121,嘉潭,
S,01,0307,過埤,
S,01,0308,頂庄,
S,01,0306,建軍,
S,16,0826,竹東,
S,16,0821,社東,
S,16,0824,社中,
S,16,0820,新興,
S,16,0822,復興,
S,16,0827,中興,
S,16,0823,大同,
S,16,0825,智仁,
S,06,0311,昭明,
S,06,0309,義仁,
S,06,0310,義勇,
S,27,1003,拉庫,
S,23,0474,龍東,
S,03,0622,文武,
S,19,0828,明宗,
S,19,0829,中山,
S,01,0305,中崙,
S,23,0475,中圳,
S,23,0476,雙峰,
S,23,0477,泰安,
S,23,0478,東門,
S,23,0479,合和,
S,23,0480,美中,
S,05,0312,大庄,
S,05,0313,埔尾,
S,05,0316,大樹新吉,
S,05,0314,土角厝,
S,05,0315,大樹保安,
S,05,0346,坪頂,
S,16,0861,立德,
S,23,0481,美光,
S,23,0482,永平,
S,23,0483,瀰濃,
S,23,0485,福美,
S,23,0486,福安,
S,23,0484,崇雲,
S,03,0624,金鼎,
S,17,0125,燕中,
S,17,0126,燕東,
S,17,0127,燕西,
S,17,0128,燕南,
S,17,0129,燕北,
S,17,0130,安招,
S,17,0131,安東,
S,17,0132,安西,
S,17,0133,安南,
S,17,0134,安北,
S,09,0124,文心,
S,15,0831,東蓮,
S,12,0123,橋中,
S,21,1000,龍興,
S,21,1002,文武,
S,21,1001,義寶,
S,19,0833,福安,
S,19,0834,武功,
S,19,0837,自強,
S,19,0835,清水,
S,15,0838,崑崙,
S,15,0839,青安,
S,18,0135,彌港,
S,18,0136,安港,
S,18,0137,鹽港,
S,18,0138,港口,
S,09,0122,鹽埔,
S,19,0832,東方,
S,19,0836,慈濟,
S,12,0139,樹德,
S,03,0623,赤南,
S,03,0626,瑞鴻,
S,18,0141,靖和,
S,18,0144,彌海,
S,18,0142,四村,
S,18,0145,南庄,
S,18,0140,仁壽,
S,18,0143,山頂,
S,02,0625,大德,一
S,19,0840,玉湖,
S,19,0841,碧湖,
S,19,0842,普濟,
S,19,0843,寧靖,
S,19,0844,工專,
S,19,0845,長壽,
S,15,0830,玉庫,
S,06,0329,永芳壹,
S,06,0325,中庄北,
S,03,0630,北屋,
S,03,0627,草潭,
S,03,0629,豐禾,
S,03,0628,八德,
S,03,0632,後港,
S,03,0631,慈惠,
S,06,0328,琉球,
S,06,0327,翁園,
S,06,0322,後庄,
S,06,0323,江山,
S,19,0846,民生,
S,06,0324,溪寮,
S,01,0321,明頂,
S,06,0326,中庄南,
S,01,0317,鳳甲,
S,01,0320,四甲,
S,01,0318,二甲,
S,01,0319,三甲,
S,02,0633,觀湖,
S,06,0334,仁德,
S,09,0147,岡工,
S,03,0634,澄觀,
S,01,0330,田中央,
S,01,0331,園尾,
S,01,0332,灣頭,
S,08,0333,林中,
S,27,1004,多尾,
S,27,1005,六溪,
S,27,1006,拉夫,
S,27,1020,安東,
S,27,1019,馬江,
S,27,1018,玉東,
S,27,1017,來山,
S,27,1016,三叉,
S,27,1015,南雙,
S,27,1014,雲峰,
S,27,1013,玉德,
S,27,1012,南面,
S,27,1011,東丸,
S,27,1010,玉南,
S,27,1009,楠溪,
S,27,1008,九溪,
S,27,1007,八溪,
S,27,1021,鹿山,
S,16,0847,忠孝,
S,16,0848,聖母,
S,16,0850,中華,
S,16,0849,華山,
S,16,0851,華正,
S,17,0151,瓊西,
S,17,0152,瓊安,
S,17,0149,瓊中,
S,17,0150,瓊興,
S,17,0148,瓊東,
S,17,0153,北角宿,
S,17,0154,南角宿,
S,17,0155,代天府,
S,17,0156,觀水,
S,17,0157,海城,
S,17,0158,中安,
S,21,1060,不老,
S,20,0497,廣福,
S,20,0498,十八份,
S,28,0493,托亞奇伊,
S,28,0494,達梧芒,
S,28,0495,可包娃,
S,28,0496,得樂富絲,
S,06,0338,前庄,
S,06,0337,後壁寮,
S,01,0335,鳳頂,
S,09,0160,灣裡,
S,09,0159,台安,
S,24,0487,井角,
S,01,0336,寮頂,
S,01,0339,大貝湖,
S,25,0492,油礦,
S,25,0489,大竹,
S,25,0488,出火,
S,25,0490,獻肚,
S,25,0491,班芝埔,
S,01,0341,華英,
S,06,0340,民新,
S,21,1061,寶來,
S,26,1022,扇平,
S,26,1023,達魯伴,
S,26,1024,老納,
S,26,1025,達魯巴令,
S,26,1026,沙古吾,
S,26,1027,沙古拉,
S,26,1028,達克車,
S,26,1029,卡布諾幹,
S,26,1045,達戶,
S,27,1030,呼頌,
S,27,1031,阿朗,
S,27,1032,烏瑪斯,
S,27,1033,哈力路,
S,27,1034,阿莉絲,
S,27,1035,達亥,
S,27,1036,比沙路,
S,27,1037,巴拉戶,
S,27,1038,伊比,
S,27,1039,阿莉,
S,27,1040,勞翁,
S,27,1041,阿姆樂,
S,27,1042,妮姆,
S,27,1043,媽訝,
S,27,1044,達妮芙,
S,27,1046,阿併,
S,27,1047,烏力,
S,27,1048,伊斯坦大,
S,27,1049,基伴,
S,27,1050,莎妮,
S,27,1051,達卡鬧,
S,27,1052,拉瑪達,
S,27,1053,慕拉絲,
S,27,1054,阿力曼,
S,27,1055,布妮,
S,27,1056,書帕利,
S,27,1057,拉伕朗,
S,27,1058,巴力,
S,27,1059,伊斯里斷,
S,03,0635,永仁,
S,19,0852,正義,
S,20,0499,半,
S,09,0162,灣裡西,
S,17,0161,燕新,
S,06,0342,開封,
S,09,0163,新本洲,
S,03,0637,暘善,
S,03,0636,綠園,
S,04,0647,清福,
S,03,0639,仁龍,
S,04,0652,鹽埕,
S,03,0644,霞海,
S,23,1064,泰中,
S,03,0643,善德,
S,04,0651,觀音山,
S,05,0355,水安,
S,06,1210,伍厝,
S,06,1209,黃厝,
S,01,0347,正義,
S,25,0504,中園,
S,23,1066,吉安,
S,13,0176,赤慈,
S,16,0862,金平,
S,23,1065,成功,
S,05,0349,竹寮,
S,16,0855,新達,
S,22,0503,光興段,
S,22,0502,內豐段,
S,04,0648,萬金,
S,03,0640,灣勢,
S,09,0164,忠誠,
S,03,0641,灣北,
S,03,0642,永和,
S,09,0165,福潭,
S,03,0645,後港西,
S,06,1202,邱厝坪,
S,16,0854,北嶺,
S,06,1201,王厝,
S,17,0173,鳳龍段,
S,06,1203,明善,
S,13,0170,赤東,
S,13,0167,新甲,
S,09,0166,嘉旺,
S,05,0344,水寮,
S,21,1062,新發,
S,22,0500,紫竹,
S,13,0169,赤崁新,
S,17,0172,鳳雄,
S,17,0171,興龍,
S,09,0174,岡科,
S,11,0175,永科,
S,16,0859,路科,
S,10,0856,興達,
S,19,0853,天福,
S,01,0343,過勇,
S,02,0638,正修,
S,15,0857,德宜,
S,22,0501,菜公坑,
S,08,1206,柚子腳,
S,06,1205,水廠,
S,06,1204,潭平,
S,23,1063,龜山,
S,06,1200,六合,
S,13,0168,新興,
S,16,0858,三爺,
S,06,1207,潭鳳,
S,12,0146,後壁田,
S,20,0505,東昌,
S,01,0348,南華,
S,02,0649,學園,
S,01,0350,鳳翔,
S,20,0509,東平,
S,20,0508,南溪洲,
S,20,0506,北溪洲,
S,20,0507,中溪洲,
S,13,0177,蚵寮,
S,16,0863,東安,
S,06,1211,潮寮北,
S,06,1212,潮寮南,
S,03,0654,烏林,
S,23,1072,吉和,
S,27,1067,鳳崗,
S,26,1068,卡達納,
S,26,1069,道尼格,
S,01,0351,文雅,
S,05,0357,新溪埔,
S,27,1076,米珠歌伊,
S,27,1073,馬舒嘩,
S,27,1074,塔拉葛渣泥,
S,27,1075,埋阿打啊呼,
S,26,1070,達拉美麗,
S,26,1071,伯樂伯樂,
S,08,1208,田中央,
S,01,0356,青年,
S,03,0646,澄德,
S,03,0650,澄合,
S,02,0653,同心,
S,20,0512,大洲,
S,12,0179,芋林,
S,05,0360,洲仔,
S,06,1213,會結北,
S,06,1214,會結南,
S,20,0511,大山,
S,16,0864,大仁,
S,02,0655,松埔,
S,25,0513,四德,
S,21,1083,和平,
S,23,1081,新吉洋,
S,23,1082,新龍肚,
S,23,1084,靈光,
S,26,1077,阿查伴,
S,26,1078,足抓了,
S,26,1079,伊贊,
S,12,0036,頂田,
S,22,0510,烏山,
S,21,1080,邦復,
S,21,1093,寶美,
S,21,1094,美崙,
S,21,1095,花,
S,21,1096,葫蘆谷,
S,21,1097,津鳳,
S,21,1098,合興,
S,21,1099,九華,
S,21,1100,彩蝶,
S,21,1101,羅漢,
S,01,0345,華鳳,
S,01,0359,瑞興,
S,14,0865,大崗山,
S,28,0514,達那烏茲,
S,28,0515,瀰瀰離,
S,28,0516,阿里外,
S,27,1085,瑪蘇希嚕,
S,27,1086,嘎那唔,
S,27,1087,布那斯,
S,27,1088,達唔古拉,
S,27,1089,撒拉望,
S,27,1090,巴里杜布,
S,27,1091,瑪拉斯,
S,27,1092,點當安,
S,01,0358,鳳西,
S,02,0657,仁愛,
S,12,0180,樹林,
S,20,0517,三和,
S,06,1218,新厝南,
S,06,1215,林內,
S,06,1216,新庄,
S,06,1217,新厝北,
S,20,0518,廣溪,
S,20,0519,匏仔湖,
S,21,1102,長生,
S,16,0866,環球,
S,05,0363,福德,
S,05,0362,興田,
S,04,0658,圳觀,
S,01,0353,頂新,
S,09,0178,大德,
S,12,0181,三仙,
S,12,0182,鹽塭,
S,12,0183,甲圍,
S,12,0184,新莊,
S,06,1219,上寮北,
S,06,1220,上寮南,
S,06,1221,頂寮,
S,06,1222,三隆,
S,20,0531,圓富,
S,24,0520,上平,
S,24,0521,月美,
S,24,0522,月光山,
S,28,0523,拉祖魯鞥,
S,28,0524,吧杜地巴利,
S,28,0525,昂娃那,
S,28,0526,那都魯薩,
S,28,0527,扎棧達威吉,
S,28,0528,達魯粽,
S,28,0529,卡那富,
S,28,0530,那布妮亞,
S,03,0656,新赤山,
S,03,0660,澄合,商五
S,03,0663,新赤山,商九
S,03,0668,大昌,
S,03,0669,仁勇,
S,04,0664,嘉誠,
S,04,0665,保甲,
S,04,0666,保社,
S,04,0667,林邊,
S,02,0670,灣裡,
S,02,0671,埔嶺,
S,02,0672,大丘園,
S,02,0673,大竹,
S,01,0361,文福,
S,01,0364,福誠,
S,01,0366,頂宏,
S,05,0365,水廠,
S,05,0367,興山,
S,05,0368,新水安,
S,03,0674,新後港西,
S,16,0868,竹園,
S,16,0869,福善,
S,21,1103,水冬瓜,
S,21,1108,中庄,
S,23,1104,尖山,
S,23,1105,黃蝶,
S,23,1106,雙溪,
S,23,1107,茶頂,
S,02,0659,大埤,
S,02,0661,神農,
S,02,0662,育仁,
T,01,0001,文明,一
T,01,0002,文明,二
T,01,0003,文明,三
T,01,0004,大埔,一
T,01,0005,大埔,二
T,01,0006,大埔,三
T,01,0007,楠樹腳,一
T,01,0008,楠樹腳,二
T,01,0009,崇蘭,
T,01,0010,崇蘭,一
T,01,0011,新街,一
T,01,0012,新街,二
T,01,0013,新街,三
T,01,0014,和平,
T,01,0015,舊街,一
T,01,0016,舊街,二
T,01,0017,舊街,三
T,01,0018,公園,一
T,01,0019,公園,二
T,01,0020,公園,三
T,01,0021,六塊厝,
T,01,0022,公館,
T,01,0023,溝美,
T,01,0024,街頭,一
T,01,0025,街頭,二
T,01,0026,街頭,三
T,01,0027,街頭,四
T,01,0028,街頭,五
T,01,0029,街頭,六
T,01,0030,勝興,
T,01,0031,福光,
T,01,0032,前進,
T,01,0033,歸來,
T,01,0034,頭前溪,
T,01,0035,檳榔腳,一
T,01,0036,檳榔腳,二
T,01,0037,林子內,
T,01,0038,大湖,
T,01,0039,海豐,
T,01,0040,海豊,一
T,01,0041,斯文,
T,01,0042,北勢,
T,01,0043,水源,
T,01,0044,水源,一
T,01,0045,水源,二
T,01,0046,大連,
T,01,0047,復興,
T,01,0048,明正,
T,01,0049,灰,
T,01,0050,潭墘,
T,01,0051,民和,
T,01,0052,大同,
T,01,0053,新生,
T,01,0054,歸仁,
T,01,0055,民生,
T,01,0056,清溪,
T,01,0057,瑞光,
T,01,0058,香揚,
T,01,0059,花園,
T,01,0060,林內,
T,01,0061,洛陽,
T,01,0062,新興,
T,01,0063,長春,
T,01,0064,建國,
T,01,0065,新屏,
T,01,0066,勝利,
T,01,0068,溝仔尾,
T,01,0069,萬年,
T,01,0086,長治段,
T,01,0110,豐田,
T,01,0111,溝美,一
T,01,0131,大湖,一
T,01,0134,大慶,
T,01,0135,玉成,
T,01,0146,豐年,
T,01,0147,忠孝,
T,01,0148,和生,
T,01,0159,凌雲,
T,01,0160,廣興,
T,01,0162,豐田,一
T,01,0163,正安,
T,01,0164,古松,
T,01,0165,大鵬,
T,01,0166,雲鵬,
T,01,0167,公勤,
T,01,0170,北勢,一
T,01,0175,福正,
T,01,0176,歸義,
T,01,0178,大春,
T,01,0179,頂柳,
T,01,0180,中柳,
T,01,0182,龍華,
T,01,0184,公興,
T,01,0185,新歸來,
T,01,0187,和興,
T,01,0188,金城,
T,01,0189,信興,
T,01,0191,香揚,一
T,01,0192,新海豐,
T,01,0193,三山,
T,01,0194,信和,
T,01,0199,新勝興,
T,01,1709,北興,
T,01,1713,舊酒廠,
T,02,0300,潮州,
T,02,0301,五魁寮,
T,02,0302,八老爺,
T,02,0303,崙子頂,
T,02,0304,檨子腳,
T,02,0305,四林,
T,02,0306,四林,一
T,02,0307,興美,
T,02,0391,五魁寮,一
T,02,0392,五魁寮,二
T,02,0439,五福,
T,02,0441,蓬萊,
T,02,0442,榮田,
T,02,0443,五魁,
T,02,0444,三星,
T,02,0445,中山,
T,02,0446,光華,
T,02,0448,四春,
T,02,0449,四塊厝,
T,02,0450,林後,
T,02,0451,明崙,
T,02,0452,崙東,
T,02,0453,崙潮,
T,02,0454,崙新,
T,02,0455,檨興,
T,02,0456,富春,
T,02,0479,愛國,
T,02,0480,建基,
T,02,0481,華興,
T,02,0482,潮中,
T,02,0490,三共,
T,02,0491,國中,
T,02,0492,延平,
T,02,0493,新五魁,
T,02,1510,新生,
T,02,1511,新榮,
T,02,1512,永春,
T,02,1513,明德,
T,02,1514,新光華,
T,02,1515,中洲,
T,02,1516,大同,
T,02,1517,光春,
T,02,1525,劉厝庄,
T,02,1526,八爺,
T,03,0500,東港,
T,03,0501,新街,
T,03,0502,大潭新,
T,03,0503,下,
T,03,0504,三西和,
T,03,0505,內關帝,
T,03,0506,南屏,
T,03,0575,新忠,
T,03,0576,新孝,
T,03,0577,新仁,
T,03,0578,新愛,
T,03,0579,新信,
T,03,0580,龍帝,
T,03,0581,新帝,
T,03,0582,關帝,
T,03,0583,東新,
T,03,0584,船頭,
T,03,0585,大東,
T,03,0586,嘉南,
T,03,1000,新義,
T,03,1001,大鵬,
T,03,1003,新和,
T,03,1013,大潭新庄,
T,03,1014,大埔,
T,03,1015,三和,
T,03,1023,建安,
T,03,1028,超峰,
T,03,1034,三隆,
T,03,1035,嘉新,
T,03,1036,豐海,
T,03,1037,盛海,
T,03,1038,興盛,
T,04,0600,恆春,
T,04,0601,山腳,
T,04,0603,鼻子頭,
T,04,0604,龍泉水,
T,04,0605,鵝鑾鼻,
T,04,0606,水泉,
T,04,0608,大平頂,上大平頂
T,04,0609,大平頂,下大平頂
T,04,0612,大樹房,
T,04,0659,鵝鑾鼻,一
T,04,0660,山腳,一
T,04,0661,鵝鑾鼻,二
T,04,0667,新厝,
T,04,0668,機場,
T,04,0669,五里亭,
T,04,0670,宣化,
T,04,0671,大埔,
T,04,0672,草埔,
T,04,0673,公順,
T,04,0674,西門,
T,04,0675,僑勇,
T,04,0681,恆東,
T,04,0682,恆西,
T,04,0683,恆南,
T,04,0685,大潭,
T,04,0688,白石坑,
T,04,0689,三台山,
T,04,0690,出火,
T,04,0721,墾丁,
T,04,0726,鵝鑾,
T,04,0727,後壁湖,
T,04,0728,大光,
T,04,0729,城西,
T,04,0730,城南,
T,04,0731,城北,
T,04,0732,湖內,
T,04,0733,德和,
T,04,0734,下水泉,
T,05,0070,萬丹,
T,05,0071,萬丹,一
T,05,0072,社皮,
T,05,0075,頂林子,
T,05,0076,頂林子,一
T,05,0077,興化,
T,05,0078,保長厝,
T,05,0080,萬新,
T,05,0082,新庄子,
T,05,0083,甘棠門,
T,05,0084,甘棠門,一
T,05,0085,磚寮,
T,05,0106,新鐘,
T,05,0107,新林,
T,05,0108,新安,
T,05,0109,新全,
T,05,0112,萬興,
T,05,0113,崙頂,
T,05,0114,田厝,
T,05,0115,社安,
T,05,0116,香社,
T,05,0117,灣內,
T,05,0118,萬後段,
T,05,0119,萬全,
T,05,0120,萬安,
T,05,0121,萬生,
T,05,0122,萬惠,
T,05,0123,寶厝,
T,05,0124,水泉,
T,05,0125,新福,
T,05,0132,社上,
T,05,0133,廣安,
T,05,0136,社北,
T,05,0137,社西,
T,05,0149,頂新,
T,05,0150,竹林,
T,05,0158,水仙,
T,05,0169,竹圍,
T,05,0181,頂竹,
T,05,0183,新社皮,
T,05,0186,上磚寮,
T,06,0086,長治,
T,06,0087,長興,
T,06,0088,長興,一
T,06,0089,德協,
T,06,0090,番子寮,
T,06,0091,華榮,
T,06,0151,長豐,
T,06,0152,新潭,
T,06,0153,永興,
T,06,0154,潭頭,
T,06,0155,崑崙,
T,06,0156,香潭,
T,06,0157,進興,
T,06,0168,榮興,
T,06,0171,榮華,
T,06,0177,農科,
T,06,0195,德華,
T,06,0196,德榮,
T,06,0197,竹葉林,
T,06,0198,復興,
T,06,1700,昌榮,
T,06,1701,協華,
T,06,1702,繁華,
T,06,1703,興華,
T,06,1704,繁昌,
T,06,1705,水源,
T,06,1707,繁興,
T,06,1708,華錦,
T,07,0092,麟洛,
T,07,0093,麟洛,一
T,07,0138,麟忠,
T,07,0139,麟孝,
T,07,0140,麟仁,
T,07,0141,麟愛,
T,07,0142,麟信,
T,07,0143,麟義,
T,07,0144,麟和,
T,07,0145,麟平,
T,07,0172,玄聖,
T,07,0173,農場,
T,07,0174,徑仔,
T,08,0094,玉水,
T,08,0095,九如,
T,08,0096,九清,
T,08,0097,三塊厝,
T,08,0098,九塊,
T,08,0099,後庄,
T,08,0100,耆老,
T,08,0101,東寧,
T,08,0102,彭厝,
T,08,0103,彭厝,一
T,08,0104,下冷水坑,
T,08,0105,下冷水坑,一
T,08,0126,九智,
T,08,0127,九仁,
T,08,0128,九勇,
T,08,0129,九和,
T,08,0130,九平,
T,08,0161,下冷水坑,二
T,08,0190,九彭,
T,08,1706,九堤,
T,08,1710,玉泉,
T,08,1711,惠農,
T,08,1712,東庄,
T,09,0201,土庫,
T,09,0202,大港洋,
T,09,0203,武洛,
T,09,0204,塔樓,
T,09,0205,瀰力肚,
T,09,0206,三張,
T,09,0207,中崙,
T,09,0236,鐵店,
T,09,0237,春林,
T,09,0238,永春,
T,09,0239,過江,
T,09,0240,里平,
T,09,0241,玉田,
T,09,0242,潮北,
T,09,0248,定國,
T,09,0276,新土庫,
T,09,0277,中萬甲,
T,09,0278,中和,
T,09,1344,磚仔地,
T,09,1345,茄苳腳,
T,10,0208,鹽埔,
T,10,0209,新圍,
T,10,0210,彭厝,
T,10,0249,新二,
T,10,0250,新德,
T,10,0251,新高,
T,10,0252,維新,
T,10,0253,鹽南,
T,10,0254,鹽中,
T,10,0255,鹽北,
T,10,0274,高朗,
T,10,0275,新莊,
T,10,0279,彭新,
T,10,0280,彭北,
T,10,1321,仕絨,
T,10,1322,民意,
T,10,1323,鹽東,
T,10,1328,振興,
T,10,1329,久愛,
T,10,1330,高華,
T,10,1331,大仁東,
T,10,1332,大仁,
T,10,1333,彭南,
T,10,1334,洛陽,
T,10,1335,上洛陽,
T,10,1336,永隆,
T,10,1337,振北,
T,10,1338,興愛,
T,11,0211,高樹,
T,11,0212,舊寮,
T,11,0213,東振新,
T,11,0214,埔崙,
T,11,0215,田子,
T,11,0216,阿拔泉,
T,11,0217,加蚋埔,
T,11,0218,大路關,舊大路關
T,11,0219,大路關,新大路關
T,11,0243,豐源,
T,11,0244,南興,
T,11,0245,興中,
T,11,0246,長榮,
T,11,0256,新南,
T,11,1324,源泉,
T,11,1325,田庄,
T,11,1326,泰山,
T,11,1327,泰和,
T,11,1339,新田子,
T,11,1340,新泰山,
T,11,1341,南華,
T,11,1342,石獅公,
T,11,1343,廣興,
T,11,1346,新日,
T,11,1347,原田子,
T,11,1348,埔田,
T,12,0308,萬巒,
T,12,0309,四溝水,
T,12,0310,五溝水,
T,12,0311,赤山,
T,12,0312,赤山,一小段
T,12,0313,新厝,
T,12,0314,新厝,一
T,12,0315,佳佐,
T,12,0316,佳佐,一
T,12,0472,新置段,
T,12,0476,萬全,
T,12,0477,官倉,
T,12,0478,萬和,
T,12,1519,民生,
T,12,1520,佳和,
T,12,1521,頭溝水,
T,12,1522,鹿寮,
T,12,1523,見月,
T,12,1524,新和,
T,12,1529,永慶,
T,12,1530,西盛,
T,12,1531,大林,
T,12,1532,德勝,
T,12,1533,新庄,
T,12,1534,柑園,
T,12,1535,成德,
T,12,1536,三民,
T,12,1537,牛角灣,
T,12,1538,萬金,
T,12,1539,赤新,
T,12,1540,富山,
T,12,1541,新農,
T,13,0317,內埔,
T,13,0318,忠心崙,
T,13,0319,老東勢,
T,13,0320,新東勢,
T,13,0321,新北勢,
T,13,0322,老埤,
T,13,0323,犁頭鏢,
T,13,0324,隘寮,
T,13,0326,龍泉,
T,13,0327,新埔,
T,13,0328,美和,
T,13,0388,新豐,
T,13,0415,壽比,
T,13,0416,興義,
T,13,0417,文化,
T,13,0418,光明,
T,13,0419,廣濟,
T,13,0420,學人,
T,13,0421,和興,
T,13,0422,富田,
T,13,0425,早角,
T,13,0426,龍頸,
T,13,0427,北寧,
T,13,0428,南寧,
T,13,0429,東寧,
T,13,0430,內田,
T,13,0431,復興,
T,13,0432,上龍泉,
T,13,0433,龍潭,
T,13,0434,昭勝,
T,13,0435,中勝,
T,13,0436,大新,
T,13,0437,中林,
T,13,0438,鴻德,
T,13,0460,圳頭,
T,13,0461,大興,
T,13,0462,建興,
T,13,0463,豐田,
T,13,0464,振豐,
T,13,0465,佳山,
T,13,0466,水門風景,
T,13,1518,上東勢,
T,13,1542,東勢,
T,13,1543,大和,
T,13,1544,農場,
T,14,0329,竹田,
T,14,0332,南勢,一
T,14,0333,西勢,
T,14,0334,鳳山厝,
T,14,0335,溝子墘,
T,14,0336,新田,
T,14,0337,新勢,
T,14,0338,竹南,
T,14,0339,美崙,
T,14,0393,鳳明,
T,14,0414,竹鳳,
T,14,0423,溝子墘,一
T,14,0424,竹鳳,一
T,14,0440,鳳新,
T,14,0467,過溝,
T,14,0468,六巷,
T,14,0469,頓物段,
T,14,0470,神農段,
T,14,0471,水源段,
T,14,1527,新街,
T,14,1528,竹洲,
T,15,0340,新埤,
T,15,0341,打鐵,
T,15,0342,建功,
T,15,0343,南岸,
T,15,0344,餉潭段,
T,15,0345,糞箕湖,
T,15,0346,新力,
T,15,0411,新東,
T,15,0412,新華,
T,15,0413,新南,
T,15,0473,海豐,
T,15,0474,萬隆,
T,15,0475,上萬安,
T,16,0347,枋寮,枋寮
T,16,0348,枋寮,北勢寮
T,16,0349,水底寮,
T,16,0350,大響營,
T,16,0351,大響營,一
T,16,0352,大響營,二
T,16,0353,北旗尾,
T,16,0354,番子崙,
T,16,0355,大庄,
T,16,0356,新開,
T,16,0357,內寮,
T,16,0389,東海,
T,16,0390,屏南,
T,16,0394,建興,
T,16,0395,新龍,
T,16,0396,德興,
T,16,0397,中山,
T,16,0398,隆山,
T,16,0399,保生,
T,16,0400,高田,
T,16,0401,北勢,
T,16,0402,中寮,
T,16,0406,天時,
T,16,0407,地利,
T,16,0408,人和,
T,16,0409,中華,
T,16,0410,沿海,
T,16,0819,南山,
T,16,0820,北玄,
T,16,0857,海鷗,
T,16,0862,新地,
T,16,0864,太源,
T,16,0866,內寮村,
T,16,0867,新開村,
T,16,0868,三民,
T,16,0869,隆山北,
T,16,0870,飛地,
T,16,0872,隆安,
T,16,0873,金榮,
T,16,0874,靶場,
T,17,0507,新園,
T,17,0508,仙公廟,
T,17,0509,仙公廟,一
T,17,0510,田洋子,
T,17,0511,瓦子,
T,17,0512,新吉,
T,17,0513,新洋,
T,17,0514,五房州,
T,17,0515,烏龍,
T,17,0516,新利,
T,17,0544,新洋,一
T,17,0557,南龍,
T,17,0558,興龍,
T,17,0559,新生,
T,17,0560,五族,
T,17,0561,鹽龍,
T,17,0562,鹽埔,
T,17,0563,鹽洲,
T,17,0564,共和,
T,17,0565,鹽新,
T,17,0566,烏龍,一
T,17,1004,新南,
T,17,1005,港西,
T,17,1006,上烏龍,
T,17,1007,興厝,
T,17,1008,中興,
T,17,1009,中洲,
T,17,1010,仙吉,
T,17,1011,仙隆,
T,17,1012,新東,
T,17,1018,新房,
T,17,1019,五龍,
T,17,1020,港墘,
T,17,1021,新堤,
T,17,1022,五房,
T,18,0517,崁頂,
T,18,0518,崁頂,一
T,18,0519,過溪子,
T,18,0520,洲子,
T,18,0521,力社,
T,18,0587,頂忠,
T,18,0588,頂孝,
T,18,0589,頂仁,
T,18,0590,頂愛,
T,18,0591,頂信,
T,18,0592,頂義,
T,18,0593,頂和,
T,18,0594,頂安,
T,18,1032,港東,
T,18,1033,越溪,
T,19,0522,林邊,
T,19,0523,田墘厝,
T,19,0524,田墘庴,放索
T,19,0525,竹子腳,
T,19,0526,子口,
T,19,0547,復興,
T,19,0548,東林,
T,19,0549,光林,
T,19,0550,鎮林,
T,19,0551,永樂,
T,19,0552,中林,
T,19,0553,仁和,
T,19,0554,塭岸,
T,19,0555,富田,
T,19,1002,崎峰,
T,19,1024,銀放索,
T,19,1025,成功,
T,19,1026,鎮安,
T,19,1027,內庄,
T,19,1029,竹林,
T,19,1030,下庄,
T,20,0527,溪州,
T,20,0528,溪州,一
T,20,0529,七塊厝,
T,20,0530,牛埔,
T,20,0531,車路墘,
T,20,0532,巷子內,
T,20,0533,濫頭,
T,20,0595,七塊,
T,20,0596,萬華,
T,20,0597,南州,
T,20,0598,南糖,
T,20,0599,米崙,
T,20,1016,壽元,
T,20,1017,三千,
T,20,1031,同安,
T,21,0534,佳冬,
T,21,0535,佳和,
T,21,0536,塭豐,
T,21,0537,石光見,
T,21,0538,昌隆,
T,21,0539,大武丁,
T,21,0540,武丁潭,
T,21,0541,下埔頭,
T,21,0542,羌園,
T,21,0546,屏北,
T,21,0556,復興,一
T,21,0801,萬建,
T,21,0802,佳興,
T,21,0803,六根,
T,21,0804,佳農,
T,21,0805,昌北,
T,21,0806,昌東,
T,21,0807,昌南,
T,21,0808,玉光,
T,21,0809,石光,
T,21,0821,武丁,
T,21,0822,武新,
T,21,0823,新埔,
T,21,0824,賴家,
T,21,0825,內館,
T,21,0865,塭仔,
T,21,0871,上埔頭,
T,22,0543,琉球,
T,22,0567,白沙,
T,22,0568,本漁,
T,22,0569,花矸,
T,22,0570,相埔,
T,22,0571,天台,
T,22,0572,大寮,
T,22,0573,大南,
T,23,0614,四重溪,
T,23,0615,保力,保力
T,23,0616,保力,山腳
T,23,0617,保力,竹社
T,23,0618,海口,
T,23,0620,射寮,
T,23,0676,興安,
T,23,0677,田中,
T,23,0678,新海口,
T,23,0679,興統,
T,23,0680,新車城,
T,23,0687,保新,
T,23,0691,尖山,
T,23,0692,水坑,
T,23,0693,海口山,
T,23,0694,石門埔,
T,23,0695,南勢湖山,
T,23,0725,射埔,
T,24,0622,滿州,
T,24,0623,林,
T,24,0624,港口,
T,24,0625,九棚,
T,24,0626,九個厝,
T,24,0627,束,
T,24,0628,射麻裡,
T,24,0696,大崎頂,
T,24,0697,加都魯,
T,24,0698,老佛山,
T,24,0699,九龍山,
T,24,0700,大山母,
T,24,0701,欖仁屋,
T,24,0702,鼻頭,
T,24,0703,水濁,
T,24,0722,滿林,
T,24,0723,花海,
T,24,0724,新滿州,
T,25,0629,枋山,
T,25,0630,平埔,
T,25,0631,南勢湖,
T,25,0632,莿桐腳,
T,25,0633,加祿堂,
T,25,0634,楓港,
T,25,0826,七里,
T,25,0827,新枋山,
T,25,0828,平湖,
T,25,0854,加祿,
T,25,0855,新加祿堂,
T,25,0856,平埔厝,
T,25,0863,莿桐,
T,25,0875,舊庄,
T,25,0876,楓港東,
T,26,0220,三地,
T,26,0221,安坡,
T,26,0222,阿烏,
T,26,0223,賽嘉,
T,26,0224,大社,
T,26,0225,達來,
T,26,0226,馬兒,
T,26,0227,口社,
T,26,0228,沙溪,
T,26,0229,德文,
T,26,0247,新馬兒,
T,26,0270,巴都都龍,
T,26,0271,都魯夫魯父,
T,26,0272,都風,
T,26,0273,馬發利,
T,26,0281,拉路啊路崴,
T,26,0282,祝立夫夫,
T,26,0283,度嗎尼蘭,
T,26,0284,祈雨山,
T,26,0285,拉利碧,
T,26,0286,嘎拉谷籟,
T,26,0287,古拉芙蘭,
T,26,0288,大芙峨,
T,26,0289,報霧谷,
T,26,0290,德痲利瓦利瓦,
T,26,0291,岱芙芙,
T,26,0292,搭夫搭夫,
T,26,0293,個勞,
T,26,0294,督答獁嘞,
T,26,0295,瓦拉告,
T,26,0296,督阿哇鳴,
T,26,0297,答呢地,
T,26,0298,烏力嘛吉路,
T,26,0299,督嘎薩尼蘭,
T,26,1300,督阿哇那斯,
T,26,1301,撒個薩個,
T,26,1302,嗚納嗚納峨,
T,26,1303,拉令阿蘭,
T,26,1304,薩利哇勞,
T,26,1305,巴路令啊令艾,
T,27,0230,霧臺,
T,27,0231,佳暮,
T,27,0232,阿禮,
T,27,0233,去怒,
T,27,0234,好茶,
T,27,0235,大武,
T,27,0257,賀山,
T,27,0258,倫原,
T,27,0259,一場,
T,27,0260,歡喜,
T,27,0261,邊捕,
T,27,0262,大捕,
T,27,0263,魯南,
T,27,0264,拉夏,
T,27,0265,知山,
T,27,0266,境界,
T,27,0267,喬國,
T,27,0268,拉次,
T,27,0269,亞妮,
T,27,1306,拉布阿呢,
T,27,1307,巴拉茲,
T,27,1308,烏朱魯,
T,27,1309,拉布來來來呀,
T,27,1310,伯日呢個,
T,27,1311,古巴布啊布依,
T,27,1312,得啊呢,
T,27,1313,古拉瓦薩呢,
T,27,1314,阿巴斯,
T,27,1315,卡打打那呢,
T,27,1316,阿魯啊呢,
T,27,1317,卡里烏紮呢,
T,27,1318,巴拉烏紮呢,
T,27,1319,得布得絲,
T,27,1320,搭巴魯拉魯拉,
T,28,0358,瑪家,
T,28,0359,北葉,
T,28,0360,涼山,
T,28,0361,筏灣,
T,28,0362,佳義,
T,28,0363,永樂,
T,28,0483,八大源,
T,28,0484,以馬翁,
T,28,0485,勒娃瞪,
T,28,0486,都達達樂,
T,29,0364,泰武,
T,29,0365,萬安,
T,29,0366,佳平,
T,29,0367,平和,
T,29,0368,武潭,
T,29,0369,佳興,
T,29,0374,新平和,
T,29,0487,代竹瓦竹瓦,
T,29,0488,富給得,
T,29,0489,比悠瑪,
T,29,0494,達瓦力可遶,
T,29,0495,立瓦登,
T,29,0496,大拉瓦拉瓦,
T,29,0497,西阿路,
T,29,0498,代柱瓦,
T,29,0499,得布克,
T,29,1500,突阿拉印,
T,29,1501,熱棟,
T,30,0370,來義,
T,30,0371,文樂,
T,30,0372,白鷺,
T,30,0373,丹林,
T,30,0375,望嘉,
T,30,0376,南和,
T,30,0377,古樓,
T,30,0378,義林,
T,30,0447,古社,
T,31,0379,春日,
T,31,0380,力里,
T,31,0381,力南,
T,31,0382,歸崇,
T,31,0383,古華,
T,31,0384,七佳,
T,31,0385,士文,
T,31,0386,士文,一
T,31,0403,春日,一
T,31,0404,春日,二
T,31,0405,歸崇,一
T,31,0812,烏福勒,
T,31,0818,大漢,
T,31,0829,久雅住,
T,31,0830,卡細优拉雅,
T,31,0831,補地滋,
T,31,0832,馬路法瑞,
T,31,0833,古哇巴樂,
T,31,0834,古拉拉奧,
T,31,0835,佳烏力拿瑪,
T,32,0635,草埔,
T,32,0636,外獅,
T,32,0637,楓林,
T,32,0638,竹坑,
T,32,0639,丹路,
T,32,0640,獅子,
T,32,0641,新路,
T,32,0642,內文,
T,32,0643,南世,
T,32,0644,巴士墨,
T,32,0645,內獅,
T,32,0646,古道,
T,32,0647,鐵勁,
T,32,0810,南世,一
T,32,0811,雙流,
T,32,0813,拼得樂,
T,32,0814,茶卡啦,
T,32,0815,痲里巴,
T,32,0816,阿拉非,
T,32,0817,里龍西,
T,32,0836,麻优高,
T,32,0837,崩崁,
T,32,0838,阿优豐,
T,32,0839,霧里乙,
T,32,0840,佳歐夫,
T,32,0841,苦來油,
T,32,0842,耶美須,
T,32,0843,口坑,
T,32,0844,大牛坑,
T,32,0845,塔加寮,
T,32,0846,獅子頂,
T,32,0847,路知可,
T,32,0848,家新路,
T,32,0849,里龍,
T,32,0850,枋野,
T,32,0851,婆豬古,
T,32,0852,壽卡,
T,32,0853,內海,
T,32,0858,瀑麻漾,
T,32,0859,依泥日安,
T,32,0860,沙烏古,
T,32,0861,郎萊,
T,33,0648,四林,
T,33,0649,東源,
T,33,0650,牡丹,
T,33,0651,旭海,
T,33,0652,石門,
T,33,0653,高士,
T,33,0654,牡丹灣,
T,33,0655,四林格,
T,33,0656,高士佛,
T,33,0657,頂加芝,
T,33,0658,八瑤,
T,33,0664,大梅,
T,33,0665,汝乃,
T,33,0666,里龍東,
T,33,0684,阿可里央,
T,33,0686,依卡烏蘇灣,
T,33,0704,發拉佳,
T,33,0705,奇黑呀,
T,33,0706,佳佛勒,
T,33,0707,佳路弓,
T,33,0708,佳拉烏忍,
T,33,0709,馬路里耐,
T,33,0710,卡勒的布,
T,33,0711,佳阿烏,
T,33,0712,卡茲達斯,
T,33,0713,奇發發烏,
T,33,0714,佳力普古,
T,33,0715,卡佳佳南,
T,33,0716,普力姆,
T,33,0717,馬查出可斯,
T,33,0718,奇卡佳,
T,33,0719,久路發尤,
T,33,0720,沙里央,
T,03,1039,大東一,
T,25,0877,新楓港,
T,03,1040,後寮溪,
T,08,1714,大坵,
T,13,1545,溝底,
T,13,1546,竹圍,
T,09,1349,載興,
T,09,1350,光明,
T,04,0735,新僑勇,
T,04,0736,頂水泉,
T,04,0737,白砂,
T,11,1351,公平,
T,11,1352,蕉場,
T,03,1041,東隆,
T,25,0878,楓港西,
T,32,0879,竹林,
T,32,0880,凱地,
T,13,1547,八壽,
T,14,1548,龍門,
T,01,1715,光明,
T,01,1716,機場,
T,08,1717,九明,
T,04,0738,一心,
T,09,1353,潮厝,
T,11,1354,泰福,
T,11,1355,新豐,
T,11,1356,大山,
T,03,1042,新帝,一
T,03,1043,福德,
T,16,0881,玉泉,
T,31,0882,佳樂喜,
T,01,1719,大溪,
T,01,1720,北平,
T,11,1357,大山寮,
T,11,1358,公園,
T,11,1359,萬興,
T,11,1360,源興,
T,04,0739,四溝,
T,13,1549,科大,
T,13,1550,東片,
T,30,1502,武拉拉烏,
T,30,1503,巴楞蹦,
T,30,1504,拉佳,
T,30,1505,阿福隆灣,
T,30,1506,盧瑪盧麥,
T,30,1507,祈母土斯,
T,30,1508,吉沙巴帝亞,
T,30,1509,遮蔽亞蘭,
T,30,1551,新古樓,
T,03,1044,新信,一
T,17,1045,南龍,一
T,01,1721,大武營,
T,17,1046,鹽洲,一
T,01,1722,新清溪,
T,05,1723,興化,
T,13,1552,新隘寮,
T,13,1553,新展,
T,13,1554,竹山,
T,13,1555,山水,
T,14,1556,保隆,
T,04,0740,龍鑾,
T,31,0884,新七佳,
T,16,0883,枋農,
T,08,1724,九智,一
T,08,1725,九和,一
U,01,0007,民生,
U,01,0010,北濱,
U,01,0021,樹人,
U,01,0004,主商,
U,01,0009,福德,
U,01,0006,主權,
U,01,0005,福安,
U,01,0008,福祥,
U,01,0015,明義,
U,01,0011,林森,
U,01,0012,國風,
U,01,0014,美港,
U,01,0018,民意,
U,01,0020,民心,
U,01,0016,民享,
U,01,0019,民勤,
U,01,0022,民德,
U,01,0013,德安,
U,01,0002,德興,
U,01,0001,豐村,
U,01,0003,嘉禾,
U,01,0017,富國,
U,01,0084,美崙,
U,01,0024,莊敬,
U,01,0025,裕民,
U,01,0023,自強,
U,01,0081,碧雲,
U,01,0082,國光,
U,01,0095,民孝,
U,01,0097,國民,
U,01,0098,國股,
U,01,0099,國強,
U,01,0100,國興,
U,01,0435,慈惠,一
U,01,0083,花蓮港,
U,01,0157,民生,民生
U,01,0101,慈濟,
U,01,0110,四維,
U,01,0111,功學,
U,01,0112,慈雲,
U,01,0113,石壁,
U,02,0200,光復,
U,02,0204,富田,
U,02,0201,大安,
U,02,0290,富豐,
U,02,0289,大興,
U,02,0288,大和,
U,02,0287,大豐,
U,02,0282,大全,
U,02,0281,新庄,
U,02,0280,水廣,
U,02,0277,大馬,
U,02,0245,馬佛,
U,02,0244,西富,
U,02,0243,砂荖,
U,02,0242,達莫,
U,02,0241,溪州,
U,02,0239,東富,
U,02,0240,太巴塱,
U,02,0901,管真,
U,02,0900,加禮灣,
U,02,0299,大農,
U,02,0298,南富,
U,02,0297,阿托莫,
U,02,0294,加里洞,
U,02,0202,大平,
U,02,0203,大富,
U,03,0305,玉泉,
U,03,0304,玉城,
U,03,0301,大禹,
U,03,0302,玉昌,
U,03,0303,玉璞,
U,03,0300,三民,
U,03,0349,禹東,
U,03,0348,東豐,
U,03,0309,樂合,
U,02,0922,大華,
U,03,0308,觀音山,
U,03,0307,春日,
U,03,0306,玉里,
U,03,0310,長良,
U,03,0311,永安,
U,03,0347,三義,二
U,03,0703,禹西,
U,03,0701,禹中,
U,03,0700,酸柑,
U,03,0399,玉東,
U,03,0386,大科山,
U,03,0368,東豐,東豐
U,03,0366,禹北,
U,03,0365,松浦,
U,03,0364,禹東,一
U,03,0714,石岡山,
U,03,0713,赤柯山,
U,03,0712,馬太林山,
U,03,0711,船山,
U,03,0710,永良,
U,03,0709,民南,
U,03,0345,三義,
U,03,0346,三義,一
U,03,0339,源城,
U,03,0706,民北,
U,03,0766,高寮南,
U,04,0026,新城,
U,04,0029,平野,
U,04,0027,北埔,
U,04,0028,加禮,
U,04,0031,嘉平,
U,04,0030,中正,
U,04,0032,嘉新,
U,04,0467,廣安,
U,04,0431,大漢,
U,04,0430,康樂,
U,04,0429,樹林,
U,04,0140,新興,
U,04,0120,草林,
U,04,0079,嘉南,
U,04,0080,嘉北,
U,04,0114,佳林,
U,04,0115,佳東,
U,04,0118,興海,
U,04,0117,興田,
U,04,0119,順安,
U,04,0116,天佑,
U,04,0466,山廣,
U,04,0468,佳山,
U,05,0033,吉安,
U,05,0034,田浦,
U,05,0035,南埔,
U,05,0036,化仁,
U,05,0038,宜昌,
U,05,0037,廣榮,
U,05,0041,仁義,
U,05,0136,光學,
U,05,0135,光明,
U,05,0134,仁愛,
U,05,0133,仁和,
U,05,0132,光中,
U,05,0131,海濱,
U,05,0130,東昌,
U,05,0129,廣賢,
U,05,0106,光華,
U,05,0138,光英,
U,05,0139,光華,二
U,05,0137,光輝,
U,05,0042,宜安,
U,05,0039,慈安,
U,05,0040,仁禮,
U,05,0043,宜寧,
U,05,0073,仁廉,
U,05,0077,福興,
U,05,0076,慶豐,
U,05,0074,仁恥,
U,05,0128,干城,
U,05,0127,草芬,
U,05,0126,南華,
U,05,0125,華興,
U,05,0124,福南,
U,05,0123,福吉,
U,05,0122,永興,
U,05,0121,永安,
U,05,0075,太昌,
U,05,0102,慈勝,
U,05,0078,稻香,
U,05,0103,慈惠,
U,05,0104,吉興,
U,05,0105,稻園,
U,06,0045,豐田,
U,06,0046,志學,
U,06,0464,潭南,
U,06,0463,萬富,
U,06,0462,萬豐,
U,06,0461,農墾,
U,06,0456,溪頭,
U,06,0455,溪南,
U,06,0454,鯉魚潭,
U,06,0453,精鐘,
U,06,0452,大湖腳,
U,06,0451,溪口,
U,06,0450,豐南,
U,06,0449,大坪,
U,06,0448,華東,
U,06,0447,榮光,
U,06,0446,忠孝,
U,06,0445,吳全,
U,06,0444,平和,
U,06,0443,東華,
U,06,0442,路內,
U,06,0441,豐東,
U,06,0440,豐裡,
U,06,0439,豐山,
U,06,0438,壽農,
U,06,0434,志新,
U,06,0433,烏杙,
U,06,0176,下芳寮,
U,06,0175,下蕃薯寮,
U,06,0174,草竹坑,
U,06,0173,北坑頭,
U,06,0172,賀田,
U,06,0156,草鼻,
U,06,0155,米棧,
U,06,0154,上月,
U,06,0153,明月,
U,06,0152,下月,
U,06,0151,牛山,
U,06,0150,中坑,
U,06,0149,北坑,
U,06,0148,鹽寮,
U,06,0147,山嶺,
U,06,0145,荖溪,
U,06,0144,池南,
U,06,0143,潭北,
U,06,0109,芳寮,
U,05,0486,五十甲,
U,06,0047,治平,
U,06,0044,壽,
U,06,0048,月眉,
U,06,0049,水璉,
U,06,0072,豐坪,
U,06,0088,東升,
U,06,0085,萬壽,
U,06,0094,三農,
U,06,0086,萬壽,二
U,06,0087,東明,
U,06,0091,共和,
U,06,0092,沼田,
U,06,0093,政明,
U,06,0089,萬壽,一
U,06,0090,光榮,
U,06,0108,番薯寮,
U,06,0107,南坑,
U,06,0096,萬壽,三
U,06,0141,壽月,
U,06,0497,志平,
U,07,0208,萬里橋,
U,07,0207,山興,
U,07,0209,榮東,
U,06,0465,壽山,
U,07,0206,林田,
U,07,0205,鳳林,
U,07,0210,榮花,
U,07,0292,中興,
U,07,0286,中心埔,
U,07,0285,長橋,
U,07,0252,鳳義,
U,07,0251,南平,
U,07,0250,鳳信,
U,07,0249,大榮,
U,07,0248,北林,
U,07,0247,水車,
U,07,0246,林榮,
U,07,0229,榮昌,
U,07,0228,榮開,
U,07,0284,森榮,
U,07,0283,鳳榮,
U,07,0278,綜開,
U,07,0253,鳳凰,
U,07,0211,榮發,
U,07,0225,鳳仁,
U,07,0226,鳳光,
U,07,0227,鳳明,
U,07,0907,兆豐,
U,07,0908,中原,
U,08,0216,石梯,
U,08,0212,豐濱,
U,08,0237,長虹,
U,08,0236,秀山,
U,08,0235,石門,
U,08,0234,豐仁,
U,08,0233,豐義,
U,08,0232,東興,
U,08,0231,新豐,
U,08,0230,浴海,
U,08,0218,靜浦,
U,08,0217,大港口,
U,08,0213,新社,
U,08,0214,臨海,
U,08,0215,海濱,
U,08,0918,丁仔漏,
U,08,0921,石梯坪,
U,09,0312,富源,
U,09,0313,富源,可汗
U,09,0387,大奇山,
U,09,0367,烏漏,
U,09,0362,掃叭頂,
U,09,0361,南岡,
U,09,0337,瑞良,
U,09,0314,富興,
U,09,0316,鶴岡,
U,09,0315,瑞穗,
U,09,0317,舞鶴,
U,09,0318,奇美,
U,09,0333,瑞燕,
U,09,0334,瑞美,
U,09,0335,瑞泉,
U,09,0717,新瑞山,
U,09,0716,加萊坑山,
U,09,0708,興北,
U,09,0707,興南,
U,09,0705,源北,
U,09,0704,源南,
U,09,0360,北岡,
U,09,0338,瑞強,
U,09,0336,瑞新,
U,09,0761,新舞鶴,
U,09,0760,舞鶴東,
U,10,0319,大里,
U,10,0320,東竹,
U,10,0342,中興,
U,10,0341,石牌,
U,10,0340,明里,
U,10,0730,四維,
U,10,0729,安土掘山,
U,10,0728,成廣澳山,
U,10,0727,大莊越山,
U,10,0720,富長,
U,10,0726,富田,
U,10,0702,羅山,
U,10,0369,永豐,
U,10,0363,學田,
U,10,0359,竹田,
U,10,0357,學園,
U,10,0356,萬寧,
U,10,0355,農場,
U,10,0354,東里,
U,10,0353,大庄,
U,10,0352,吳江,
U,10,0351,富農,
U,10,0350,安通,
U,10,0344,富安,
U,10,0343,中平,
U,10,0358,新興,
U,10,0321,富里,
U,10,0322,堺,
U,11,0050,秀林,
U,11,0051,富世,
U,11,0055,洛韶,
U,11,0061,景美,
U,11,0064,榕樹,
U,10,0783,六十石山,
U,11,0070,水源,
U,11,0052,和平,
U,10,0782,埔頭,
U,11,0060,合歡,
U,11,0059,清水,
U,11,0063,天祥,
U,11,0068,文蘭,
U,11,0062,三棧,
U,11,0065,佳民,
U,11,0056,慈恩,
U,11,0057,崇德,
U,11,0066,大禮,
U,11,0067,銅門,
U,11,0054,陶樸閣,
U,11,0053,愚堀,
U,11,0058,瀧澗,
U,11,0069,重光,
U,11,0164,武陵,
U,11,0163,能高,
U,11,0162,盤石,
U,11,0161,檜林,
U,11,0160,南奇萊,
U,11,0159,萬善,
U,11,0158,天長,
U,11,0146,克來寶,
U,11,0071,克寶山,
U,11,0186,望台,
U,11,0185,西吉南,
U,11,0184,波浪,
U,11,0183,比林,
U,11,0182,文迷,
U,11,0181,武那志,
U,11,0180,騾馬望,
U,11,0179,北南,
U,11,0178,琴山,
U,11,0403,朝瞰山,
U,11,0402,曉星山,
U,11,0401,三角錐,
U,11,0400,杵望山,
U,11,0199,右岸山,
U,11,0198,卡來萬,
U,11,0197,白葉,
U,11,0196,夫婦,
U,11,0195,嵐山,
U,11,0420,江口山,
U,11,0419,南酬山,
U,11,0418,立霧,
U,11,0417,北奇萊,
U,11,0416,屏風山,
U,11,0415,松雪樓,
U,11,0414,關原,
U,11,0413,慈航橋,
U,11,0412,碧綠,
U,11,0473,長春,
U,11,0472,砂卡檔,
U,11,0471,千里眼山,
U,11,0470,板下,
U,11,0469,飛田盤山,
U,11,0460,荖腦山,
U,11,0459,木瓜南山,
U,11,0458,娑婆礑,
U,11,0457,佐倉,
U,11,0437,下崇德,
U,11,0436,上崇德,
U,11,0432,民有,
U,11,0428,慈母橋,
U,11,0427,燕子口,
U,11,0426,布洛灣,
U,11,0425,綠水,
U,11,0424,研海,
U,11,0423,人道山,
U,11,0422,榮山,
U,11,0421,帕托魯,
U,11,0411,新白楊,
U,11,0410,文山,
U,11,0409,嵩山,
U,11,0408,羊頭山,
U,11,0407,無名山,
U,11,0406,中央尖,
U,11,0405,南湖山,
U,11,0404,雞鳴山,
U,11,0194,龍溪,
U,11,0192,塔山,
U,11,0193,豬股,
U,11,0191,太主,
U,11,0190,杜錦,
U,11,0189,奇萊,
U,11,0188,清昌溪,
U,11,0187,大檜,
U,11,0177,煙冠,
U,11,0171,白鮑溪,
U,11,0170,大景,
U,11,0169,木瓜,
U,11,0168,哈崙,
U,11,0167,牡丹岩,
U,11,0166,桃源,
U,11,0165,見晴台,
U,11,0499,克尼布,
U,12,0219,萬榮,
U,12,0221,見晴,
U,11,0498,大清水,
U,12,0224,紅葉,
U,12,0255,二子山,
U,12,0257,瞭望台,
U,12,0259,萬安,
U,12,0268,鞍溪,
U,12,0267,鞍南,
U,12,0266,加農溪,
U,12,0265,馬太鞍,
U,12,0264,王武塔,
U,12,0263,大觀,
U,12,0262,高嶺,
U,12,0261,安東,
U,12,0260,西晴,
U,12,0903,新白陽,
U,12,0902,支亞干,
U,12,0296,虎林,
U,12,0291,西寶,
U,12,0279,可汗,
U,12,0276,迪佳山,
U,12,0275,虎頭山,
U,12,0274,拔子,
U,12,0272,嶺南,
U,12,0271,望溪,
U,12,0270,大石公,
U,12,0269,丹大山,
U,12,0258,清溪,
U,12,0256,安山,
U,12,0254,富世岳,
U,12,0223,馬遠,
U,12,0222,明利,
U,12,0220,西林,
U,13,0325,山里,
U,13,0324,立山,
U,13,0383,班喀,
U,13,0382,腦寮,
U,13,0381,山風,
U,13,0380,瓦拉米,
U,13,0379,三叉山,
U,13,0378,南雙頭山,
U,13,0377,大分,
U,13,0376,大水窟,
U,13,0375,米亞桑,
U,13,0741,崙天,
U,13,0738,三興,
U,13,0739,大福,
U,13,0735,拉庫拉庫,
U,13,0734,大里仙山,
U,13,0733,南安,
U,13,0725,新吞山,
U,13,0724,和留山,
U,13,0394,尼克列,
U,13,0737,舞樂山,
U,13,0736,巴瓦薩庫,
U,13,0740,白端,
U,13,0393,豐坪溪,
U,13,0392,無雙,
U,13,0391,丹大山,
U,13,0390,玉林橋,
U,13,0389,生保,
U,13,0388,江布南山,
U,13,0385,龍泉,
U,13,0384,布拉克桑山,
U,13,0723,迪佳山,
U,13,0722,馬立雲山,
U,13,0721,虎山,
U,13,0398,新康山,
U,13,0397,他尾羅山,
U,13,0396,苗圃,
U,13,0395,草古安山,
U,13,0374,馬霍拉斯,
U,13,0373,馬西桑,
U,13,0372,喀西帕南山,
U,13,0371,塔洛米,
U,13,0370,鹿鳴,
U,13,0332,新生,
U,13,0331,石平,
U,13,0326,太平,
U,12,0906,古努安,
U,12,0914,悅付南,
U,13,0323,崙山,
U,13,0328,卓樂,
U,13,0329,清水,
U,13,0327,卓溪,
U,13,0330,古風,
U,03,0715,安通山,
U,03,0744,德武,
U,03,0745,神農,
U,03,0746,泰林,
U,09,0718,奇密山,
U,09,0719,里牙津山,
U,09,0748,瑞北,
U,09,0749,瑞祥,
U,03,0747,高寮,
U,03,0752,玉璞,玉璞一
U,11,0474,論外山,
U,11,0475,陶塞,
U,11,0476,德布克,
U,11,0477,玻士岸,
U,11,0478,太魯閣,
U,11,0479,帛士林,
U,11,0480,古魯社,
U,05,0142,初音,
U,05,0484,白雲,
U,05,0485,福華,
U,02,0909,馬山,
U,02,0910,麗太,
U,02,0912,巴朗,
U,07,0293,箭瑛,
U,07,0295,山崎,
U,08,0238,三富,
U,12,0904,萬寶,
U,12,0905,萬利,
U,02,0911,利哈岸,
U,11,0481,道拉斯,
U,11,0482,克尼坡,
U,11,0487,布拉旦,
U,03,0753,玉璞,玉璞二
U,03,0754,麻汝,
U,02,0917,大安,大安一
U,08,0273,八里灣,
U,08,0913,秀朗,
U,11,0488,加灣,
U,11,0489,格督尚,
U,11,0490,上水源,
U,03,0755,滿自然,
U,03,0756,東豐南,
U,03,0757,哈拉灣,
U,11,0491,下水源,
U,09,0750,溫泉,
U,09,0751,青蓮,
U,03,0758,安坐,
U,01,0494,民意,民意
U,11,0492,依柏合,
U,03,0759,宮前,
U,03,0762,新大禹,
U,03,0763,神社,
U,03,0764,水源,
U,03,0765,舊田,
U,08,0915,宮下,
U,11,0493,德姆南,
U,02,0919,馬錫山,
U,10,0731,麻荖漏山,
U,10,0732,豐南,
U,10,0767,馬里旺,
U,10,0768,富南,
U,10,0769,鱉溪,
U,02,0920,嘉羅蘭,
U,08,0916,磯崎,
U,11,0495,柏拉腦,
U,11,0496,下台地,
U,10,0770,富山,
U,10,0771,吉拉米代,
U,10,0773,泥火山,
U,10,0774,後湖,
U,10,0775,富豐,
U,10,0776,蚊子洞,
U,10,0777,木瓜山,
U,10,0778,福岡,
U,10,0779,新莊,
U,10,0780,溪埔,
U,10,0781,東寧,
U,09,0784,大肚華,
U,09,0785,梧繞,
U,09,0786,谷優,
U,09,0787,屋拉力,
U,09,0788,青山,
U,12,0923,里烈可,
U,11,0500,德列克,
U,09,0789,下奇美,
U,03,0772,玉城,玉城一
U,03,0790,玉城,玉城二
U,03,0791,玉璞,玉璞三
U,11,0501,谷那,
U,09,0792,上奇美,
U,09,0793,過河,
U,09,0794,猴子山,
U,03,0795,末廣,
U,11,0502,伊新,
U,05,0504,永新,
U,13,0742,秀巒山,
V,01,0001,台東,
V,01,0002,馬蘭,
V,01,0003,豐樂,
V,01,0006,知本,
V,01,0004,豐田,
V,01,0005,卑南,
V,01,0007,石山,
V,01,0026,中正,
V,01,0027,中心,
V,01,0028,中山,
V,01,0032,自強,
V,01,0029,新生,
V,01,0030,永樂,
V,01,0031,光明,
V,01,0033,新園,
V,01,0039,康樂,
V,01,0037,建業,
V,01,0036,建國,
V,01,0038,建興,
V,01,0051,豐年,
V,01,0035,豐谷,
V,01,0034,豐榮,
V,01,0044,東海,
V,01,0042,常德,
V,01,0041,大業,
V,01,0043,梧州,
V,01,0045,東谷,
V,01,0040,東農,
V,01,0047,岩灣,
V,01,0046,建成,
V,02,0107,新港,新港
V,02,0105,新港,白蓮
V,02,0106,新港,芝田
V,02,0108,新港,八邊
V,02,0104,小湊,美山
V,02,0103,小湊,小港
V,02,0102,小湊,石傘
V,02,0139,小湊,
V,02,0101,大濱,重安
V,02,0100,大濱,宜灣
V,02,0111,都歷,都歷
V,02,0110,都歷,豐田
V,02,0109,嘉平,
V,02,0112,小馬,
V,02,0135,忠勇,
V,02,0133,忠仁,
V,02,0134,忠智,
V,02,0136,三民,
V,02,0137,成功,
V,03,0200,關山,
V,03,0201,月野,
V,03,0202,日出,
V,03,0222,月美,
V,03,0227,里壠,
V,03,0225,中福,
V,03,0224,豐泉,
V,03,0226,南山,
V,04,0009,利家,
V,04,0008,初鹿,
V,04,0013,富源,
V,04,0012,上原,
V,04,0015,鎮樂,
V,04,0011,檳榔,
V,04,0010,加路蘭,
V,04,0014,大南,
V,05,0300,大武,
V,05,0303,大鳥,
V,05,0301,大竹,
V,05,0302,南興,
V,06,0304,太麻里,
V,06,0305,美和,
V,06,0306,香蘭,
V,06,0310,華源,
V,06,0308,大王,
V,06,0312,金星,
V,06,0311,多良,
V,06,0309,金崙,
V,06,0307,泰和,
V,06,0313,北太麻里,
V,06,0338,泰王,
V,06,0337,北橋,
V,06,0340,泰德,
V,06,0339,德其,
V,07,0115,大馬,
V,07,0113,高原,
V,07,0116,佳里,
V,07,0117,八里,
V,07,0118,都蘭,
V,07,0114,北源,
V,07,0132,萬年,
V,07,0147,東河,
V,07,0148,南河,
V,08,0124,長濱,
V,08,0130,寧埔,石寧埔
V,08,0131,寧埔,膽
V,08,0128,城山,八桑安
V,08,0127,城山,彭仔存
V,08,0129,城山,僅那鹿角
V,08,0125,中濱,掃別
V,08,0126,中濱,竹湖
V,08,0122,三間,三間
V,08,0121,三間,大來
V,08,0123,真柄,
V,08,0119,樟原,大峰峰
V,08,0120,樟原,姑仔律
V,08,0150,濱海,
V,08,0149,長光,
V,08,0151,仰光,
V,09,0203,鹿野,
V,09,0204,大原,
V,09,0223,永安,
V,09,0228,高台,
V,09,0235,龍田,
V,09,0234,中華,
V,09,0236,新源,
V,09,0237,瑞里,
V,10,0205,池上,
V,10,0206,新開園,
V,10,0207,萬安,水墜
V,10,0221,萬安,萬安
V,10,0230,福文,
V,10,0233,大埔,
V,10,0229,福原,
V,10,0231,慶福,
V,10,0232,大同,
V,11,0017,中寮,
V,11,0016,南寮,
V,11,0018,公舘,
V,12,0208,鸞山,
V,12,0209,康源,
V,12,0210,紅葉,
V,12,0212,武陵,
V,12,0211,永陵,
V,13,0213,海端,
V,13,0214,紅石,
V,13,0219,崁頂,
V,13,0215,加拿,
V,13,0220,利稻,
V,13,0218,霧鹿,
V,13,0217,向陽,
V,13,0216,廣原,
V,14,0314,安朔,
V,05,0316,加羅坂,
V,14,0324,新興,
V,14,0320,南田,
V,14,0318,新化,
V,14,0317,森永,
V,14,0321,土坂,
V,14,0322,台坂,
V,14,0323,拉力坂,
V,14,0319,紹雅,
V,05,0315,愛國,
V,14,0335,中興,
V,15,0327,嘉蘭,
V,15,0325,比魯,
V,15,0330,壢坵,
V,15,0329,金灣,
V,15,0328,介達,
V,15,0333,馬武,
V,15,0331,崑崙,
V,15,0332,大蘭,
V,15,0334,金峰,
V,15,0326,賓茂,
V,15,0336,金山,
V,15,0341,正興,
V,16,0021,椰油,
V,16,0020,漁人,
V,16,0022,朗島,
V,16,0024,東清,
V,16,0019,野銀,
V,16,0023,紅頭,
V,16,0025,小蘭嶼,
V,01,0049,永清,
V,01,0048,南清,
V,01,0050,中清,
V,01,0052,豐富,
V,13,0247,下馬,
V,05,0342,復興,
V,05,0343,尚武,
V,06,0344,金富,
V,06,0345,北溪,
V,06,0346,荒野,
V,06,0347,秀山,
V,04,0053,建樂,
V,07,0152,隆昌,
V,04,0054,稻葉,
V,04,0055,牧場,
V,04,0056,文泰,
V,04,0057,美濃,
V,04,0058,頂岩灣,
V,04,0059,後湖,
V,04,0060,三塊厝,
V,01,0061,順天,
V,01,0062,豐航,
V,01,0063,永豐,
V,01,0064,豐利,
V,01,0065,豐聖,
V,01,0066,德安,
V,01,0067,豐康,
V,01,0068,豐橋,
V,10,0239,南溪,
V,10,0238,北溪,
V,10,0240,大坡,
V,10,0241,錦園,
V,10,0242,富興,
V,10,0243,北興,
V,10,0244,中興,
V,10,0245,東興,
V,10,0246,南興,
V,01,0069,南王,
V,01,0070,普優瑪,
V,01,0073,豐工,
V,02,0153,高台,
V,02,0154,三仙,
V,02,0155,坪頂,
V,02,0156,仙民,
V,02,0157,富民,
V,04,0071,梅園,
V,04,0072,煙草間,
V,03,0248,德高,
V,03,0249,新福,
V,03,0250,溪埔,
V,03,0251,隆盛,
V,03,0252,西莊,
V,03,0253,水井,
V,03,0254,隆興,
V,07,0158,七里,
V,07,0159,興隆,
V,07,0160,興昌,
V,07,0161,藍寶,
V,07,0162,那界,
V,11,0074,公舘東,
V,11,0075,公舘西,
V,11,0076,上南寮,
V,11,0077,下南寮,
V,11,0078,新中寮,
V,04,0082,戶張,
V,04,0083,劍弗,
V,04,0084,拉戛,
V,04,0081,雨山,
V,04,0080,蓬萊,
V,04,0079,中之,
V,04,0086,喀達,
V,04,0085,建岡,
V,15,0353,斗里,
V,15,0354,密老,
V,15,0355,包盛,
V,15,0356,達考老,
V,15,0357,飛龍,
V,15,0358,那蘭,
V,15,0359,都大,
V,15,0360,吐魯姑,
V,15,0361,達達冷,
V,15,0362,馬勒卡,
V,15,0363,卡里布,
V,15,0364,巴拉魯,
V,15,0365,都魯木,
V,15,0366,卡麓灣,
V,12,0255,駝背山,
V,12,0256,回頭山,
V,01,0087,射馬干,
V,01,0088,建和,
V,01,0089,青林,
V,01,0090,建華,
V,01,0091,建本,
V,01,0092,建康,
V,10,0257,興富,
V,14,0348,大谷,
V,14,0349,紹家,
V,14,0350,姑子崙,
V,14,0351,佳菩安,
V,14,0352,五福谷,
V,06,0367,荖花,
V,06,0368,樂山,
V,06,0369,龍泉,
V,06,0370,金華,
V,01,0093,興安,
V,07,0163,濁水,
V,07,0164,中興,
V,07,0165,烏心石,
V,07,0166,銅礦,
V,12,0258,米拉旦,
V,12,0259,拉古斯,
V,12,0260,分比好,
V,12,0261,馬依拉,
V,12,0262,馬馬哈,
V,12,0263,巴拉斯,
V,12,0264,尼阿普,
V,12,0265,拉尼卡曼,
V,12,0266,名都汗,
V,12,0267,開利,
V,12,0268,比斯巴蘭,
V,12,0269,旦希基,
V,12,0270,卡卡尤,
V,13,0271,馬鼓意善,
V,13,0272,呼少安,
V,13,0273,一斯布斯,
V,13,0274,阿亞飛,
V,13,0275,哈巴特,
V,13,0276,哈哈烏了,
V,13,0277,馬依夫依凡,
V,13,0278,到翁谷,
V,13,0279,巴林新,
V,13,0280,馬疏巴泥麗,
V,13,0281,鋸腦男督護,
V,13,0282,拿都倫,
V,13,0283,上拉督拿虎,
V,13,0284,布努了哈力飛,
V,13,0285,汗書吧難,
V,13,0286,疏巴大難,
V,13,0287,善打拿滿,
V,13,0288,海努督難,
V,13,0289,大濛哈大了,
V,13,0290,拉拉哥大,
V,13,0291,隡卡績凡,
V,13,0292,打路汗意卡凡,
V,13,0293,卡路卡拉日,
V,13,0294,意如砍,
V,13,0295,撒拉績卡,
V,13,0296,撒卡績滿,
V,13,0297,拉馬打西信,
V,13,0298,古都母績,
V,03,0299,北庄,
V,03,0400,東明,
V,03,0401,親水,
V,06,0371,溪底,
V,06,0372,蘭里,
V,10,0402,萬朝,
V,10,0403,萬福,
V,10,0404,慶豐,
V,10,0405,大池,
V,10,0406,新興,
V,10,0407,牧野,
V,08,0167,黃金橋,
V,08,0168,八仙洞,
V,08,0169,大俱來,
V,08,0170,大霸來,
V,08,0172,東柄段,
V,08,0173,中柄段,
V,08,0174,馬稼海,
V,08,0175,城仔埔,
V,08,0176,加走灣,
V,08,0171,三間屋,
V,01,0600,北南王,
V,04,0098,澱粉,
V,04,0099,下賓朗,
V,01,0094,豐成,
V,01,0095,豐里,
V,01,0096,豐源,
V,01,0097,大豐,
V,01,0601,豐嘉,
V,01,0602,旭川,
V,01,0603,永和,
V,01,0604,南榮,
V,01,0605,上岩灣,
V,01,0606,石壁,
V,10,0408,錦富,
V,07,0180,南八里,
V,07,0179,北八里,
V,07,0178,南佳里,
V,07,0177,北佳里,
V,04,0609,千歲,
V,04,0614,呂家望,
V,04,0615,大巴六九,
V,04,0616,巴蘭,
V,01,0607,豐川,
V,01,0608,北石壁,
V,04,0617,四格,
V,04,0618,南山里,
V,04,0619,嘉豐,
V,04,0611,電廠,
V,15,0373,嘉新,
V,04,0610,民生,
V,04,0612,卡帕里瓦,
V,04,0613,比利良,
V,02,0138,大濱,
V,02,0140,新港,
V,02,0141,都歷,
V,08,0142,樟原,
V,08,0143,三間,
V,08,0144,中濱,
V,08,0145,城山,
V,08,0146,寧埔,
V,13,0410,達丹娜,
V,13,0411,達思達斯,
V,13,0412,歐卡福,
V,13,0413,布布努了,
V,13,0414,瑪啦哈散,
V,13,0415,普樂都馬日,
V,13,0416,哈利普松,
V,13,0417,北希發安恩,
V,13,0418,南希發安恩,
V,13,0419,依亞飛,
V,13,0420,達米,
V,13,0421,依沙沙,
V,13,0422,麻拿道,
V,13,0423,基那因,
V,13,0424,馬媽哈因,
V,13,0425,達扭,
V,13,0426,卡夫怒男,
V,13,0427,胡胡斯都蘭,
V,13,0428,烏海凡恩,
V,01,0621,富岡,
V,01,0622,富岡南,
V,01,0623,合江,
V,04,0620,富山,
V,14,0374,達人,
V,05,0375,笆札筏,
V,02,0181,小馬東,
V,09,0409,瑞豐,
V,11,0624,阿眉山,
V,04,0626,泰安,
V,04,0627,利泰,
V,04,0628,利卡夢,
V,04,0629,東興,
V,01,0625,新田,
V,05,0379,虎頭山,
V,02,0182,南都歷,
V,05,0378,加津林,
V,09,0429,和平,
V,12,0431,海頓阿閥安,
V,12,0432,卡拉卡拉恩安,
V,12,0433,巴吉努樂,
V,12,0434,阿撒汗,
V,12,0435,拉拔拉拔,
V,12,0436,達魯納斯,
V,12,0437,邁阿尚,
V,12,0438,頓拉蜜尚,
V,12,0439,達給阿令,
V,12,0440,拉寧阿閥安,
V,12,0441,馬斯閥努,
V,12,0442,該尼蘇恩安,
V,14,0376,台拉,
V,14,0377,都哇拔,
V,13,0430,疏拉巴坍,
V,15,0380,比努烏魯旺,
V,15,0381,卡拉達蘭,
V,15,0382,菘武落社,
V,15,0383,包霧目里,
V,15,0384,達爾朋,
V,15,0385,舊古物,
V,15,0386,舊加阿斯,
V,15,0387,魯拉克斯,
V,14,0388,抓給捕,
V,14,0389,嘎加依拿勞發,
V,14,0390,都哇發了都歌,
V,14,0391,西西哈,
V,14,0392,都哇哈都非,
V,14,0393,拉了錦,
V,14,0394,查了依斯,
V,14,0395,馬胡內乃,
V,14,0396,清水勞,
V,14,0397,卡發看,
V,14,0398,指夫安,
V,14,0399,安子夫安,
V,14,0800,朱古朱古人,
V,14,0801,沙沙西雅,
V,14,0802,給給勞,
V,02,0183,北都歷,
V,02,0184,都豐,
V,02,0185,和平南,
V,02,0186,和平北,
V,09,0443,四維,
V,05,0803,愛國蒲,
V,06,0804,大溪,
V,04,0631,明峰,
V,01,0630,興航,
V,02,0187,都靡呀仔,
V,02,0188,沙阿汝灣,
V,02,0189,嘎拉樸奈,
V,02,0190,重安溪,
V,02,0191,開眼山,
V,02,0192,吧啦飛伊喃,
V,02,0193,崎發哈鞍,
V,02,0194,加呼啦灣,
V,02,0195,馬多阿呀嗯,
V,02,0196,卡卡嘎萬,
V,02,0197,阿發呀蓋,
V,02,1029,新都威,
V,02,1030,玉港,
V,02,1031,新美山,
V,07,0198,吉樸伊賽,
V,07,0199,清水,
V,07,1000,札楞奈,
V,07,1001,紅菜寮,
V,07,1002,金都來,
V,07,1003,吉烏嚕岸,
V,07,1004,吉馬那漢,
V,07,1005,馬達吉達,
V,07,1006,馬沙沙翁,
V,07,1007,沙吉道,
V,07,1008,達卡岸,
V,07,1009,吉嚕耶旦,
V,07,1010,獅子山,
V,07,1011,八里芒,
V,07,1012,馬拉道,
V,07,1013,鳩力岸,
V,08,1014,朻櫓桿,
V,08,1015,逤菈渥滋,
V,08,1016,莎翁呢鄂水,
V,08,1017,馬拿醠嗨,
V,08,1018,嘎紮鞍,
V,08,1019,吧斯嘎旦,
V,08,1020,三間溪,
V,08,1021,真柄溪,
V,08,1022,拿阿德泛,
V,08,1023,石坑溪,
V,08,1024,巴啦鬧,
V,08,1025,發韃鞍北,
V,08,1026,發韃鞍南,
V,08,1027,塞塞雅,
V,08,1028,提歐崗,
V,03,0444,雷公火,
V,03,0454,中和,
V,09,0445,濁水溪南,
V,09,0446,泥火山,
V,09,0447,投北溪,
V,10,0448,錦園東,
V,10,0449,富興東,
V,10,0450,振興東,
V,12,0451,巴拉安,
V,12,0452,馬斯庫司,
V,12,0453,達克利斯,
V,01,0632,路頂,
V,04,0634,上源,
V,09,0455,鹿寮,
V,09,0456,隆昌,
V,09,0457,中華東,
V,09,0458,水源,
V,09,0459,源隆,
V,08,1033,烏石鼻,
V,04,0635,山里,
V,04,0636,龍過脈,
V,04,0637,斑鳩,
V,01,0633,石川,
V,03,0460,電光,
V,04,0638,利吉,
V,08,1034,玉長,
V,08,1035,八桑灣,
V,08,1036,新竹湖,
V,10,0461,水墜,
V,04,0639,福德,
V,08,1036,永福,
V,08,1037,田組,
V,07,1039,北都蘭,
V,03,0462,新日出,
V,09,0463,寶華,
V,04,0640,和平,
V,05,0805,西勢湖,
V,05,0806,新大武,
V,01,0642,湧泉,
V,09,0465,瑞和,
V,07,1040,南都蘭,
V,07,1041,阿都蘭,
V,09,0466,龍安,
V,07,1042,新大馬,
V,02,1032,沙泥灣,
V,02,1043,新八邊,
V,13,0467,新廣原,
V,02,1044,麒麟,
V,06,0807,溫泉,
V,15,0808,新歷坵,
V,01,0643,建農,
V,12,0468,新武陵,
V,12,0469,永康,
W,03,0279,奎星樓,
W,02,0280,保生,
W,02,0281,汶沙測,
W,03,0282,前水頭測,
W,03,0283,夏墅測,
W,03,0284,賢聚測,
W,03,0285,古區測,
W,03,0286,洪門港測,
W,03,0287,官路邊測,
W,05,0289,麒麟山,
W,04,0288,大橋湖峰,
W,03,0290,金門城測段,
W,03,0291,古崗村測段,
W,03,0292,珠山村測段,
W,03,0293,歐厝村測段,
W,03,0294,泗湖村測段,
W,03,0295,前山前測段,
W,03,0296,吳厝村測段,
W,03,0297,庵前村測段,
W,04,0298,后湖村測段,
W,04,0299,上后垵測段,
W,04,0300,下后垵測段,
W,01,0301,瓊義,
W,05,0302,烈新,
W,04,0303,湖尾村測,
W,04,0304,下埔下測,
W,04,0305,埔邊村測,
W,04,0306,頂埔下測,
W,04,0307,湖下村測,
W,04,0308,東洲村測,
W,04,0309,山灶村測,
W,04,0310,東坑村測,
W,04,0311,嚨口村測,
W,04,0312,安岐村測,
W,04,0313,湖南村測,
W,04,0314,榜林村測,
W,04,0315,埔后村測,
W,04,0316,后盤村測,
W,04,0317,后沙村測,
W,04,0318,昔果山測,
W,04,0319,西山村測,
W,02,0320,盤山村測,
W,04,0320,盤山村測,
W,04,0321,古寧頭測,
W,01,0322,瓊林村測,
W,01,0323,湖信測,
W,01,0324,料羅村測,
W,03,0031,城,
W,03,0032,山,
W,03,0033,山城劃,
W,03,0034,中一劃,
W,03,0035,北一劃,
W,03,0036,墅劃,
W,03,0037,金城劃,
W,03,0068,鳳翔,
W,03,0069,旗牌,
W,03,0070,烏土,
W,03,0071,莒光樓,
W,03,0072,庵前,
W,03,0073,官裡,
W,03,0074,古坵,
W,03,0075,賢厝,
W,03,0076,后豐港,
W,03,0077,舊金城,
W,03,0078,山前,
W,03,0079,古井,
W,03,0081,水頭,
W,03,0082,蜈蚣山,
W,03,0083,古崗,
W,03,0084,燕南山,
W,03,0085,珠山,
W,03,0086,東沙,
W,03,0087,歐厝,
W,03,0089,東紅山,
W,03,0090,庵前劃,
W,03,0091,古塔,
W,03,0110,小西門劃,
W,03,0111,金門城,
W,03,0112,前水頭,
W,03,0113,賢厝村,
W,03,0114,歐厝村,
W,03,0115,珠山村,
W,03,0116,庵前村,
W,03,0117,古坵村,
W,03,0118,泗湖村,
W,03,0119,前山前,
W,03,0120,夏墅村,
W,03,0121,洪門港,
W,03,0122,官路邊,
W,03,0123,吳厝村,
W,03,0125,古崗村,
W,03,0213,中一,
W,03,0214,北一,
W,03,0215,延平,
W,03,0226,小西門劃測,
W,03,0227,庵前劃測,
W,03,0256,建功嶼,
W,04,0038,寧,
W,04,0039,寧劃,
W,04,0040,寧劃中,
W,04,0041,中二劃,
W,04,0042,中三劃,
W,04,0043,北二三劃,
W,01,0044,北四劃,
W,04,0045,寧安二劃,
W,04,0046,寧安四劃,
W,04,0047,寧安五劃,
W,04,0048,寧湖一劃,
W,04,0049,寧湖二劃,
W,04,0050,寧湖三劃,
W,04,0051,寧湖六劃,
W,04,0052,寧北一劃,
W,04,0053,寧古劃,
W,01,0054,后沙劃,
W,04,0055,西堡劃,
W,04,0092,后垵,
W,04,0093,東洲,
W,04,0094,機場,
W,04,0095,寧山,
W,04,0096,中山林,
W,04,0097,青山,
W,04,0098,后盤山,
W,04,0099,西山,
W,04,0100,湖尾,
W,04,0101,大園,
W,04,0102,仁愛,
W,04,0103,長寮,
W,04,0104,煙墩,
W,04,0105,慈湖,
W,04,0106,赤岑,
W,04,0107,龍潭,
W,04,0124,鎮西,
W,04,0146,后盤村,
W,04,0147,西浦頭,
W,04,0148,后湖村,
W,04,0149,安岐村,
W,04,0150,東洲村,
W,04,0151,上后垵,
W,04,0152,昔果山,
W,04,0153,西山村,
W,04,0154,湖南村,
W,04,0155,下后垵,
W,04,0156,山灶村,
W,04,0157,下埔下,
W,04,0158,埔邊村,
W,04,0159,頂埔下,
W,04,0160,埔后村,
W,04,0161,后沙村,
W,04,0162,嚨口村,
W,04,0163,東坑村,
W,04,0164,湖下村,
W,04,0165,古寧頭,
W,04,0166,盤山村,
W,04,0167,榜林村,
W,04,0168,湖尾村,
W,04,0229,北二三劃測,
W,04,0230,中三劃測,
W,04,0231,西堡劃測,
W,04,0232,后沙劃測,
W,04,0250,寧湖二劃測,
W,01,0001,湖,
W,01,0002,湖新市,
W,01,0003,湖尚劃,
W,01,0004,中四劃,
W,01,0005,中五劃,
W,01,0006,中六劃,
W,01,0007,中七劃,
W,01,0008,中八劃,
W,01,0009,北五劃,
W,01,0010,太湖劃,
W,01,0011,榕園劃,
W,01,0012,羅劃,
W,01,0013,湖后劃,
W,01,0014,湖高劃,
W,01,0015,湖東劃,
W,01,0109,石牌,
W,01,0126,瓊林,
W,01,0127,尚義,
W,01,0128,陳坑,
W,01,0129,漁村,
W,01,0130,湖前,
W,01,0131,新頭,
W,01,0132,小徑,
W,01,0133,夏興,
W,01,0134,塔后,
W,01,0135,太武,
W,01,0136,南雄,
W,01,0137,士校,
W,01,0138,農試所,
W,01,0139,多年,
W,01,0140,峰上,
W,01,0141,料羅,
W,01,0142,庵邊,
W,01,0143,新塘,
W,01,0144,后壟,
W,01,0145,下新厝,
W,01,0211,西埔,
W,01,0212,瓊海,
W,01,0247,太湖劃測,
W,01,0248,羅劃測,
W,01,0258,北碇,
W,02,0016,沙,
W,02,0017,北六劃,
W,02,0018,沙港劃,
W,02,0019,北八劃,
W,02,0020,北九劃,
W,02,0021,北九十劃,
W,02,0022,沙溪一劃,
W,02,0023,官嶼劃,
W,02,0024,沙東劃,
W,02,0025,沙碧劃,
W,02,0026,沙宅劃,
W,02,0027,沙田劃,
W,02,0028,斗門劃,
W,02,0029,蔡厝劃,
W,02,0030,中蘭劃,
W,02,0108,浯坑劃,
W,02,0169,官澳,
W,02,0170,青嶼,
W,02,0171,西園,
W,02,0172,山后,
W,02,0173,山柄,
W,02,0174,洋山,
W,02,0175,浦邊,
W,02,0176,大山,
W,02,0177,擎天,
W,02,0178,后宅,
W,02,0179,山西,
W,02,0180,碧山,
W,02,0181,英坑,
W,02,0182,榮湖,
W,02,0183,陽宅,
W,02,0184,東珩,
W,02,0185,東店,
W,02,0186,鵲山,
W,02,0187,大洋,
W,02,0188,呂厝村,
W,02,0189,汶沙,
W,02,0190,後山前,
W,02,0191,東沙尾,
W,02,0192,新前墩,
W,02,0208,高坑劃,
W,02,0210,高陽,
W,02,0216,洋山測,
W,02,0217,浦邊測,
W,02,0218,青嶼測,
W,02,0219,浯坑劃測,
W,02,0220,西園測,
W,02,0221,后宅測,
W,02,0222,官澳測,
W,02,0223,蔡厝劃測,
W,02,0224,中蘭劃測,
W,02,0225,斗門劃測,
W,02,0249,高坑劃測,
W,02,0259,草嶼,
W,02,0260,后嶼,
W,05,0056,烈,
W,05,0057,烈濱劃,
W,05,0058,后井,
W,05,0059,中墩,
W,05,0060,后宅,
W,05,0061,南塘,
W,05,0062,東坑,
W,05,0063,黃埔,
W,05,0064,上林,
W,05,0065,西方,
W,05,0066,后頭,
W,05,0080,西方劃,
W,05,0193,九宮劃,
W,05,0194,龍骨山,
W,05,0195,公園,
W,05,0196,庵下,
W,05,0197,紅山,
W,05,0198,大山頂,
W,05,0199,前埔,
W,05,0200,福上山,
W,05,0201,陵水湖,
W,05,0202,楊厝,
W,05,0203,沙溪,
W,05,0204,東林,
W,05,0205,古廟,
W,05,0206,青岐,
W,05,0207,上庫,
W,05,0209,東面山,
W,05,0233,大山頂測,
W,05,0234,沙溪測,
W,05,0235,楊厝測,
W,05,0236,陵水湖測,
W,05,0237,前埔測,
W,05,0238,福上山測,
W,05,0239,紅山測,
W,05,0240,烈濱劃測,
W,05,0241,公園測,
W,05,0242,龍骨山測,
W,05,0243,九宮測,
W,05,0244,東面山測,
W,05,0245,西方劃測,
W,05,0246,庵下測,
W,05,0251,大膽,
W,05,0252,二膽,
W,05,0253,復興嶼,
W,05,0254,猛虎嶼,
W,05,0255,獅嶼,
W,04,0263,安西劃,
W,04,0088,后湖,
W,01,0088,后湖,
W,06,0261,大坵,
W,06,0262,小坵,
W,03,0264,祥豐,
W,01,0257,東碇,
W,01,0265,新市,
W,03,0267,祥安,
W,01,0266,山外,
W,04,0213,中一,
W,03,0268,祥瑞,
W,03,0269,祥和,
W,03,0270,北堤,
W,05,0274,東園劃,
W,01,0275,市港,
W,03,0271,城東,
W,03,0272,城西,
W,03,0273,城北,
W,02,0067,浯坑,
W,04,0034,中一劃,
W,04,0044,北四劃,
W,04,0054,后沙劃,
W,04,0228,寧劃中測,
W,02,0001,湖,
W,02,0009,北五劃,
W,03,0276,城隍廟,
W,03,0277,天后宮,
W,03,0278,城南,
X,01,0001,馬公,
X,01,0003,火燒坪,
X,01,0002,紅木埕,
X,01,0004,西衛,
X,01,0005,後窟潭,
X,01,0009,東衛,
X,01,0010,宅腳嶼,
X,01,0014,雙頭掛,
X,01,0015,烏崁,
X,01,0006,文澳,
X,01,0007,大案山,
X,01,0008,小案山,
X,01,0011,前寮,
X,01,0012,石泉,
X,01,0013,菜園,
X,01,0016,鐵線尾,
X,01,0019,鎖管港,
X,01,0020,豬母水,
X,01,0017,雞母塢,
X,01,0021,嵵裡,
X,01,0018,井子垵,
X,01,0022,風櫃尾,
X,01,0023,虎井,
X,01,0024,桶盤,
X,01,0081,埕東,
X,01,0085,埕中,
X,01,0086,埕西,
X,01,0082,文化,
X,01,0083,西澳,
X,02,0025,湖西,
X,02,0026,湖東,
X,02,0027,南寮,
X,02,0028,北寮,
X,02,0037,白猿坑,
X,02,0036,青螺,
X,02,0029,菓葉,
X,02,0030,良文港,
X,02,0031,尖山,
X,02,0032,林投,
X,02,0033,隘門,
X,02,0034,太武,
X,02,0035,大城北,
X,02,0039,紅羅罩,
X,02,0038,西溪,
X,02,0040,港底,
X,02,0041,東石,
X,02,0042,沙港,
X,02,0043,土地公前,
X,02,0044,鼎灣,
X,02,0048,中寮,
X,02,0047,西寮,
X,02,0045,潭邊,
X,02,0046,港子尾,
X,03,0060,中屯,
X,03,0053,港尾,
X,03,0061,港子,
X,03,0052,鎮海,
X,03,0058,城前,
X,03,0059,大赤崁,
X,03,0050,小赤崁,
X,03,0054,瓦硐,
X,03,0049,後寮,
X,03,0051,通梁,
X,03,0057,岐頭,
X,03,0055,鳥嶼,
X,03,0056,大倉,
X,03,0062,吉貝,
X,03,0087,姑婆嶼,
X,03,0088,險礁嶼,
X,04,0065,合界頭,
X,04,0070,橫礁,
X,04,0066,竹篙灣,
X,04,0067,大池角,
X,04,0064,二崁,
X,04,0063,小池角,
X,04,0069,緝馬灣,
X,04,0068,內垵,
X,04,0071,外垵,
X,05,0072,望安,
X,05,0074,花宅,
X,05,0073,水垵,
X,05,0075,將軍澳,
X,05,0076,嶼坪,
X,05,0078,花嶼,
X,05,0077,東吉,
X,05,0079,西吉,
X,06,0080,大嶼,
X,01,0089,光榮,
X,01,0090,文光,
X,01,0091,春暉,
X,01,0092,東澳,
X,01,0093,南澳,
X,01,0094,案山,
X,01,0095,四維,
X,01,0096,五福,
X,01,0097,六合,
X,01,0098,國宅,
X,01,0099,海堤,
X,01,0100,北極,
X,01,0101,雙湖,
X,01,0102,文石,
X,01,0103,文寮,
X,01,0104,中山,
X,01,0105,北澳,
X,01,0106,中衛,
X,01,0107,文東,
X,01,0108,安宅,
X,01,0109,光華,
X,01,0110,興崁,
X,02,0112,機場,
X,01,0111,東衛,
X,06,0113,七美一,
X,06,0114,七美二,
X,01,0115,烏崁新,
X,02,0116,隘門新,
X,02,0117,太武新,
X,01,0118,興仁,
X,01,0119,鐵線,
X,02,0120,龍門南,
X,02,0121,龍門北,
X,02,0122,林投南,
X,02,0123,林投北,
X,02,0124,尖山南,
X,02,0125,尖山中,
X,02,0126,查某嶼,
X,02,0127,龍門西,
X,01,0128,鎖港南,
X,01,0129,鎖港西,
X,01,0130,山水東,
X,01,0131,山水北,
X,01,0132,山水南,
X,01,0133,山水西,
X,01,0134,五德東,
X,05,0135,草嶼,
X,05,0136,南塭,
X,01,0144,興仁南,
X,03,0137,赤崁北,
X,03,0138,赤崁西,
X,03,0139,赤崁中,
X,03,0140,赤崁南,
X,03,0141,小赤,
X,03,0142,上瓦硐,
X,03,0143,下瓦硐,
X,03,0145,後寮南,
X,03,0146,後寮西,
X,03,0147,通梁東,
X,03,0148,通梁中,
X,03,0149,通梁南,
X,03,0150,通梁西,
X,04,0151,外垵一,
X,04,0152,外垵二,
X,04,0153,二崁南,
X,04,0154,二崁北,
X,04,0157,內垵二,
X,04,0155,外垵三,
X,04,0156,內垵一,
X,04,0158,內垵三,
X,04,0159,赤馬一,
X,01,0160,中央嶼,
X,02,0163,錠鉤嶼,
X,01,0162,雞籠嶼,
X,01,0161,四角嶼,
X,02,0164,雞善嶼,
X,02,0165,查埔嶼,
X,02,0166,香爐嶼,
X,02,0167,番黍仔尾嶼,
X,02,0168,赤嶼,
X,02,0169,溪溫,
X,02,0170,鼓架嶼,
X,02,0171,雁情嶼,
X,02,0227,太武西,
X,02,0228,成功北,
X,02,0229,成功南,
X,02,0230,城北,
X,03,0172,過嶼,
X,03,0173,鐵砧嶼,
X,03,0174,土地公嶼,
X,03,0175,大白沙嶼,
X,03,0176,金嶼,
X,03,0177,屈爪嶼,
X,03,0178,毛司嶼,
X,03,0179,北礁,
X,03,0180,白沙嶼,
X,03,0181,毛常嶼,
X,03,0182,南面掛嶼,
X,03,0183,小龍,
X,03,0184,雞頭嶼,
X,03,0185,坪嶼,
X,03,0186,草嶼一,
X,03,0187,大礁,
X,03,0188,小嶼,
X,03,0189,小屈爪,
X,03,0190,澎澎灘,
X,03,0191,流迴礁,
X,03,0192,大磽嶼,
X,03,0193,龍頭礁,
X,03,0194,順風礁,
X,03,0195,白賊嶼,
X,03,0196,小列嶼,
X,03,0197,印仔,
X,03,0198,二磽礁,
X,03,0199,半年礁,
X,03,0231,吉貝東,
X,03,0232,吉貝西,
X,03,0233,目斗嶼,
X,04,0200,海墘嶼,
X,05,0201,狗沙仔,
X,05,0202,金瓜仔礁,
X,05,0203,船帆嶼礁,
X,05,0204,後袋仔,
X,05,0205,馬鞍山嶼,
X,05,0206,大貓嶼,
X,05,0207,小貓嶼,
X,05,0208,頭巾,
X,05,0209,二塭,
X,05,0210,鋤頭嶼,
X,05,0211,鐘仔,
X,05,0212,船後礁,
X,05,0213,天台山塭,
X,05,0214,籠塭,
X,05,0215,凹門礁,
X,05,0216,北塭,
X,05,0217,白沙塭,
X,05,0218,鐵砧,
X,05,0219,香爐,
X,05,0220,柴垵塭,
X,05,0221,豬母礁,
X,05,0222,大塭,
X,05,0223,酒甕礁,
X,05,0224,南塭二,
X,05,0225,草嶼二,
X,05,0226,南塭一,
X,02,0234,沙港北,
X,02,0235,沙港南,
X,02,0236,鼎灣新,
X,02,0237,潭邊新,
X,02,0238,許家,
X,02,0239,中西,
X,02,0246,湖西北,
X,02,0247,湖西南,
X,02,0248,湖東新,
X,02,0249,南寮新,
X,02,0250,青螺新,
X,02,0251,白坑,
X,01,0240,五德西,
X,01,0241,井垵東,
X,01,0242,井垵西,
X,01,0243,嵵裡新,
X,01,0244,風櫃東,
X,01,0245,風櫃西,
X,02,0252,南寮北,
X,02,0253,南寮南,
X,02,0254,北寮新,
X,02,0255,菓葉新,
X,02,0256,龍門,
X,02,0257,尖山北,
X,02,0258,紅羅,
X,02,0259,西溪新,
X,02,0261,沙港東,
X,03,0262,中屯新,
X,03,0263,講美,
X,03,0264,城前新,
X,03,0265,鎮海新,
X,03,0266,港子西,
X,03,0267,鳥嶼新,
X,04,0268,合界,
X,04,0269,竹灣,
X,04,0270,小門,
X,04,0271,大池,
X,04,0272,池西,
X,04,0273,池東,
X,04,0274,赤馬二,
X,03,0276,港子新,
X,03,0277,岐頭新,
X,03,0278,瓦硐南,
X,04,0275,橫礁新,
X,03,0279,後寮東,
X,03,0280,後寮北,
X,01,0281,光榮新,
X,06,0282,七美三,
X,06,0283,七美四,
X,06,0284,七美五,
X,06,0285,七美六,
X,02,0260,東石新,
Z,01,0001,復興,
Z,01,0002,介壽,
Z,01,0003,福沃,
Z,01,0004,清水,
Z,01,0005,津沙,
Z,01,0006,仁愛,
Z,01,0007,珠螺,
Z,01,0008,馬祖,
Z,01,0009,四維,
Z,01,0010,黃官嶼,
Z,01,0011,劉泉礁,
Z,01,0012,鞋礁,
Z,02,0013,后沃,
Z,02,0014,塘岐,
Z,02,0015,橋仔,
Z,02,0016,芹壁,
Z,02,0017,午沙,
Z,02,0018,里,
Z,02,0019,白沙,
Z,02,0020,大坵,
Z,02,0021,無名島,
Z,02,0022,高登,
Z,02,0023,峭頭,
Z,02,0024,進嶼,
Z,02,0039,三連嶼,
Z,02,0040,中島,
Z,02,0041,白廟,
Z,02,0042,老鼠,
Z,03,0025,福正,
Z,03,0026,大坪,
Z,03,0027,田沃,
Z,03,0028,青帆,
Z,03,0029,犀牛嶼,
Z,03,0030,大嶼,
Z,03,0031,林坳,
Z,03,0032,蛇山,
Z,04,0034,西引,
Z,02,0035,亮島,
Z,02,0036,浪岩,
Z,04,0037,東引東,
Z,04,0038,東引西,
Z,04,0043,南引,
Z,04,0044,北固礁,
